candidate_id,job_id,job_title,cv_text,job_description,final_relevance_score,skill_score,semantic_cosine,semantic_score,bm25_score,hybrid_score
CAND001,JOB001,Software Engineer,"Candidate identifier: CAND001. Professional profile: Software Engineer. Education: Bachelor's degree in Business. Professional experience: 1 years. Skills: Django, REST APIs, SQL, Flask, Git, JavaScript, React, Agile, HTML, CSS. Experience evidence: developed web applications; deployed applications using Docker. The candidate has worked with team members, communicated with stakeholders and completed assigned professional tasks.","Job title: Software Engineer. Sector: Technology. Minimum experience: 2 years. Education: Bachelor's degree in Computer Science or related subject. Required skills: Python, JavaScript, Git, SQL, REST APIs, software testing. Preferred skills: Docker, AWS, React, Agile, CI/CD. Responsibilities: Develop and maintain web applications; Design and integrate REST APIs; Write automated tests; Participate in code reviews; Work within an Agile development team.",2,0.6533333333333333,0.6120310425758362,0.8060155212879181,36.73023682747917,0.7449426461060842
CAND001,JOB002,Data Analyst,"Candidate identifier: CAND001. Professional profile: Software Engineer. Education: Bachelor's degree in Business. Professional experience: 1 years. Skills: Django, REST APIs, SQL, Flask, Git, JavaScript, React, Agile, HTML, CSS. Experience evidence: developed web applications; deployed applications using Docker. The candidate has worked with team members, communicated with stakeholders and completed assigned professional tasks.","Job title: Data Analyst. Sector: Data and Analytics. Minimum experience: 2 years. Education: Bachelor's degree in Data Science, Statistics or related subject. Required skills: Python, SQL, Excel, data analysis, data visualisation, statistics. Preferred skills: Power BI, Tableau, Pandas, machine learning, dashboard development. Responsibilities: Clean and analyse organisational data; Create reports and dashboards; Identify trends and patterns; Communicate findings to stakeholders; Support evidence-based decision making.",1,0.13333333333333333,0.4386030435562134,0.7193015217781067,9.7574356870962,0.48491424640019737
CAND001,JOB003,Cybersecurity Analyst,"Candidate identifier: CAND001. Professional profile: Software Engineer. Education: Bachelor's degree in Business. Professional experience: 1 years. Skills: Django, REST APIs, SQL, Flask, Git, JavaScript, React, Agile, HTML, CSS. Experience evidence: developed web applications; deployed applications using Docker. The candidate has worked with team members, communicated with stakeholders and completed assigned professional tasks.","Job title: Cybersecurity Analyst. Sector: Cybersecurity. Minimum experience: 2 years. Education: Bachelor's degree in Cybersecurity, Computing or related subject. Required skills: network security, risk assessment, incident response, vulnerability assessment, SIEM, security monitoring. Preferred skills: penetration testing, Splunk, ISO 27001, NIST, Python, cloud security. Responsibilities: Monitor networks for security threats; Investigate security incidents; Conduct vulnerability assessments; Prepare risk and incident reports; Support security-policy implementation.",0,0.0,0.4736754894256592,0.7368377447128296,5.77915594184528,0.44210264682769773
CAND001,JOB004,IT Project Manager,"Candidate identifier: CAND001. Professional profile: Software Engineer. Education: Bachelor's degree in Business. Professional experience: 1 years. Skills: Django, REST APIs, SQL, Flask, Git, JavaScript, React, Agile, HTML, CSS. Experience evidence: developed web applications; deployed applications using Docker. The candidate has worked with team members, communicated with stakeholders and completed assigned professional tasks.","Job title: IT Project Manager. Sector: Information Technology. Minimum experience: 3 years. Education: Bachelor's degree in IT, Business or related subject. Required skills: project management, stakeholder management, risk management, budget management, Agile, communication. Preferred skills: Scrum, Jira, PRINCE2, leadership, resource planning. Responsibilities: Plan and manage technology projects; Coordinate multidisciplinary teams; Control project risks and budgets; Report progress to stakeholders; Ensure timely delivery of project objectives.",1,0.13333333333333333,0.4645947813987732,0.7322973906993866,9.992714485227083,0.49271176775296527
CAND001,JOB005,Digital Marketing Specialist,"Candidate identifier: CAND001. Professional profile: Software Engineer. Education: Bachelor's degree in Business. Professional experience: 1 years. Skills: Django, REST APIs, SQL, Flask, Git, JavaScript, React, Agile, HTML, CSS. Experience evidence: developed web applications; deployed applications using Docker. The candidate has worked with team members, communicated with stakeholders and completed assigned professional tasks.","Job title: Digital Marketing Specialist. Sector: Marketing. Minimum experience: 2 years. Education: Bachelor's degree in Marketing, Business or related subject. Required skills: digital marketing, SEO, social media marketing, content marketing, Google Analytics, campaign management. Preferred skills: Google Ads, email marketing, Canva, copywriting, conversion optimisation. Responsibilities: Plan and deliver digital marketing campaigns; Optimise website content for search engines; Manage social media channels; Analyse campaign performance; Prepare marketing-performance reports.",1,0.0,0.4910470247268677,0.7455235123634338,7.844591452395846,0.44731410741806027
CAND002,JOB001,Software Engineer,"Candidate identifier: CAND002. Professional profile: Full-Stack Developer. Education: Bachelor's degree in Data Science. Professional experience: 8 years. Skills: React, SQL, Django, CI/CD, CSS, Docker, HTML, AWS, REST APIs, Git. Experience evidence: created and integrated REST APIs; managed code using Git. The candidate has worked with team members, communicated with stakeholders and completed assigned professional tasks.","Job title: Software Engineer. Sector: Technology. Minimum experience: 2 years. Education: Bachelor's degree in Computer Science or related subject. Required skills: Python, JavaScript, Git, SQL, REST APIs, software testing. Preferred skills: Docker, AWS, React, Agile, CI/CD. Responsibilities: Develop and maintain web applications; Design and integrate REST APIs; Write automated tests; Participate in code reviews; Work within an Agile development team.",2,0.56,0.6728724241256714,0.8364362120628357,34.33781507591714,0.7258617272377015
CAND002,JOB002,Data Analyst,"Candidate identifier: CAND002. Professional profile: Full-Stack Developer. Education: Bachelor's degree in Data Science. Professional experience: 8 years. Skills: React, SQL, Django, CI/CD, CSS, Docker, HTML, AWS, REST APIs, Git. Experience evidence: created and integrated REST APIs; managed code using Git. The candidate has worked with team members, communicated with stakeholders and completed assigned professional tasks.","Job title: Data Analyst. Sector: Data and Analytics. Minimum experience: 2 years. Education: Bachelor's degree in Data Science, Statistics or related subject. Required skills: Python, SQL, Excel, data analysis, data visualisation, statistics. Preferred skills: Power BI, Tableau, Pandas, machine learning, dashboard development. Responsibilities: Clean and analyse organisational data; Create reports and dashboards; Identify trends and patterns; Communicate findings to stakeholders; Support evidence-based decision making.",1,0.13333333333333333,0.5245863199234009,0.7622931599617004,15.745740576104605,0.5107092293103536
CAND002,JOB003,Cybersecurity Analyst,"Candidate identifier: CAND002. Professional profile: Full-Stack Developer. Education: Bachelor's degree in Data Science. Professional experience: 8 years. Skills: React, SQL, Django, CI/CD, CSS, Docker, HTML, AWS, REST APIs, Git. Experience evidence: created and integrated REST APIs; managed code using Git. The candidate has worked with team members, communicated with stakeholders and completed assigned professional tasks.","Job title: Cybersecurity Analyst. Sector: Cybersecurity. Minimum experience: 2 years. Education: Bachelor's degree in Cybersecurity, Computing or related subject. Required skills: network security, risk assessment, incident response, vulnerability assessment, SIEM, security monitoring. Preferred skills: penetration testing, Splunk, ISO 27001, NIST, Python, cloud security. Responsibilities: Monitor networks for security threats; Investigate security incidents; Conduct vulnerability assessments; Prepare risk and incident reports; Support security-policy implementation.",0,0.0,0.5256419777870178,0.7628209888935089,5.793354362058822,0.45769259333610535
CAND002,JOB004,IT Project Manager,"Candidate identifier: CAND002. Professional profile: Full-Stack Developer. Education: Bachelor's degree in Data Science. Professional experience: 8 years. Skills: React, SQL, Django, CI/CD, CSS, Docker, HTML, AWS, REST APIs, Git. Experience evidence: created and integrated REST APIs; managed code using Git. The candidate has worked with team members, communicated with stakeholders and completed assigned professional tasks.","Job title: IT Project Manager. Sector: Information Technology. Minimum experience: 3 years. Education: Bachelor's degree in IT, Business or related subject. Required skills: project management, stakeholder management, risk management, budget management, Agile, communication. Preferred skills: Scrum, Jira, PRINCE2, leadership, resource planning. Responsibilities: Plan and manage technology projects; Coordinate multidisciplinary teams; Control project risks and budgets; Report progress to stakeholders; Ensure timely delivery of project objectives.",0,0.0,0.5299319624900818,0.7649659812450409,7.087427091540152,0.4589795887470245
CAND002,JOB005,Digital Marketing Specialist,"Candidate identifier: CAND002. Professional profile: Full-Stack Developer. Education: Bachelor's degree in Data Science. Professional experience: 8 years. Skills: React, SQL, Django, CI/CD, CSS, Docker, HTML, AWS, REST APIs, Git. Experience evidence: created and integrated REST APIs; managed code using Git. The candidate has worked with team members, communicated with stakeholders and completed assigned professional tasks.","Job title: Digital Marketing Specialist. Sector: Marketing. Minimum experience: 2 years. Education: Bachelor's degree in Marketing, Business or related subject. Required skills: digital marketing, SEO, social media marketing, content marketing, Google Analytics, campaign management. Preferred skills: Google Ads, email marketing, Canva, copywriting, conversion optimisation. Responsibilities: Plan and deliver digital marketing campaigns; Optimise website content for search engines; Manage social media channels; Analyse campaign performance; Prepare marketing-performance reports.",0,0.0,0.5260993242263794,0.7630496621131897,5.793354362058822,0.4578297972679138
CAND003,JOB001,Software Engineer,"Candidate identifier: CAND003. Professional profile: Full-Stack Developer. Education: Professional diploma with relevant training. Professional experience: 2 years. Skills: Flask, software testing, JavaScript, CSS, Docker, Django, HTML, React, REST APIs, Git, Python. Experience evidence: participated in Agile development; developed web applications; managed code using Git; deployed applications using Docker; created and integrated REST APIs. The candidate has worked with team members, communicated with stakeholders and completed assigned professional tasks.","Job title: Software Engineer. Sector: Technology. Minimum experience: 2 years. Education: Bachelor's degree in Computer Science or related subject. Required skills: Python, JavaScript, Git, SQL, REST APIs, software testing. Preferred skills: Docker, AWS, React, Agile, CI/CD. Responsibilities: Develop and maintain web applications; Design and integrate REST APIs; Write automated tests; Participate in code reviews; Work within an Agile development team.",3,0.7866666666666667,0.621140718460083,0.8105703592300415,39.64134314803414,0.8010088822046916
CAND003,JOB002,Data Analyst,"Candidate identifier: CAND003. Professional profile: Full-Stack Developer. Education: Professional diploma with relevant training. Professional experience: 2 years. Skills: Flask, software testing, JavaScript, CSS, Docker, Django, HTML, React, REST APIs, Git, Python. Experience evidence: participated in Agile development; developed web applications; managed code using Git; deployed applications using Docker; created and integrated REST APIs. The candidate has worked with team members, communicated with stakeholders and completed assigned professional tasks.","Job title: Data Analyst. Sector: Data and Analytics. Minimum experience: 2 years. Education: Bachelor's degree in Data Science, Statistics or related subject. Required skills: Python, SQL, Excel, data analysis, data visualisation, statistics. Preferred skills: Power BI, Tableau, Pandas, machine learning, dashboard development. Responsibilities: Clean and analyse organisational data; Create reports and dashboards; Identify trends and patterns; Communicate findings to stakeholders; Support evidence-based decision making.",1,0.13333333333333333,0.421911358833313,0.7109556794166565,11.363089859115739,0.47990674098332725
CAND003,JOB003,Cybersecurity Analyst,"Candidate identifier: CAND003. Professional profile: Full-Stack Developer. Education: Professional diploma with relevant training. Professional experience: 2 years. Skills: Flask, software testing, JavaScript, CSS, Docker, Django, HTML, React, REST APIs, Git, Python. Experience evidence: participated in Agile development; developed web applications; managed code using Git; deployed applications using Docker; created and integrated REST APIs. The candidate has worked with team members, communicated with stakeholders and completed assigned professional tasks.","Job title: Cybersecurity Analyst. Sector: Cybersecurity. Minimum experience: 2 years. Education: Bachelor's degree in Cybersecurity, Computing or related subject. Required skills: network security, risk assessment, incident response, vulnerability assessment, SIEM, security monitoring. Preferred skills: penetration testing, Splunk, ISO 27001, NIST, Python, cloud security. Responsibilities: Monitor networks for security threats; Investigate security incidents; Conduct vulnerability assessments; Prepare risk and incident reports; Support security-policy implementation.",0,0.03333333333333333,0.47129806876182556,0.7356490343809128,8.336594217003967,0.45472275396188094
CAND003,JOB004,IT Project Manager,"Candidate identifier: CAND003. Professional profile: Full-Stack Developer. Education: Professional diploma with relevant training. Professional experience: 2 years. Skills: Flask, software testing, JavaScript, CSS, Docker, Django, HTML, React, REST APIs, Git, Python. Experience evidence: participated in Agile development; developed web applications; managed code using Git; deployed applications using Docker; created and integrated REST APIs. The candidate has worked with team members, communicated with stakeholders and completed assigned professional tasks.","Job title: IT Project Manager. Sector: Information Technology. Minimum experience: 3 years. Education: Bachelor's degree in IT, Business or related subject. Required skills: project management, stakeholder management, risk management, budget management, Agile, communication. Preferred skills: Scrum, Jira, PRINCE2, leadership, resource planning. Responsibilities: Plan and manage technology projects; Coordinate multidisciplinary teams; Control project risks and budgets; Report progress to stakeholders; Ensure timely delivery of project objectives.",0,0.13333333333333333,0.48224127292633057,0.7411206364631653,6.029674986010339,0.4980057152112325
CAND003,JOB005,Digital Marketing Specialist,"Candidate identifier: CAND003. Professional profile: Full-Stack Developer. Education: Professional diploma with relevant training. Professional experience: 2 years. Skills: Flask, software testing, JavaScript, CSS, Docker, Django, HTML, React, REST APIs, Git, Python. Experience evidence: participated in Agile development; developed web applications; managed code using Git; deployed applications using Docker; created and integrated REST APIs. The candidate has worked with team members, communicated with stakeholders and completed assigned professional tasks.","Job title: Digital Marketing Specialist. Sector: Marketing. Minimum experience: 2 years. Education: Bachelor's degree in Marketing, Business or related subject. Required skills: digital marketing, SEO, social media marketing, content marketing, Google Analytics, campaign management. Preferred skills: Google Ads, email marketing, Canva, copywriting, conversion optimisation. Responsibilities: Plan and deliver digital marketing campaigns; Optimise website content for search engines; Manage social media channels; Analyse campaign performance; Prepare marketing-performance reports.",0,0.0,0.4614177942276001,0.7307088971138,6.1346722107954275,0.43842533826828
CAND004,JOB001,Software Engineer,"Candidate identifier: CAND004. Professional profile: Full-Stack Developer. Education: Bachelor's degree in Computing. Professional experience: 3 years. Skills: Python, CI/CD, SQL, REST APIs, JavaScript, Flask, HTML, Docker, Git, Agile. Experience evidence: created and integrated REST APIs; wrote automated software tests; participated in Agile development; developed web applications. The candidate has worked with team members, communicated with stakeholders and completed assigned professional tasks.","Job title: Software Engineer. Sector: Technology. Minimum experience: 2 years. Education: Bachelor's degree in Computer Science or related subject. Required skills: Python, JavaScript, Git, SQL, REST APIs, software testing. Preferred skills: Docker, AWS, React, Agile, CI/CD. Responsibilities: Develop and maintain web applications; Design and integrate REST APIs; Write automated tests; Participate in code reviews; Work within an Agile development team.",3,0.7866666666666667,0.6642634272575378,0.8321317136287689,42.76678742843373,0.8139456948439281
CAND004,JOB002,Data Analyst,"Candidate identifier: CAND004. Professional profile: Full-Stack Developer. Education: Bachelor's degree in Computing. Professional experience: 3 years. Skills: Python, CI/CD, SQL, REST APIs, JavaScript, Flask, HTML, Docker, Git, Agile. Experience evidence: created and integrated REST APIs; wrote automated software tests; participated in Agile development; developed web applications. The candidate has worked with team members, communicated with stakeholders and completed assigned professional tasks.","Job title: Data Analyst. Sector: Data and Analytics. Minimum experience: 2 years. Education: Bachelor's degree in Data Science, Statistics or related subject. Required skills: Python, SQL, Excel, data analysis, data visualisation, statistics. Preferred skills: Power BI, Tableau, Pandas, machine learning, dashboard development. Responsibilities: Clean and analyse organisational data; Create reports and dashboards; Identify trends and patterns; Communicate findings to stakeholders; Support evidence-based decision making.",1,0.26666666666666666,0.4907146096229553,0.7453573048114777,12.286047956970355,0.5538810495535532
CAND004,JOB003,Cybersecurity Analyst,"Candidate identifier: CAND004. Professional profile: Full-Stack Developer. Education: Bachelor's degree in Computing. Professional experience: 3 years. Skills: Python, CI/CD, SQL, REST APIs, JavaScript, Flask, HTML, Docker, Git, Agile. Experience evidence: created and integrated REST APIs; wrote automated software tests; participated in Agile development; developed web applications. The candidate has worked with team members, communicated with stakeholders and completed assigned professional tasks.","Job title: Cybersecurity Analyst. Sector: Cybersecurity. Minimum experience: 2 years. Education: Bachelor's degree in Cybersecurity, Computing or related subject. Required skills: network security, risk assessment, incident response, vulnerability assessment, SIEM, security monitoring. Preferred skills: penetration testing, Splunk, ISO 27001, NIST, Python, cloud security. Responsibilities: Monitor networks for security threats; Investigate security incidents; Conduct vulnerability assessments; Prepare risk and incident reports; Support security-policy implementation.",1,0.03333333333333333,0.5397612452507019,0.769880622625351,7.741579935850673,0.47526170690854386
CAND004,JOB004,IT Project Manager,"Candidate identifier: CAND004. Professional profile: Full-Stack Developer. Education: Bachelor's degree in Computing. Professional experience: 3 years. Skills: Python, CI/CD, SQL, REST APIs, JavaScript, Flask, HTML, Docker, Git, Agile. Experience evidence: created and integrated REST APIs; wrote automated software tests; participated in Agile development; developed web applications. The candidate has worked with team members, communicated with stakeholders and completed assigned professional tasks.","Job title: IT Project Manager. Sector: Information Technology. Minimum experience: 3 years. Education: Bachelor's degree in IT, Business or related subject. Required skills: project management, stakeholder management, risk management, budget management, Agile, communication. Preferred skills: Scrum, Jira, PRINCE2, leadership, resource planning. Responsibilities: Plan and manage technology projects; Coordinate multidisciplinary teams; Control project risks and budgets; Report progress to stakeholders; Ensure timely delivery of project objectives.",1,0.13333333333333333,0.5238065719604492,0.7619032859802246,10.496405982397574,0.5104753049214681
CAND004,JOB005,Digital Marketing Specialist,"Candidate identifier: CAND004. Professional profile: Full-Stack Developer. Education: Bachelor's degree in Computing. Professional experience: 3 years. Skills: Python, CI/CD, SQL, REST APIs, JavaScript, Flask, HTML, Docker, Git, Agile. Experience evidence: created and integrated REST APIs; wrote automated software tests; participated in Agile development; developed web applications. The candidate has worked with team members, communicated with stakeholders and completed assigned professional tasks.","Job title: Digital Marketing Specialist. Sector: Marketing. Minimum experience: 2 years. Education: Bachelor's degree in Marketing, Business or related subject. Required skills: digital marketing, SEO, social media marketing, content marketing, Google Analytics, campaign management. Preferred skills: Google Ads, email marketing, Canva, copywriting, conversion optimisation. Responsibilities: Plan and deliver digital marketing campaigns; Optimise website content for search engines; Manage social media channels; Analyse campaign performance; Prepare marketing-performance reports.",0,0.0,0.5112030506134033,0.7556015253067017,5.783870755244136,0.453360915184021
CAND005,JOB001,Software Engineer,"Candidate identifier: CAND005. Professional profile: Full-Stack Developer. Education: Bachelor's degree in Computing. Professional experience: 2 years. Skills: Git, AWS, Docker, REST APIs, CI/CD, React, SQL, software testing, Flask, Python, JavaScript. Experience evidence: wrote automated software tests; managed code using Git. The candidate has worked with team members, communicated with stakeholders and completed assigned professional tasks.","Job title: Software Engineer. Sector: Technology. Minimum experience: 2 years. Education: Bachelor's degree in Computer Science or related subject. Required skills: Python, JavaScript, Git, SQL, REST APIs, software testing. Preferred skills: Docker, AWS, React, Agile, CI/CD. Responsibilities: Develop and maintain web applications; Design and integrate REST APIs; Write automated tests; Participate in code reviews; Work within an Agile development team.",3,0.9600000000000001,0.6632152199745178,0.8316076099872589,44.87334693766094,0.8829645659923554
CAND005,JOB002,Data Analyst,"Candidate identifier: CAND005. Professional profile: Full-Stack Developer. Education: Bachelor's degree in Computing. Professional experience: 2 years. Skills: Git, AWS, Docker, REST APIs, CI/CD, React, SQL, software testing, Flask, Python, JavaScript. Experience evidence: wrote automated software tests; managed code using Git. The candidate has worked with team members, communicated with stakeholders and completed assigned professional tasks.","Job title: Data Analyst. Sector: Data and Analytics. Minimum experience: 2 years. Education: Bachelor's degree in Data Science, Statistics or related subject. Required skills: Python, SQL, Excel, data analysis, data visualisation, statistics. Preferred skills: Power BI, Tableau, Pandas, machine learning, dashboard development. Responsibilities: Clean and analyse organisational data; Create reports and dashboards; Identify trends and patterns; Communicate findings to stakeholders; Support evidence-based decision making.",1,0.26666666666666666,0.4723963737487793,0.7361981868743896,12.81554038657769,0.5483855787913005
CAND005,JOB003,Cybersecurity Analyst,"Candidate identifier: CAND005. Professional profile: Full-Stack Developer. Education: Bachelor's degree in Computing. Professional experience: 2 years. Skills: Git, AWS, Docker, REST APIs, CI/CD, React, SQL, software testing, Flask, Python, JavaScript. Experience evidence: wrote automated software tests; managed code using Git. The candidate has worked with team members, communicated with stakeholders and completed assigned professional tasks.","Job title: Cybersecurity Analyst. Sector: Cybersecurity. Minimum experience: 2 years. Education: Bachelor's degree in Cybersecurity, Computing or related subject. Required skills: network security, risk assessment, incident response, vulnerability assessment, SIEM, security monitoring. Preferred skills: penetration testing, Splunk, ISO 27001, NIST, Python, cloud security. Responsibilities: Monitor networks for security threats; Investigate security incidents; Conduct vulnerability assessments; Prepare risk and incident reports; Support security-policy implementation.",1,0.03333333333333333,0.5307577848434448,0.7653788924217224,11.426444772610267,0.4725606687863667
CAND005,JOB004,IT Project Manager,"Candidate identifier: CAND005. Professional profile: Full-Stack Developer. Education: Bachelor's degree in Computing. Professional experience: 2 years. Skills: Git, AWS, Docker, REST APIs, CI/CD, React, SQL, software testing, Flask, Python, JavaScript. Experience evidence: wrote automated software tests; managed code using Git. The candidate has worked with team members, communicated with stakeholders and completed assigned professional tasks.","Job title: IT Project Manager. Sector: Information Technology. Minimum experience: 3 years. Education: Bachelor's degree in IT, Business or related subject. Required skills: project management, stakeholder management, risk management, budget management, Agile, communication. Preferred skills: Scrum, Jira, PRINCE2, leadership, resource planning. Responsibilities: Plan and manage technology projects; Coordinate multidisciplinary teams; Control project risks and budgets; Report progress to stakeholders; Ensure timely delivery of project objectives.",1,0.0,0.5362015962600708,0.7681007981300354,6.636087567974932,0.46086047887802123
CAND005,JOB005,Digital Marketing Specialist,"Candidate identifier: CAND005. Professional profile: Full-Stack Developer. Education: Bachelor's degree in Computing. Professional experience: 2 years. Skills: Git, AWS, Docker, REST APIs, CI/CD, React, SQL, software testing, Flask, Python, JavaScript. Experience evidence: wrote automated software tests; managed code using Git. The candidate has worked with team members, communicated with stakeholders and completed assigned professional tasks.","Job title: Digital Marketing Specialist. Sector: Marketing. Minimum experience: 2 years. Education: Bachelor's degree in Marketing, Business or related subject. Required skills: digital marketing, SEO, social media marketing, content marketing, Google Analytics, campaign management. Preferred skills: Google Ads, email marketing, Canva, copywriting, conversion optimisation. Responsibilities: Plan and deliver digital marketing campaigns; Optimise website content for search engines; Manage social media channels; Analyse campaign performance; Prepare marketing-performance reports.",0,0.0,0.5003125071525574,0.7501562535762787,7.990822680319977,0.4500937521457672
CAND006,JOB001,Software Engineer,"Candidate identifier: CAND006. Professional profile: Backend Developer. Education: Professional diploma with relevant training. Professional experience: 3 years. Skills: SQL, CI/CD, AWS, Docker, HTML, Flask, Git, REST APIs. Experience evidence: created and integrated REST APIs; participated in Agile development; wrote automated software tests. The candidate has worked with team members, communicated with stakeholders and completed assigned professional tasks.","Job title: Software Engineer. Sector: Technology. Minimum experience: 2 years. Education: Bachelor's degree in Computer Science or related subject. Required skills: Python, JavaScript, Git, SQL, REST APIs, software testing. Preferred skills: Docker, AWS, React, Agile, CI/CD. Responsibilities: Develop and maintain web applications; Design and integrate REST APIs; Write automated tests; Participate in code reviews; Work within an Agile development team.",2,0.56,0.6220986247062683,0.8110493123531342,36.91050460588923,0.7106295874118804
CAND006,JOB002,Data Analyst,"Candidate identifier: CAND006. Professional profile: Backend Developer. Education: Professional diploma with relevant training. Professional experience: 3 years. Skills: SQL, CI/CD, AWS, Docker, HTML, Flask, Git, REST APIs. Experience evidence: created and integrated REST APIs; participated in Agile development; wrote automated software tests. The candidate has worked with team members, communicated with stakeholders and completed assigned professional tasks.","Job title: Data Analyst. Sector: Data and Analytics. Minimum experience: 2 years. Education: Bachelor's degree in Data Science, Statistics or related subject. Required skills: Python, SQL, Excel, data analysis, data visualisation, statistics. Preferred skills: Power BI, Tableau, Pandas, machine learning, dashboard development. Responsibilities: Clean and analyse organisational data; Create reports and dashboards; Identify trends and patterns; Communicate findings to stakeholders; Support evidence-based decision making.",1,0.13333333333333333,0.45738324522972107,0.7286916226148605,9.962979113418266,0.49054830690224965
CAND006,JOB003,Cybersecurity Analyst,"Candidate identifier: CAND006. Professional profile: Backend Developer. Education: Professional diploma with relevant training. Professional experience: 3 years. Skills: SQL, CI/CD, AWS, Docker, HTML, Flask, Git, REST APIs. Experience evidence: created and integrated REST APIs; participated in Agile development; wrote automated software tests. The candidate has worked with team members, communicated with stakeholders and completed assigned professional tasks.","Job title: Cybersecurity Analyst. Sector: Cybersecurity. Minimum experience: 2 years. Education: Bachelor's degree in Cybersecurity, Computing or related subject. Required skills: network security, risk assessment, incident response, vulnerability assessment, SIEM, security monitoring. Preferred skills: penetration testing, Splunk, ISO 27001, NIST, Python, cloud security. Responsibilities: Monitor networks for security threats; Investigate security incidents; Conduct vulnerability assessments; Prepare risk and incident reports; Support security-policy implementation.",0,0.0,0.4960629343986511,0.7480314671993256,4.190749910510742,0.4488188803195953
CAND006,JOB004,IT Project Manager,"Candidate identifier: CAND006. Professional profile: Backend Developer. Education: Professional diploma with relevant training. Professional experience: 3 years. Skills: SQL, CI/CD, AWS, Docker, HTML, Flask, Git, REST APIs. Experience evidence: created and integrated REST APIs; participated in Agile development; wrote automated software tests. The candidate has worked with team members, communicated with stakeholders and completed assigned professional tasks.","Job title: IT Project Manager. Sector: Information Technology. Minimum experience: 3 years. Education: Bachelor's degree in IT, Business or related subject. Required skills: project management, stakeholder management, risk management, budget management, Agile, communication. Preferred skills: Scrum, Jira, PRINCE2, leadership, resource planning. Responsibilities: Plan and manage technology projects; Coordinate multidisciplinary teams; Control project risks and budgets; Report progress to stakeholders; Ensure timely delivery of project objectives.",0,0.13333333333333333,0.4866698384284973,0.7433349192142487,8.66920041293489,0.4993342848618825
CAND006,JOB005,Digital Marketing Specialist,"Candidate identifier: CAND006. Professional profile: Backend Developer. Education: Professional diploma with relevant training. Professional experience: 3 years. Skills: SQL, CI/CD, AWS, Docker, HTML, Flask, Git, REST APIs. Experience evidence: created and integrated REST APIs; participated in Agile development; wrote automated software tests. The candidate has worked with team members, communicated with stakeholders and completed assigned professional tasks.","Job title: Digital Marketing Specialist. Sector: Marketing. Minimum experience: 2 years. Education: Bachelor's degree in Marketing, Business or related subject. Required skills: digital marketing, SEO, social media marketing, content marketing, Google Analytics, campaign management. Preferred skills: Google Ads, email marketing, Canva, copywriting, conversion optimisation. Responsibilities: Plan and deliver digital marketing campaigns; Optimise website content for search engines; Manage social media channels; Analyse campaign performance; Prepare marketing-performance reports.",0,0.0,0.47211378812789917,0.7360568940639496,4.190749910510742,0.44163413643836974
CAND007,JOB001,Software Engineer,"Candidate identifier: CAND007. Professional profile: Backend Developer. Education: Master's degree in Information Technology. Professional experience: 6 years. Skills: SQL, Git, React, AWS, JavaScript, Python, CI/CD, HTML. Experience evidence: deployed applications using Docker; managed code using Git; developed web applications. The candidate has worked with team members, communicated with stakeholders and completed assigned professional tasks.","Job title: Software Engineer. Sector: Technology. Minimum experience: 2 years. Education: Bachelor's degree in Computer Science or related subject. Required skills: Python, JavaScript, Git, SQL, REST APIs, software testing. Preferred skills: Docker, AWS, React, Agile, CI/CD. Responsibilities: Develop and maintain web applications; Design and integrate REST APIs; Write automated tests; Participate in code reviews; Work within an Agile development team.",3,0.6933333333333334,0.6192518472671509,0.8096259236335754,31.671316767272803,0.7631088875134786
CAND007,JOB002,Data Analyst,"Candidate identifier: CAND007. Professional profile: Backend Developer. Education: Master's degree in Information Technology. Professional experience: 6 years. Skills: SQL, Git, React, AWS, JavaScript, Python, CI/CD, HTML. Experience evidence: deployed applications using Docker; managed code using Git; developed web applications. The candidate has worked with team members, communicated with stakeholders and completed assigned professional tasks.","Job title: Data Analyst. Sector: Data and Analytics. Minimum experience: 2 years. Education: Bachelor's degree in Data Science, Statistics or related subject. Required skills: Python, SQL, Excel, data analysis, data visualisation, statistics. Preferred skills: Power BI, Tableau, Pandas, machine learning, dashboard development. Responsibilities: Clean and analyse organisational data; Create reports and dashboards; Identify trends and patterns; Communicate findings to stakeholders; Support evidence-based decision making.",1,0.26666666666666666,0.4529099762439728,0.7264549881219864,10.007244919573383,0.5425396595398585
CAND007,JOB003,Cybersecurity Analyst,"Candidate identifier: CAND007. Professional profile: Backend Developer. Education: Master's degree in Information Technology. Professional experience: 6 years. Skills: SQL, Git, React, AWS, JavaScript, Python, CI/CD, HTML. Experience evidence: deployed applications using Docker; managed code using Git; developed web applications. The candidate has worked with team members, communicated with stakeholders and completed assigned professional tasks.","Job title: Cybersecurity Analyst. Sector: Cybersecurity. Minimum experience: 2 years. Education: Bachelor's degree in Cybersecurity, Computing or related subject. Required skills: network security, risk assessment, incident response, vulnerability assessment, SIEM, security monitoring. Preferred skills: penetration testing, Splunk, ISO 27001, NIST, Python, cloud security. Responsibilities: Monitor networks for security threats; Investigate security incidents; Conduct vulnerability assessments; Prepare risk and incident reports; Support security-policy implementation.",1,0.03333333333333333,0.48433083295822144,0.7421654164791107,6.121262303609592,0.45863258322079975
CAND007,JOB004,IT Project Manager,"Candidate identifier: CAND007. Professional profile: Backend Developer. Education: Master's degree in Information Technology. Professional experience: 6 years. Skills: SQL, Git, React, AWS, JavaScript, Python, CI/CD, HTML. Experience evidence: deployed applications using Docker; managed code using Git; developed web applications. The candidate has worked with team members, communicated with stakeholders and completed assigned professional tasks.","Job title: IT Project Manager. Sector: Information Technology. Minimum experience: 3 years. Education: Bachelor's degree in IT, Business or related subject. Required skills: project management, stakeholder management, risk management, budget management, Agile, communication. Preferred skills: Scrum, Jira, PRINCE2, leadership, resource planning. Responsibilities: Plan and manage technology projects; Coordinate multidisciplinary teams; Control project risks and budgets; Report progress to stakeholders; Ensure timely delivery of project objectives.",1,0.0,0.517627477645874,0.758813738822937,8.6887248143929,0.45528824329376216
CAND007,JOB005,Digital Marketing Specialist,"Candidate identifier: CAND007. Professional profile: Backend Developer. Education: Master's degree in Information Technology. Professional experience: 6 years. Skills: SQL, Git, React, AWS, JavaScript, Python, CI/CD, HTML. Experience evidence: deployed applications using Docker; managed code using Git; developed web applications. The candidate has worked with team members, communicated with stakeholders and completed assigned professional tasks.","Job title: Digital Marketing Specialist. Sector: Marketing. Minimum experience: 2 years. Education: Bachelor's degree in Marketing, Business or related subject. Required skills: digital marketing, SEO, social media marketing, content marketing, Google Analytics, campaign management. Preferred skills: Google Ads, email marketing, Canva, copywriting, conversion optimisation. Responsibilities: Plan and deliver digital marketing campaigns; Optimise website content for search engines; Manage social media channels; Analyse campaign performance; Prepare marketing-performance reports.",0,0.0,0.47849512100219727,0.7392475605010986,5.107904072590929,0.44354853630065916
CAND008,JOB001,Software Engineer,"Candidate identifier: CAND008. Professional profile: Software Engineer. Education: Master's degree in Information Technology. Professional experience: 7 years. Skills: React, HTML, Python, CI/CD, JavaScript, CSS, REST APIs, software testing. Experience evidence: wrote automated software tests; managed code using Git. The candidate has worked with team members, communicated with stakeholders and completed assigned professional tasks.","Job title: Software Engineer. Sector: Technology. Minimum experience: 2 years. Education: Bachelor's degree in Computer Science or related subject. Required skills: Python, JavaScript, Git, SQL, REST APIs, software testing. Preferred skills: Docker, AWS, React, Agile, CI/CD. Responsibilities: Develop and maintain web applications; Design and integrate REST APIs; Write automated tests; Participate in code reviews; Work within an Agile development team.",3,0.7466666666666668,0.635625958442688,0.817812979221344,41.38309613762424,0.7893544541994731
CAND008,JOB002,Data Analyst,"Candidate identifier: CAND008. Professional profile: Software Engineer. Education: Master's degree in Information Technology. Professional experience: 7 years. Skills: React, HTML, Python, CI/CD, JavaScript, CSS, REST APIs, software testing. Experience evidence: wrote automated software tests; managed code using Git. The candidate has worked with team members, communicated with stakeholders and completed assigned professional tasks.","Job title: Data Analyst. Sector: Data and Analytics. Minimum experience: 2 years. Education: Bachelor's degree in Data Science, Statistics or related subject. Required skills: Python, SQL, Excel, data analysis, data visualisation, statistics. Preferred skills: Power BI, Tableau, Pandas, machine learning, dashboard development. Responsibilities: Clean and analyse organisational data; Create reports and dashboards; Identify trends and patterns; Communicate findings to stakeholders; Support evidence-based decision making.",1,0.13333333333333333,0.43843159079551697,0.7192157953977585,8.900670496312756,0.48486281057198843
CAND008,JOB003,Cybersecurity Analyst,"Candidate identifier: CAND008. Professional profile: Software Engineer. Education: Master's degree in Information Technology. Professional experience: 7 years. Skills: React, HTML, Python, CI/CD, JavaScript, CSS, REST APIs, software testing. Experience evidence: wrote automated software tests; managed code using Git. The candidate has worked with team members, communicated with stakeholders and completed assigned professional tasks.","Job title: Cybersecurity Analyst. Sector: Cybersecurity. Minimum experience: 2 years. Education: Bachelor's degree in Cybersecurity, Computing or related subject. Required skills: network security, risk assessment, incident response, vulnerability assessment, SIEM, security monitoring. Preferred skills: penetration testing, Splunk, ISO 27001, NIST, Python, cloud security. Responsibilities: Monitor networks for security threats; Investigate security incidents; Conduct vulnerability assessments; Prepare risk and incident reports; Support security-policy implementation.",1,0.03333333333333333,0.5194306373596191,0.7597153186798096,7.58813345644316,0.46916252454121904
CAND008,JOB004,IT Project Manager,"Candidate identifier: CAND008. Professional profile: Software Engineer. Education: Master's degree in Information Technology. Professional experience: 7 years. Skills: React, HTML, Python, CI/CD, JavaScript, CSS, REST APIs, software testing. Experience evidence: wrote automated software tests; managed code using Git. The candidate has worked with team members, communicated with stakeholders and completed assigned professional tasks.","Job title: IT Project Manager. Sector: Information Technology. Minimum experience: 3 years. Education: Bachelor's degree in IT, Business or related subject. Required skills: project management, stakeholder management, risk management, budget management, Agile, communication. Preferred skills: Scrum, Jira, PRINCE2, leadership, resource planning. Responsibilities: Plan and manage technology projects; Coordinate multidisciplinary teams; Control project risks and budgets; Report progress to stakeholders; Ensure timely delivery of project objectives.",1,0.0,0.5232689380645752,0.7616344690322876,8.754684570752834,0.45698068141937254
CAND008,JOB005,Digital Marketing Specialist,"Candidate identifier: CAND008. Professional profile: Software Engineer. Education: Master's degree in Information Technology. Professional experience: 7 years. Skills: React, HTML, Python, CI/CD, JavaScript, CSS, REST APIs, software testing. Experience evidence: wrote automated software tests; managed code using Git. The candidate has worked with team members, communicated with stakeholders and completed assigned professional tasks.","Job title: Digital Marketing Specialist. Sector: Marketing. Minimum experience: 2 years. Education: Bachelor's degree in Marketing, Business or related subject. Required skills: digital marketing, SEO, social media marketing, content marketing, Google Analytics, campaign management. Preferred skills: Google Ads, email marketing, Canva, copywriting, conversion optimisation. Responsibilities: Plan and deliver digital marketing campaigns; Optimise website content for search engines; Manage social media channels; Analyse campaign performance; Prepare marketing-performance reports.",0,0.0,0.5259860754013062,0.7629930377006531,5.145956013889796,0.4577958226203918
CAND009,JOB001,Software Engineer,"Candidate identifier: CAND009. Professional profile: Full-Stack Developer. Education: Master's degree in Information Technology. Professional experience: 0 years. Skills: React, Flask, Git, CSS, JavaScript, REST APIs, Django, SQL. Experience evidence: wrote automated software tests; created and integrated REST APIs; developed web applications. The candidate has worked with team members, communicated with stakeholders and completed assigned professional tasks.","Job title: Software Engineer. Sector: Technology. Minimum experience: 2 years. Education: Bachelor's degree in Computer Science or related subject. Required skills: Python, JavaScript, Git, SQL, REST APIs, software testing. Preferred skills: Docker, AWS, React, Agile, CI/CD. Responsibilities: Develop and maintain web applications; Design and integrate REST APIs; Write automated tests; Participate in code reviews; Work within an Agile development team.",2,0.5733333333333334,0.599147379398346,0.799573689699173,35.438315556399495,0.7090775471528371
CAND009,JOB002,Data Analyst,"Candidate identifier: CAND009. Professional profile: Full-Stack Developer. Education: Master's degree in Information Technology. Professional experience: 0 years. Skills: React, Flask, Git, CSS, JavaScript, REST APIs, Django, SQL. Experience evidence: wrote automated software tests; created and integrated REST APIs; developed web applications. The candidate has worked with team members, communicated with stakeholders and completed assigned professional tasks.","Job title: Data Analyst. Sector: Data and Analytics. Minimum experience: 2 years. Education: Bachelor's degree in Data Science, Statistics or related subject. Required skills: Python, SQL, Excel, data analysis, data visualisation, statistics. Preferred skills: Power BI, Tableau, Pandas, machine learning, dashboard development. Responsibilities: Clean and analyse organisational data; Create reports and dashboards; Identify trends and patterns; Communicate findings to stakeholders; Support evidence-based decision making.",1,0.13333333333333333,0.4552704095840454,0.7276352047920227,9.762956362821402,0.48991445620854696
CAND009,JOB003,Cybersecurity Analyst,"Candidate identifier: CAND009. Professional profile: Full-Stack Developer. Education: Master's degree in Information Technology. Professional experience: 0 years. Skills: React, Flask, Git, CSS, JavaScript, REST APIs, Django, SQL. Experience evidence: wrote automated software tests; created and integrated REST APIs; developed web applications. The candidate has worked with team members, communicated with stakeholders and completed assigned professional tasks.","Job title: Cybersecurity Analyst. Sector: Cybersecurity. Minimum experience: 2 years. Education: Bachelor's degree in Cybersecurity, Computing or related subject. Required skills: network security, risk assessment, incident response, vulnerability assessment, SIEM, security monitoring. Preferred skills: penetration testing, Splunk, ISO 27001, NIST, Python, cloud security. Responsibilities: Monitor networks for security threats; Investigate security incidents; Conduct vulnerability assessments; Prepare risk and incident reports; Support security-policy implementation.",1,0.0,0.502845048904419,0.7514225244522095,5.259152878209462,0.4508535146713257
CAND009,JOB004,IT Project Manager,"Candidate identifier: CAND009. Professional profile: Full-Stack Developer. Education: Master's degree in Information Technology. Professional experience: 0 years. Skills: React, Flask, Git, CSS, JavaScript, REST APIs, Django, SQL. Experience evidence: wrote automated software tests; created and integrated REST APIs; developed web applications. The candidate has worked with team members, communicated with stakeholders and completed assigned professional tasks.","Job title: IT Project Manager. Sector: Information Technology. Minimum experience: 3 years. Education: Bachelor's degree in IT, Business or related subject. Required skills: project management, stakeholder management, risk management, budget management, Agile, communication. Preferred skills: Scrum, Jira, PRINCE2, leadership, resource planning. Responsibilities: Plan and manage technology projects; Coordinate multidisciplinary teams; Control project risks and budgets; Report progress to stakeholders; Ensure timely delivery of project objectives.",1,0.0,0.4787127673625946,0.7393563836812973,9.01110296534391,0.44361383020877837
CAND009,JOB005,Digital Marketing Specialist,"Candidate identifier: CAND009. Professional profile: Full-Stack Developer. Education: Master's degree in Information Technology. Professional experience: 0 years. Skills: React, Flask, Git, CSS, JavaScript, REST APIs, Django, SQL. Experience evidence: wrote automated software tests; created and integrated REST APIs; developed web applications. The candidate has worked with team members, communicated with stakeholders and completed assigned professional tasks.","Job title: Digital Marketing Specialist. Sector: Marketing. Minimum experience: 2 years. Education: Bachelor's degree in Marketing, Business or related subject. Required skills: digital marketing, SEO, social media marketing, content marketing, Google Analytics, campaign management. Preferred skills: Google Ads, email marketing, Canva, copywriting, conversion optimisation. Responsibilities: Plan and deliver digital marketing campaigns; Optimise website content for search engines; Manage social media channels; Analyse campaign performance; Prepare marketing-performance reports.",0,0.0,0.5165631175041199,0.7582815587520599,5.259152878209462,0.45496893525123594
CAND010,JOB001,Software Engineer,"Candidate identifier: CAND010. Professional profile: Backend Developer. Education: Bachelor's degree in Computing. Professional experience: 0 years. Skills: CSS, software testing, Flask, REST APIs, SQL, Python. Experience evidence: participated in Agile development; developed web applications; deployed applications using Docker. The candidate has worked with team members, communicated with stakeholders and completed assigned professional tasks.","Job title: Software Engineer. Sector: Technology. Minimum experience: 2 years. Education: Bachelor's degree in Computer Science or related subject. Required skills: Python, JavaScript, Git, SQL, REST APIs, software testing. Preferred skills: Docker, AWS, React, Agile, CI/CD. Responsibilities: Develop and maintain web applications; Design and integrate REST APIs; Write automated tests; Participate in code reviews; Work within an Agile development team.",2,0.6133333333333333,0.5753504037857056,0.7876752018928528,31.96622592182387,0.7179384544690449
CAND010,JOB002,Data Analyst,"Candidate identifier: CAND010. Professional profile: Backend Developer. Education: Bachelor's degree in Computing. Professional experience: 0 years. Skills: CSS, software testing, Flask, REST APIs, SQL, Python. Experience evidence: participated in Agile development; developed web applications; deployed applications using Docker. The candidate has worked with team members, communicated with stakeholders and completed assigned professional tasks.","Job title: Data Analyst. Sector: Data and Analytics. Minimum experience: 2 years. Education: Bachelor's degree in Data Science, Statistics or related subject. Required skills: Python, SQL, Excel, data analysis, data visualisation, statistics. Preferred skills: Power BI, Tableau, Pandas, machine learning, dashboard development. Responsibilities: Clean and analyse organisational data; Create reports and dashboards; Identify trends and patterns; Communicate findings to stakeholders; Support evidence-based decision making.",1,0.26666666666666666,0.4402821660041809,0.7201410830020905,12.245872850673742,0.538751316467921
CAND010,JOB003,Cybersecurity Analyst,"Candidate identifier: CAND010. Professional profile: Backend Developer. Education: Bachelor's degree in Computing. Professional experience: 0 years. Skills: CSS, software testing, Flask, REST APIs, SQL, Python. Experience evidence: participated in Agile development; developed web applications; deployed applications using Docker. The candidate has worked with team members, communicated with stakeholders and completed assigned professional tasks.","Job title: Cybersecurity Analyst. Sector: Cybersecurity. Minimum experience: 2 years. Education: Bachelor's degree in Cybersecurity, Computing or related subject. Required skills: network security, risk assessment, incident response, vulnerability assessment, SIEM, security monitoring. Preferred skills: penetration testing, Splunk, ISO 27001, NIST, Python, cloud security. Responsibilities: Monitor networks for security threats; Investigate security incidents; Conduct vulnerability assessments; Prepare risk and incident reports; Support security-policy implementation.",1,0.03333333333333333,0.46905630826950073,0.7345281541347504,9.50485314353819,0.45405022581418353
CAND010,JOB004,IT Project Manager,"Candidate identifier: CAND010. Professional profile: Backend Developer. Education: Bachelor's degree in Computing. Professional experience: 0 years. Skills: CSS, software testing, Flask, REST APIs, SQL, Python. Experience evidence: participated in Agile development; developed web applications; deployed applications using Docker. The candidate has worked with team members, communicated with stakeholders and completed assigned professional tasks.","Job title: IT Project Manager. Sector: Information Technology. Minimum experience: 3 years. Education: Bachelor's degree in IT, Business or related subject. Required skills: project management, stakeholder management, risk management, budget management, Agile, communication. Preferred skills: Scrum, Jira, PRINCE2, leadership, resource planning. Responsibilities: Plan and manage technology projects; Coordinate multidisciplinary teams; Control project risks and budgets; Report progress to stakeholders; Ensure timely delivery of project objectives.",1,0.13333333333333333,0.4496825933456421,0.724841296672821,8.092534744748782,0.48823811133702594
CAND010,JOB005,Digital Marketing Specialist,"Candidate identifier: CAND010. Professional profile: Backend Developer. Education: Bachelor's degree in Computing. Professional experience: 0 years. Skills: CSS, software testing, Flask, REST APIs, SQL, Python. Experience evidence: participated in Agile development; developed web applications; deployed applications using Docker. The candidate has worked with team members, communicated with stakeholders and completed assigned professional tasks.","Job title: Digital Marketing Specialist. Sector: Marketing. Minimum experience: 2 years. Education: Bachelor's degree in Marketing, Business or related subject. Required skills: digital marketing, SEO, social media marketing, content marketing, Google Analytics, campaign management. Preferred skills: Google Ads, email marketing, Canva, copywriting, conversion optimisation. Responsibilities: Plan and deliver digital marketing campaigns; Optimise website content for search engines; Manage social media channels; Analyse campaign performance; Prepare marketing-performance reports.",0,0.0,0.4348997175693512,0.7174498587846756,5.961285027297009,0.43046991527080536
CAND011,JOB001,Software Engineer,"Candidate identifier: CAND011. Professional profile: Backend Developer. Education: Bachelor's degree in Data Science. Professional experience: 8 years. Skills: Git, CI/CD, AWS, React, CSS, REST APIs, Django. Experience evidence: created and integrated REST APIs; participated in Agile development; deployed applications using Docker; wrote automated software tests; managed code using Git. The candidate has worked with team members, communicated with stakeholders and completed assigned professional tasks.","Job title: Software Engineer. Sector: Technology. Minimum experience: 2 years. Education: Bachelor's degree in Computer Science or related subject. Required skills: Python, JavaScript, Git, SQL, REST APIs, software testing. Preferred skills: Docker, AWS, React, Agile, CI/CD. Responsibilities: Develop and maintain web applications; Design and integrate REST APIs; Write automated tests; Participate in code reviews; Work within an Agile development team.",2,0.4666666666666667,0.6481241583824158,0.8240620791912079,43.458588085006035,0.6811039141813914
CAND011,JOB002,Data Analyst,"Candidate identifier: CAND011. Professional profile: Backend Developer. Education: Bachelor's degree in Data Science. Professional experience: 8 years. Skills: Git, CI/CD, AWS, React, CSS, REST APIs, Django. Experience evidence: created and integrated REST APIs; participated in Agile development; deployed applications using Docker; wrote automated software tests; managed code using Git. The candidate has worked with team members, communicated with stakeholders and completed assigned professional tasks.","Job title: Data Analyst. Sector: Data and Analytics. Minimum experience: 2 years. Education: Bachelor's degree in Data Science, Statistics or related subject. Required skills: Python, SQL, Excel, data analysis, data visualisation, statistics. Preferred skills: Power BI, Tableau, Pandas, machine learning, dashboard development. Responsibilities: Clean and analyse organisational data; Create reports and dashboards; Identify trends and patterns; Communicate findings to stakeholders; Support evidence-based decision making.",1,0.0,0.48664969205856323,0.7433248460292816,15.232868930169124,0.44599490761756894
CAND011,JOB003,Cybersecurity Analyst,"Candidate identifier: CAND011. Professional profile: Backend Developer. Education: Bachelor's degree in Data Science. Professional experience: 8 years. Skills: Git, CI/CD, AWS, React, CSS, REST APIs, Django. Experience evidence: created and integrated REST APIs; participated in Agile development; deployed applications using Docker; wrote automated software tests; managed code using Git. The candidate has worked with team members, communicated with stakeholders and completed assigned professional tasks.","Job title: Cybersecurity Analyst. Sector: Cybersecurity. Minimum experience: 2 years. Education: Bachelor's degree in Cybersecurity, Computing or related subject. Required skills: network security, risk assessment, incident response, vulnerability assessment, SIEM, security monitoring. Preferred skills: penetration testing, Splunk, ISO 27001, NIST, Python, cloud security. Responsibilities: Monitor networks for security threats; Investigate security incidents; Conduct vulnerability assessments; Prepare risk and incident reports; Support security-policy implementation.",0,0.0,0.49556463956832886,0.7477823197841644,5.709607471736368,0.44866939187049865
CAND011,JOB004,IT Project Manager,"Candidate identifier: CAND011. Professional profile: Backend Developer. Education: Bachelor's degree in Data Science. Professional experience: 8 years. Skills: Git, CI/CD, AWS, React, CSS, REST APIs, Django. Experience evidence: created and integrated REST APIs; participated in Agile development; deployed applications using Docker; wrote automated software tests; managed code using Git. The candidate has worked with team members, communicated with stakeholders and completed assigned professional tasks.","Job title: IT Project Manager. Sector: Information Technology. Minimum experience: 3 years. Education: Bachelor's degree in IT, Business or related subject. Required skills: project management, stakeholder management, risk management, budget management, Agile, communication. Preferred skills: Scrum, Jira, PRINCE2, leadership, resource planning. Responsibilities: Plan and manage technology projects; Coordinate multidisciplinary teams; Control project risks and budgets; Report progress to stakeholders; Ensure timely delivery of project objectives.",0,0.13333333333333333,0.5273171067237854,0.7636585533618927,7.882060710173823,0.5115284653504689
CAND011,JOB005,Digital Marketing Specialist,"Candidate identifier: CAND011. Professional profile: Backend Developer. Education: Bachelor's degree in Data Science. Professional experience: 8 years. Skills: Git, CI/CD, AWS, React, CSS, REST APIs, Django. Experience evidence: created and integrated REST APIs; participated in Agile development; deployed applications using Docker; wrote automated software tests; managed code using Git. The candidate has worked with team members, communicated with stakeholders and completed assigned professional tasks.","Job title: Digital Marketing Specialist. Sector: Marketing. Minimum experience: 2 years. Education: Bachelor's degree in Marketing, Business or related subject. Required skills: digital marketing, SEO, social media marketing, content marketing, Google Analytics, campaign management. Preferred skills: Google Ads, email marketing, Canva, copywriting, conversion optimisation. Responsibilities: Plan and deliver digital marketing campaigns; Optimise website content for search engines; Manage social media channels; Analyse campaign performance; Prepare marketing-performance reports.",0,0.0,0.49758273363113403,0.748791366815567,5.709607471736368,0.4492748200893402
CAND012,JOB001,Software Engineer,"Candidate identifier: CAND012. Professional profile: Software Engineer. Education: Bachelor's degree in Computing. Professional experience: 7 years. Skills: JavaScript, SQL, HTML, CSS, software testing, Python, React, Flask, REST APIs. Experience evidence: developed web applications; deployed applications using Docker; participated in Agile development. The candidate has worked with team members, communicated with stakeholders and completed assigned professional tasks.","Job title: Software Engineer. Sector: Technology. Minimum experience: 2 years. Education: Bachelor's degree in Computer Science or related subject. Required skills: Python, JavaScript, Git, SQL, REST APIs, software testing. Preferred skills: Docker, AWS, React, Agile, CI/CD. Responsibilities: Develop and maintain web applications; Design and integrate REST APIs; Write automated tests; Participate in code reviews; Work within an Agile development team.",3,0.7866666666666667,0.6686379909515381,0.834318995475769,39.497945140437515,0.8152580639521281
CAND012,JOB002,Data Analyst,"Candidate identifier: CAND012. Professional profile: Software Engineer. Education: Bachelor's degree in Computing. Professional experience: 7 years. Skills: JavaScript, SQL, HTML, CSS, software testing, Python, React, Flask, REST APIs. Experience evidence: developed web applications; deployed applications using Docker; participated in Agile development. The candidate has worked with team members, communicated with stakeholders and completed assigned professional tasks.","Job title: Data Analyst. Sector: Data and Analytics. Minimum experience: 2 years. Education: Bachelor's degree in Data Science, Statistics or related subject. Required skills: Python, SQL, Excel, data analysis, data visualisation, statistics. Preferred skills: Power BI, Tableau, Pandas, machine learning, dashboard development. Responsibilities: Clean and analyse organisational data; Create reports and dashboards; Identify trends and patterns; Communicate findings to stakeholders; Support evidence-based decision making.",1,0.26666666666666666,0.470106840133667,0.7350534200668335,11.974329392055346,0.5476987187067668
CAND012,JOB003,Cybersecurity Analyst,"Candidate identifier: CAND012. Professional profile: Software Engineer. Education: Bachelor's degree in Computing. Professional experience: 7 years. Skills: JavaScript, SQL, HTML, CSS, software testing, Python, React, Flask, REST APIs. Experience evidence: developed web applications; deployed applications using Docker; participated in Agile development. The candidate has worked with team members, communicated with stakeholders and completed assigned professional tasks.","Job title: Cybersecurity Analyst. Sector: Cybersecurity. Minimum experience: 2 years. Education: Bachelor's degree in Cybersecurity, Computing or related subject. Required skills: network security, risk assessment, incident response, vulnerability assessment, SIEM, security monitoring. Preferred skills: penetration testing, Splunk, ISO 27001, NIST, Python, cloud security. Responsibilities: Monitor networks for security threats; Investigate security incidents; Conduct vulnerability assessments; Prepare risk and incident reports; Support security-policy implementation.",1,0.03333333333333333,0.5107607841491699,0.755380392074585,9.296414045577938,0.4665615685780843
CAND012,JOB004,IT Project Manager,"Candidate identifier: CAND012. Professional profile: Software Engineer. Education: Bachelor's degree in Computing. Professional experience: 7 years. Skills: JavaScript, SQL, HTML, CSS, software testing, Python, React, Flask, REST APIs. Experience evidence: developed web applications; deployed applications using Docker; participated in Agile development. The candidate has worked with team members, communicated with stakeholders and completed assigned professional tasks.","Job title: IT Project Manager. Sector: Information Technology. Minimum experience: 3 years. Education: Bachelor's degree in IT, Business or related subject. Required skills: project management, stakeholder management, risk management, budget management, Agile, communication. Preferred skills: Scrum, Jira, PRINCE2, leadership, resource planning. Responsibilities: Plan and manage technology projects; Coordinate multidisciplinary teams; Control project risks and budgets; Report progress to stakeholders; Ensure timely delivery of project objectives.",1,0.13333333333333333,0.5090349316596985,0.7545174658298492,7.916610352673107,0.5060438128312429
CAND012,JOB005,Digital Marketing Specialist,"Candidate identifier: CAND012. Professional profile: Software Engineer. Education: Bachelor's degree in Computing. Professional experience: 7 years. Skills: JavaScript, SQL, HTML, CSS, software testing, Python, React, Flask, REST APIs. Experience evidence: developed web applications; deployed applications using Docker; participated in Agile development. The candidate has worked with team members, communicated with stakeholders and completed assigned professional tasks.","Job title: Digital Marketing Specialist. Sector: Marketing. Minimum experience: 2 years. Education: Bachelor's degree in Marketing, Business or related subject. Required skills: digital marketing, SEO, social media marketing, content marketing, Google Analytics, campaign management. Preferred skills: Google Ads, email marketing, Canva, copywriting, conversion optimisation. Responsibilities: Plan and deliver digital marketing campaigns; Optimise website content for search engines; Manage social media channels; Analyse campaign performance; Prepare marketing-performance reports.",0,0.0,0.500723123550415,0.7503615617752075,5.834426736596868,0.4502169370651245
CAND013,JOB001,Software Engineer,"Candidate identifier: CAND013. Professional profile: Software Engineer. Education: Master's degree in Information Technology. Professional experience: 0 years. Skills: JavaScript, React, SQL, REST APIs, CI/CD. Experience evidence: created and integrated REST APIs; participated in Agile development; deployed applications using Docker; wrote automated software tests; managed code using Git. The candidate has worked with team members, communicated with stakeholders and completed assigned professional tasks.","Job title: Software Engineer. Sector: Technology. Minimum experience: 2 years. Education: Bachelor's degree in Computer Science or related subject. Required skills: Python, JavaScript, Git, SQL, REST APIs, software testing. Preferred skills: Docker, AWS, React, Agile, CI/CD. Responsibilities: Develop and maintain web applications; Design and integrate REST APIs; Write automated tests; Participate in code reviews; Work within an Agile development team.",2,0.6933333333333334,0.6393484473228455,0.8196742236614227,47.01660045913477,0.769137867530187
CAND013,JOB002,Data Analyst,"Candidate identifier: CAND013. Professional profile: Software Engineer. Education: Master's degree in Information Technology. Professional experience: 0 years. Skills: JavaScript, React, SQL, REST APIs, CI/CD. Experience evidence: created and integrated REST APIs; participated in Agile development; deployed applications using Docker; wrote automated software tests; managed code using Git. The candidate has worked with team members, communicated with stakeholders and completed assigned professional tasks.","Job title: Data Analyst. Sector: Data and Analytics. Minimum experience: 2 years. Education: Bachelor's degree in Data Science, Statistics or related subject. Required skills: Python, SQL, Excel, data analysis, data visualisation, statistics. Preferred skills: Power BI, Tableau, Pandas, machine learning, dashboard development. Responsibilities: Clean and analyse organisational data; Create reports and dashboards; Identify trends and patterns; Communicate findings to stakeholders; Support evidence-based decision making.",1,0.13333333333333333,0.4342210590839386,0.7171105295419693,10.820872382290075,0.48359965105851493
CAND013,JOB003,Cybersecurity Analyst,"Candidate identifier: CAND013. Professional profile: Software Engineer. Education: Master's degree in Information Technology. Professional experience: 0 years. Skills: JavaScript, React, SQL, REST APIs, CI/CD. Experience evidence: created and integrated REST APIs; participated in Agile development; deployed applications using Docker; wrote automated software tests; managed code using Git. The candidate has worked with team members, communicated with stakeholders and completed assigned professional tasks.","Job title: Cybersecurity Analyst. Sector: Cybersecurity. Minimum experience: 2 years. Education: Bachelor's degree in Cybersecurity, Computing or related subject. Required skills: network security, risk assessment, incident response, vulnerability assessment, SIEM, security monitoring. Preferred skills: penetration testing, Splunk, ISO 27001, NIST, Python, cloud security. Responsibilities: Monitor networks for security threats; Investigate security incidents; Conduct vulnerability assessments; Prepare risk and incident reports; Support security-policy implementation.",1,0.0,0.4799111485481262,0.7399555742740631,5.27301232608725,0.4439733445644379
CAND013,JOB004,IT Project Manager,"Candidate identifier: CAND013. Professional profile: Software Engineer. Education: Master's degree in Information Technology. Professional experience: 0 years. Skills: JavaScript, React, SQL, REST APIs, CI/CD. Experience evidence: created and integrated REST APIs; participated in Agile development; deployed applications using Docker; wrote automated software tests; managed code using Git. The candidate has worked with team members, communicated with stakeholders and completed assigned professional tasks.","Job title: IT Project Manager. Sector: Information Technology. Minimum experience: 3 years. Education: Bachelor's degree in IT, Business or related subject. Required skills: project management, stakeholder management, risk management, budget management, Agile, communication. Preferred skills: Scrum, Jira, PRINCE2, leadership, resource planning. Responsibilities: Plan and manage technology projects; Coordinate multidisciplinary teams; Control project risks and budgets; Report progress to stakeholders; Ensure timely delivery of project objectives.",1,0.13333333333333333,0.5127457976341248,0.7563728988170624,9.824617067235412,0.5071570726235707
CAND013,JOB005,Digital Marketing Specialist,"Candidate identifier: CAND013. Professional profile: Software Engineer. Education: Master's degree in Information Technology. Professional experience: 0 years. Skills: JavaScript, React, SQL, REST APIs, CI/CD. Experience evidence: created and integrated REST APIs; participated in Agile development; deployed applications using Docker; wrote automated software tests; managed code using Git. The candidate has worked with team members, communicated with stakeholders and completed assigned professional tasks.","Job title: Digital Marketing Specialist. Sector: Marketing. Minimum experience: 2 years. Education: Bachelor's degree in Marketing, Business or related subject. Required skills: digital marketing, SEO, social media marketing, content marketing, Google Analytics, campaign management. Preferred skills: Google Ads, email marketing, Canva, copywriting, conversion optimisation. Responsibilities: Plan and deliver digital marketing campaigns; Optimise website content for search engines; Manage social media channels; Analyse campaign performance; Prepare marketing-performance reports.",0,0.0,0.4843752384185791,0.7421876192092896,5.27301232608725,0.44531257152557374
CAND014,JOB001,Software Engineer,"Candidate identifier: CAND014. Professional profile: Junior Software Developer. Education: Bachelor's degree in Computing. Professional experience: 6 years. Skills: JavaScript, CSS, CI/CD, Docker. Experience evidence: managed code using Git; deployed applications using Docker; participated in Agile development; wrote automated software tests. The candidate has worked with team members, communicated with stakeholders and completed assigned professional tasks.","Job title: Software Engineer. Sector: Technology. Minimum experience: 2 years. Education: Bachelor's degree in Computer Science or related subject. Required skills: Python, JavaScript, Git, SQL, REST APIs, software testing. Preferred skills: Docker, AWS, React, Agile, CI/CD. Responsibilities: Develop and maintain web applications; Design and integrate REST APIs; Write automated tests; Participate in code reviews; Work within an Agile development team.",2,0.38666666666666666,0.6143012046813965,0.8071506023406982,33.62999818836189,0.6389570280710857
CAND014,JOB002,Data Analyst,"Candidate identifier: CAND014. Professional profile: Junior Software Developer. Education: Bachelor's degree in Computing. Professional experience: 6 years. Skills: JavaScript, CSS, CI/CD, Docker. Experience evidence: managed code using Git; deployed applications using Docker; participated in Agile development; wrote automated software tests. The candidate has worked with team members, communicated with stakeholders and completed assigned professional tasks.","Job title: Data Analyst. Sector: Data and Analytics. Minimum experience: 2 years. Education: Bachelor's degree in Data Science, Statistics or related subject. Required skills: Python, SQL, Excel, data analysis, data visualisation, statistics. Preferred skills: Power BI, Tableau, Pandas, machine learning, dashboard development. Responsibilities: Clean and analyse organisational data; Create reports and dashboards; Identify trends and patterns; Communicate findings to stakeholders; Support evidence-based decision making.",1,0.0,0.42454636096954346,0.7122731804847717,9.804091373856062,0.427363908290863
CAND014,JOB003,Cybersecurity Analyst,"Candidate identifier: CAND014. Professional profile: Junior Software Developer. Education: Bachelor's degree in Computing. Professional experience: 6 years. Skills: JavaScript, CSS, CI/CD, Docker. Experience evidence: managed code using Git; deployed applications using Docker; participated in Agile development; wrote automated software tests. The candidate has worked with team members, communicated with stakeholders and completed assigned professional tasks.","Job title: Cybersecurity Analyst. Sector: Cybersecurity. Minimum experience: 2 years. Education: Bachelor's degree in Cybersecurity, Computing or related subject. Required skills: network security, risk assessment, incident response, vulnerability assessment, SIEM, security monitoring. Preferred skills: penetration testing, Splunk, ISO 27001, NIST, Python, cloud security. Responsibilities: Monitor networks for security threats; Investigate security incidents; Conduct vulnerability assessments; Prepare risk and incident reports; Support security-policy implementation.",1,0.0,0.47561901807785034,0.7378095090389252,6.891719501748939,0.4426857054233551
CAND014,JOB004,IT Project Manager,"Candidate identifier: CAND014. Professional profile: Junior Software Developer. Education: Bachelor's degree in Computing. Professional experience: 6 years. Skills: JavaScript, CSS, CI/CD, Docker. Experience evidence: managed code using Git; deployed applications using Docker; participated in Agile development; wrote automated software tests. The candidate has worked with team members, communicated with stakeholders and completed assigned professional tasks.","Job title: IT Project Manager. Sector: Information Technology. Minimum experience: 3 years. Education: Bachelor's degree in IT, Business or related subject. Required skills: project management, stakeholder management, risk management, budget management, Agile, communication. Preferred skills: Scrum, Jira, PRINCE2, leadership, resource planning. Responsibilities: Plan and manage technology projects; Coordinate multidisciplinary teams; Control project risks and budgets; Report progress to stakeholders; Ensure timely delivery of project objectives.",1,0.13333333333333333,0.5105393528938293,0.7552696764469147,7.916610352673107,0.5064951392014821
CAND014,JOB005,Digital Marketing Specialist,"Candidate identifier: CAND014. Professional profile: Junior Software Developer. Education: Bachelor's degree in Computing. Professional experience: 6 years. Skills: JavaScript, CSS, CI/CD, Docker. Experience evidence: managed code using Git; deployed applications using Docker; participated in Agile development; wrote automated software tests. The candidate has worked with team members, communicated with stakeholders and completed assigned professional tasks.","Job title: Digital Marketing Specialist. Sector: Marketing. Minimum experience: 2 years. Education: Bachelor's degree in Marketing, Business or related subject. Required skills: digital marketing, SEO, social media marketing, content marketing, Google Analytics, campaign management. Preferred skills: Google Ads, email marketing, Canva, copywriting, conversion optimisation. Responsibilities: Plan and deliver digital marketing campaigns; Optimise website content for search engines; Manage social media channels; Analyse campaign performance; Prepare marketing-performance reports.",0,0.0,0.4532300531864166,0.7266150265932083,5.834426736596868,0.43596901595592497
CAND015,JOB001,Software Engineer,"Candidate identifier: CAND015. Professional profile: Backend Developer. Education: Bachelor's degree in Business. Professional experience: 0 years. Skills: Django, software testing, Flask, JavaScript, SQL, CI/CD. Experience evidence: participated in Agile development; managed code using Git; created and integrated REST APIs. The candidate has worked with team members, communicated with stakeholders and completed assigned professional tasks.","Job title: Software Engineer. Sector: Technology. Minimum experience: 2 years. Education: Bachelor's degree in Computer Science or related subject. Required skills: Python, JavaScript, Git, SQL, REST APIs, software testing. Preferred skills: Docker, AWS, React, Agile, CI/CD. Responsibilities: Develop and maintain web applications; Design and integrate REST APIs; Write automated tests; Participate in code reviews; Work within an Agile development team.",2,0.7466666666666668,0.5682821869850159,0.7841410934925079,34.136303609126976,0.7691513227621715
CAND015,JOB002,Data Analyst,"Candidate identifier: CAND015. Professional profile: Backend Developer. Education: Bachelor's degree in Business. Professional experience: 0 years. Skills: Django, software testing, Flask, JavaScript, SQL, CI/CD. Experience evidence: participated in Agile development; managed code using Git; created and integrated REST APIs. The candidate has worked with team members, communicated with stakeholders and completed assigned professional tasks.","Job title: Data Analyst. Sector: Data and Analytics. Minimum experience: 2 years. Education: Bachelor's degree in Data Science, Statistics or related subject. Required skills: Python, SQL, Excel, data analysis, data visualisation, statistics. Preferred skills: Power BI, Tableau, Pandas, machine learning, dashboard development. Responsibilities: Clean and analyse organisational data; Create reports and dashboards; Identify trends and patterns; Communicate findings to stakeholders; Support evidence-based decision making.",1,0.13333333333333333,0.4379187524318695,0.7189593762159348,11.953040009365228,0.4847089590628942
CAND015,JOB003,Cybersecurity Analyst,"Candidate identifier: CAND015. Professional profile: Backend Developer. Education: Bachelor's degree in Business. Professional experience: 0 years. Skills: Django, software testing, Flask, JavaScript, SQL, CI/CD. Experience evidence: participated in Agile development; managed code using Git; created and integrated REST APIs. The candidate has worked with team members, communicated with stakeholders and completed assigned professional tasks.","Job title: Cybersecurity Analyst. Sector: Cybersecurity. Minimum experience: 2 years. Education: Bachelor's degree in Cybersecurity, Computing or related subject. Required skills: network security, risk assessment, incident response, vulnerability assessment, SIEM, security monitoring. Preferred skills: penetration testing, Splunk, ISO 27001, NIST, Python, cloud security. Responsibilities: Monitor networks for security threats; Investigate security incidents; Conduct vulnerability assessments; Prepare risk and incident reports; Support security-policy implementation.",0,0.0,0.4623933732509613,0.7311966866254807,7.51175886069278,0.43871801197528837
CAND015,JOB004,IT Project Manager,"Candidate identifier: CAND015. Professional profile: Backend Developer. Education: Bachelor's degree in Business. Professional experience: 0 years. Skills: Django, software testing, Flask, JavaScript, SQL, CI/CD. Experience evidence: participated in Agile development; managed code using Git; created and integrated REST APIs. The candidate has worked with team members, communicated with stakeholders and completed assigned professional tasks.","Job title: IT Project Manager. Sector: Information Technology. Minimum experience: 3 years. Education: Bachelor's degree in IT, Business or related subject. Required skills: project management, stakeholder management, risk management, budget management, Agile, communication. Preferred skills: Scrum, Jira, PRINCE2, leadership, resource planning. Responsibilities: Plan and manage technology projects; Coordinate multidisciplinary teams; Control project risks and budgets; Report progress to stakeholders; Ensure timely delivery of project objectives.",1,0.13333333333333333,0.4879973828792572,0.7439986914396286,10.443357952683611,0.4997325481971105
CAND015,JOB005,Digital Marketing Specialist,"Candidate identifier: CAND015. Professional profile: Backend Developer. Education: Bachelor's degree in Business. Professional experience: 0 years. Skills: Django, software testing, Flask, JavaScript, SQL, CI/CD. Experience evidence: participated in Agile development; managed code using Git; created and integrated REST APIs. The candidate has worked with team members, communicated with stakeholders and completed assigned professional tasks.","Job title: Digital Marketing Specialist. Sector: Marketing. Minimum experience: 2 years. Education: Bachelor's degree in Marketing, Business or related subject. Required skills: digital marketing, SEO, social media marketing, content marketing, Google Analytics, campaign management. Preferred skills: Google Ads, email marketing, Canva, copywriting, conversion optimisation. Responsibilities: Plan and deliver digital marketing campaigns; Optimise website content for search engines; Manage social media channels; Analyse campaign performance; Prepare marketing-performance reports.",1,0.0,0.47888094186782837,0.7394404709339142,8.119342901204558,0.4436642825603485
CAND016,JOB001,Software Engineer,"Candidate identifier: CAND016. Professional profile: Junior Software Developer. Education: Bachelor's degree in Computing. Professional experience: 4 years. Skills: SQL, HTML, JavaScript, AWS, React, Flask. Experience evidence: deployed applications using Docker; participated in Agile development. The candidate has worked with team members, communicated with stakeholders and completed assigned professional tasks.","Job title: Software Engineer. Sector: Technology. Minimum experience: 2 years. Education: Bachelor's degree in Computer Science or related subject. Required skills: Python, JavaScript, Git, SQL, REST APIs, software testing. Preferred skills: Docker, AWS, React, Agile, CI/CD. Responsibilities: Develop and maintain web applications; Design and integrate REST APIs; Write automated tests; Participate in code reviews; Work within an Agile development team.",2,0.4266666666666667,0.6046172380447388,0.8023086190223694,26.72183976617508,0.6520518380800884
CAND016,JOB002,Data Analyst,"Candidate identifier: CAND016. Professional profile: Junior Software Developer. Education: Bachelor's degree in Computing. Professional experience: 4 years. Skills: SQL, HTML, JavaScript, AWS, React, Flask. Experience evidence: deployed applications using Docker; participated in Agile development. The candidate has worked with team members, communicated with stakeholders and completed assigned professional tasks.","Job title: Data Analyst. Sector: Data and Analytics. Minimum experience: 2 years. Education: Bachelor's degree in Data Science, Statistics or related subject. Required skills: Python, SQL, Excel, data analysis, data visualisation, statistics. Preferred skills: Power BI, Tableau, Pandas, machine learning, dashboard development. Responsibilities: Clean and analyse organisational data; Create reports and dashboards; Identify trends and patterns; Communicate findings to stakeholders; Support evidence-based decision making.",1,0.13333333333333333,0.45048776268959045,0.7252438813447952,11.565237737054382,0.4884796621402105
CAND016,JOB003,Cybersecurity Analyst,"Candidate identifier: CAND016. Professional profile: Junior Software Developer. Education: Bachelor's degree in Computing. Professional experience: 4 years. Skills: SQL, HTML, JavaScript, AWS, React, Flask. Experience evidence: deployed applications using Docker; participated in Agile development. The candidate has worked with team members, communicated with stakeholders and completed assigned professional tasks.","Job title: Cybersecurity Analyst. Sector: Cybersecurity. Minimum experience: 2 years. Education: Bachelor's degree in Cybersecurity, Computing or related subject. Required skills: network security, risk assessment, incident response, vulnerability assessment, SIEM, security monitoring. Preferred skills: penetration testing, Splunk, ISO 27001, NIST, Python, cloud security. Responsibilities: Monitor networks for security threats; Investigate security incidents; Conduct vulnerability assessments; Prepare risk and incident reports; Support security-policy implementation.",1,0.0,0.48497772216796875,0.7424888610839844,7.256764719826956,0.4454933166503906
CAND016,JOB004,IT Project Manager,"Candidate identifier: CAND016. Professional profile: Junior Software Developer. Education: Bachelor's degree in Computing. Professional experience: 4 years. Skills: SQL, HTML, JavaScript, AWS, React, Flask. Experience evidence: deployed applications using Docker; participated in Agile development. The candidate has worked with team members, communicated with stakeholders and completed assigned professional tasks.","Job title: IT Project Manager. Sector: Information Technology. Minimum experience: 3 years. Education: Bachelor's degree in IT, Business or related subject. Required skills: project management, stakeholder management, risk management, budget management, Agile, communication. Preferred skills: Scrum, Jira, PRINCE2, leadership, resource planning. Responsibilities: Plan and manage technology projects; Coordinate multidisciplinary teams; Control project risks and budgets; Report progress to stakeholders; Ensure timely delivery of project objectives.",1,0.13333333333333333,0.48978590965270996,0.744892954826355,8.33983658285102,0.5002691062291463
CAND016,JOB005,Digital Marketing Specialist,"Candidate identifier: CAND016. Professional profile: Junior Software Developer. Education: Bachelor's degree in Computing. Professional experience: 4 years. Skills: SQL, HTML, JavaScript, AWS, React, Flask. Experience evidence: deployed applications using Docker; participated in Agile development. The candidate has worked with team members, communicated with stakeholders and completed assigned professional tasks.","Job title: Digital Marketing Specialist. Sector: Marketing. Minimum experience: 2 years. Education: Bachelor's degree in Marketing, Business or related subject. Required skills: digital marketing, SEO, social media marketing, content marketing, Google Analytics, campaign management. Preferred skills: Google Ads, email marketing, Canva, copywriting, conversion optimisation. Responsibilities: Plan and deliver digital marketing campaigns; Optimise website content for search engines; Manage social media channels; Analyse campaign performance; Prepare marketing-performance reports.",0,0.0,0.4431043267250061,0.721552163362503,6.139451550446496,0.4329312980175018
CAND017,JOB001,Software Engineer,"Candidate identifier: CAND017. Professional profile: Full-Stack Developer. Education: Master's degree in Information Technology. Professional experience: 3 years. Skills: Docker, AWS, HTML, SQL. Experience evidence: developed web applications; created and integrated REST APIs; managed code using Git; deployed applications using Docker; participated in Agile development. The candidate has worked with team members, communicated with stakeholders and completed assigned professional tasks.","Job title: Software Engineer. Sector: Technology. Minimum experience: 2 years. Education: Bachelor's degree in Computer Science or related subject. Required skills: Python, JavaScript, Git, SQL, REST APIs, software testing. Preferred skills: Docker, AWS, React, Agile, CI/CD. Responsibilities: Develop and maintain web applications; Design and integrate REST APIs; Write automated tests; Participate in code reviews; Work within an Agile development team.",2,0.52,0.6414086222648621,0.820704311132431,32.284895449448676,0.7004225866794587
CAND017,JOB002,Data Analyst,"Candidate identifier: CAND017. Professional profile: Full-Stack Developer. Education: Master's degree in Information Technology. Professional experience: 3 years. Skills: Docker, AWS, HTML, SQL. Experience evidence: developed web applications; created and integrated REST APIs; managed code using Git; deployed applications using Docker; participated in Agile development. The candidate has worked with team members, communicated with stakeholders and completed assigned professional tasks.","Job title: Data Analyst. Sector: Data and Analytics. Minimum experience: 2 years. Education: Bachelor's degree in Data Science, Statistics or related subject. Required skills: Python, SQL, Excel, data analysis, data visualisation, statistics. Preferred skills: Power BI, Tableau, Pandas, machine learning, dashboard development. Responsibilities: Clean and analyse organisational data; Create reports and dashboards; Identify trends and patterns; Communicate findings to stakeholders; Support evidence-based decision making.",1,0.13333333333333333,0.46078091859817505,0.7303904592990875,11.03454615888469,0.49156760891278584
CAND017,JOB003,Cybersecurity Analyst,"Candidate identifier: CAND017. Professional profile: Full-Stack Developer. Education: Master's degree in Information Technology. Professional experience: 3 years. Skills: Docker, AWS, HTML, SQL. Experience evidence: developed web applications; created and integrated REST APIs; managed code using Git; deployed applications using Docker; participated in Agile development. The candidate has worked with team members, communicated with stakeholders and completed assigned professional tasks.","Job title: Cybersecurity Analyst. Sector: Cybersecurity. Minimum experience: 2 years. Education: Bachelor's degree in Cybersecurity, Computing or related subject. Required skills: network security, risk assessment, incident response, vulnerability assessment, SIEM, security monitoring. Preferred skills: penetration testing, Splunk, ISO 27001, NIST, Python, cloud security. Responsibilities: Monitor networks for security threats; Investigate security incidents; Conduct vulnerability assessments; Prepare risk and incident reports; Support security-policy implementation.",1,0.0,0.48822808265686035,0.7441140413284302,5.376779636498953,0.4464684247970581
CAND017,JOB004,IT Project Manager,"Candidate identifier: CAND017. Professional profile: Full-Stack Developer. Education: Master's degree in Information Technology. Professional experience: 3 years. Skills: Docker, AWS, HTML, SQL. Experience evidence: developed web applications; created and integrated REST APIs; managed code using Git; deployed applications using Docker; participated in Agile development. The candidate has worked with team members, communicated with stakeholders and completed assigned professional tasks.","Job title: IT Project Manager. Sector: Information Technology. Minimum experience: 3 years. Education: Bachelor's degree in IT, Business or related subject. Required skills: project management, stakeholder management, risk management, budget management, Agile, communication. Preferred skills: Scrum, Jira, PRINCE2, leadership, resource planning. Responsibilities: Plan and manage technology projects; Coordinate multidisciplinary teams; Control project risks and budgets; Report progress to stakeholders; Ensure timely delivery of project objectives.",1,0.13333333333333333,0.5158668756484985,0.7579334378242493,12.16299676036592,0.5080933960278828
CAND017,JOB005,Digital Marketing Specialist,"Candidate identifier: CAND017. Professional profile: Full-Stack Developer. Education: Master's degree in Information Technology. Professional experience: 3 years. Skills: Docker, AWS, HTML, SQL. Experience evidence: developed web applications; created and integrated REST APIs; managed code using Git; deployed applications using Docker; participated in Agile development. The candidate has worked with team members, communicated with stakeholders and completed assigned professional tasks.","Job title: Digital Marketing Specialist. Sector: Marketing. Minimum experience: 2 years. Education: Bachelor's degree in Marketing, Business or related subject. Required skills: digital marketing, SEO, social media marketing, content marketing, Google Analytics, campaign management. Preferred skills: Google Ads, email marketing, Canva, copywriting, conversion optimisation. Responsibilities: Plan and deliver digital marketing campaigns; Optimise website content for search engines; Manage social media channels; Analyse campaign performance; Prepare marketing-performance reports.",0,0.0,0.464533269405365,0.7322666347026825,5.376779636498953,0.4393599808216095
CAND018,JOB001,Software Engineer,"Candidate identifier: CAND018. Professional profile: Junior Software Developer. Education: Professional diploma with relevant training. Professional experience: 4 years. Skills: Django, CSS, Flask, React, CI/CD, AWS. Experience evidence: created and integrated REST APIs; wrote automated software tests; deployed applications using Docker. The candidate has worked with team members, communicated with stakeholders and completed assigned professional tasks.","Job title: Software Engineer. Sector: Technology. Minimum experience: 2 years. Education: Bachelor's degree in Computer Science or related subject. Required skills: Python, JavaScript, Git, SQL, REST APIs, software testing. Preferred skills: Docker, AWS, React, Agile, CI/CD. Responsibilities: Develop and maintain web applications; Design and integrate REST APIs; Write automated tests; Participate in code reviews; Work within an Agile development team.",1,0.29333333333333333,0.631446361541748,0.815723180770874,32.62876255308391,0.6067672417958577
CAND018,JOB002,Data Analyst,"Candidate identifier: CAND018. Professional profile: Junior Software Developer. Education: Professional diploma with relevant training. Professional experience: 4 years. Skills: Django, CSS, Flask, React, CI/CD, AWS. Experience evidence: created and integrated REST APIs; wrote automated software tests; deployed applications using Docker. The candidate has worked with team members, communicated with stakeholders and completed assigned professional tasks.","Job title: Data Analyst. Sector: Data and Analytics. Minimum experience: 2 years. Education: Bachelor's degree in Data Science, Statistics or related subject. Required skills: Python, SQL, Excel, data analysis, data visualisation, statistics. Preferred skills: Power BI, Tableau, Pandas, machine learning, dashboard development. Responsibilities: Clean and analyse organisational data; Create reports and dashboards; Identify trends and patterns; Communicate findings to stakeholders; Support evidence-based decision making.",0,0.0,0.43292558193206787,0.7164627909660339,7.09574799546346,0.42987767457962034
CAND018,JOB003,Cybersecurity Analyst,"Candidate identifier: CAND018. Professional profile: Junior Software Developer. Education: Professional diploma with relevant training. Professional experience: 4 years. Skills: Django, CSS, Flask, React, CI/CD, AWS. Experience evidence: created and integrated REST APIs; wrote automated software tests; deployed applications using Docker. The candidate has worked with team members, communicated with stakeholders and completed assigned professional tasks.","Job title: Cybersecurity Analyst. Sector: Cybersecurity. Minimum experience: 2 years. Education: Bachelor's degree in Cybersecurity, Computing or related subject. Required skills: network security, risk assessment, incident response, vulnerability assessment, SIEM, security monitoring. Preferred skills: penetration testing, Splunk, ISO 27001, NIST, Python, cloud security. Responsibilities: Monitor networks for security threats; Investigate security incidents; Conduct vulnerability assessments; Prepare risk and incident reports; Support security-policy implementation.",0,0.0,0.4866211414337158,0.7433105707168579,3.7062414272437936,0.44598634243011476
CAND018,JOB004,IT Project Manager,"Candidate identifier: CAND018. Professional profile: Junior Software Developer. Education: Professional diploma with relevant training. Professional experience: 4 years. Skills: Django, CSS, Flask, React, CI/CD, AWS. Experience evidence: created and integrated REST APIs; wrote automated software tests; deployed applications using Docker. The candidate has worked with team members, communicated with stakeholders and completed assigned professional tasks.","Job title: IT Project Manager. Sector: Information Technology. Minimum experience: 3 years. Education: Bachelor's degree in IT, Business or related subject. Required skills: project management, stakeholder management, risk management, budget management, Agile, communication. Preferred skills: Scrum, Jira, PRINCE2, leadership, resource planning. Responsibilities: Plan and manage technology projects; Coordinate multidisciplinary teams; Control project risks and budgets; Report progress to stakeholders; Ensure timely delivery of project objectives.",0,0.0,0.48138368129730225,0.7406918406486511,5.016898247704185,0.4444151043891907
CAND018,JOB005,Digital Marketing Specialist,"Candidate identifier: CAND018. Professional profile: Junior Software Developer. Education: Professional diploma with relevant training. Professional experience: 4 years. Skills: Django, CSS, Flask, React, CI/CD, AWS. Experience evidence: created and integrated REST APIs; wrote automated software tests; deployed applications using Docker. The candidate has worked with team members, communicated with stakeholders and completed assigned professional tasks.","Job title: Digital Marketing Specialist. Sector: Marketing. Minimum experience: 2 years. Education: Bachelor's degree in Marketing, Business or related subject. Required skills: digital marketing, SEO, social media marketing, content marketing, Google Analytics, campaign management. Preferred skills: Google Ads, email marketing, Canva, copywriting, conversion optimisation. Responsibilities: Plan and deliver digital marketing campaigns; Optimise website content for search engines; Manage social media channels; Analyse campaign performance; Prepare marketing-performance reports.",0,0.0,0.46437153220176697,0.7321857661008835,3.7062414272437936,0.4393114596605301
CAND019,JOB001,Software Engineer,"Candidate identifier: CAND019. Professional profile: Software Engineer. Education: Bachelor's degree in Computing. Professional experience: 8 years. Skills: Django, software testing, Python. Experience evidence: participated in Agile development; managed code using Git. The candidate has worked with team members, communicated with stakeholders and completed assigned professional tasks.","Job title: Software Engineer. Sector: Technology. Minimum experience: 2 years. Education: Bachelor's degree in Computer Science or related subject. Required skills: Python, JavaScript, Git, SQL, REST APIs, software testing. Preferred skills: Docker, AWS, React, Agile, CI/CD. Responsibilities: Develop and maintain web applications; Design and integrate REST APIs; Write automated tests; Participate in code reviews; Work within an Agile development team.",2,0.44000000000000006,0.5806980133056641,0.790349006652832,26.682719882651334,0.6502094039916992
CAND019,JOB002,Data Analyst,"Candidate identifier: CAND019. Professional profile: Software Engineer. Education: Bachelor's degree in Computing. Professional experience: 8 years. Skills: Django, software testing, Python. Experience evidence: participated in Agile development; managed code using Git. The candidate has worked with team members, communicated with stakeholders and completed assigned professional tasks.","Job title: Data Analyst. Sector: Data and Analytics. Minimum experience: 2 years. Education: Bachelor's degree in Data Science, Statistics or related subject. Required skills: Python, SQL, Excel, data analysis, data visualisation, statistics. Preferred skills: Power BI, Tableau, Pandas, machine learning, dashboard development. Responsibilities: Clean and analyse organisational data; Create reports and dashboards; Identify trends and patterns; Communicate findings to stakeholders; Support evidence-based decision making.",1,0.13333333333333333,0.4354555010795593,0.7177277505397797,11.66916546638118,0.4839699836572011
CAND019,JOB003,Cybersecurity Analyst,"Candidate identifier: CAND019. Professional profile: Software Engineer. Education: Bachelor's degree in Computing. Professional experience: 8 years. Skills: Django, software testing, Python. Experience evidence: participated in Agile development; managed code using Git. The candidate has worked with team members, communicated with stakeholders and completed assigned professional tasks.","Job title: Cybersecurity Analyst. Sector: Cybersecurity. Minimum experience: 2 years. Education: Bachelor's degree in Cybersecurity, Computing or related subject. Required skills: network security, risk assessment, incident response, vulnerability assessment, SIEM, security monitoring. Preferred skills: penetration testing, Splunk, ISO 27001, NIST, Python, cloud security. Responsibilities: Monitor networks for security threats; Investigate security incidents; Conduct vulnerability assessments; Prepare risk and incident reports; Support security-policy implementation.",1,0.03333333333333333,0.49747034907341003,0.748735174536705,10.030125348210435,0.4625744380553563
CAND019,JOB004,IT Project Manager,"Candidate identifier: CAND019. Professional profile: Software Engineer. Education: Bachelor's degree in Computing. Professional experience: 8 years. Skills: Django, software testing, Python. Experience evidence: participated in Agile development; managed code using Git. The candidate has worked with team members, communicated with stakeholders and completed assigned professional tasks.","Job title: IT Project Manager. Sector: Information Technology. Minimum experience: 3 years. Education: Bachelor's degree in IT, Business or related subject. Required skills: project management, stakeholder management, risk management, budget management, Agile, communication. Preferred skills: Scrum, Jira, PRINCE2, leadership, resource planning. Responsibilities: Plan and manage technology projects; Coordinate multidisciplinary teams; Control project risks and budgets; Report progress to stakeholders; Ensure timely delivery of project objectives.",1,0.13333333333333333,0.501610279083252,0.750805139541626,8.535633230730497,0.5038164170583089
CAND019,JOB005,Digital Marketing Specialist,"Candidate identifier: CAND019. Professional profile: Software Engineer. Education: Bachelor's degree in Computing. Professional experience: 8 years. Skills: Django, software testing, Python. Experience evidence: participated in Agile development; managed code using Git. The candidate has worked with team members, communicated with stakeholders and completed assigned professional tasks.","Job title: Digital Marketing Specialist. Sector: Marketing. Minimum experience: 2 years. Education: Bachelor's degree in Marketing, Business or related subject. Required skills: digital marketing, SEO, social media marketing, content marketing, Google Analytics, campaign management. Preferred skills: Google Ads, email marketing, Canva, copywriting, conversion optimisation. Responsibilities: Plan and deliver digital marketing campaigns; Optimise website content for search engines; Manage social media channels; Analyse campaign performance; Prepare marketing-performance reports.",0,0.0,0.4749678671360016,0.7374839335680008,6.280379807817353,0.44249036014080045
CAND020,JOB001,Software Engineer,"Candidate identifier: CAND020. Professional profile: Backend Developer. Education: Bachelor's degree in Computing. Professional experience: 8 years. Skills: HTML, Git, JavaScript. Experience evidence: deployed applications using Docker; created and integrated REST APIs. The candidate has worked with team members, communicated with stakeholders and completed assigned professional tasks.","Job title: Software Engineer. Sector: Technology. Minimum experience: 2 years. Education: Bachelor's degree in Computer Science or related subject. Required skills: Python, JavaScript, Git, SQL, REST APIs, software testing. Preferred skills: Docker, AWS, React, Agile, CI/CD. Responsibilities: Develop and maintain web applications; Design and integrate REST APIs; Write automated tests; Participate in code reviews; Work within an Agile development team.",2,0.44000000000000006,0.5574742555618286,0.7787371277809143,23.161450385473046,0.6432422766685486
CAND020,JOB002,Data Analyst,"Candidate identifier: CAND020. Professional profile: Backend Developer. Education: Bachelor's degree in Computing. Professional experience: 8 years. Skills: HTML, Git, JavaScript. Experience evidence: deployed applications using Docker; created and integrated REST APIs. The candidate has worked with team members, communicated with stakeholders and completed assigned professional tasks.","Job title: Data Analyst. Sector: Data and Analytics. Minimum experience: 2 years. Education: Bachelor's degree in Data Science, Statistics or related subject. Required skills: Python, SQL, Excel, data analysis, data visualisation, statistics. Preferred skills: Power BI, Tableau, Pandas, machine learning, dashboard development. Responsibilities: Clean and analyse organisational data; Create reports and dashboards; Identify trends and patterns; Communicate findings to stakeholders; Support evidence-based decision making.",1,0.0,0.39548853039741516,0.6977442651987076,9.870507235944713,0.41864655911922455
CAND020,JOB003,Cybersecurity Analyst,"Candidate identifier: CAND020. Professional profile: Backend Developer. Education: Bachelor's degree in Computing. Professional experience: 8 years. Skills: HTML, Git, JavaScript. Experience evidence: deployed applications using Docker; created and integrated REST APIs. The candidate has worked with team members, communicated with stakeholders and completed assigned professional tasks.","Job title: Cybersecurity Analyst. Sector: Cybersecurity. Minimum experience: 2 years. Education: Bachelor's degree in Cybersecurity, Computing or related subject. Required skills: network security, risk assessment, incident response, vulnerability assessment, SIEM, security monitoring. Preferred skills: penetration testing, Splunk, ISO 27001, NIST, Python, cloud security. Responsibilities: Monitor networks for security threats; Investigate security incidents; Conduct vulnerability assessments; Prepare risk and incident reports; Support security-policy implementation.",1,0.0,0.4296345114707947,0.7148172557353973,7.425554089864535,0.4288903534412384
CAND020,JOB004,IT Project Manager,"Candidate identifier: CAND020. Professional profile: Backend Developer. Education: Bachelor's degree in Computing. Professional experience: 8 years. Skills: HTML, Git, JavaScript. Experience evidence: deployed applications using Docker; created and integrated REST APIs. The candidate has worked with team members, communicated with stakeholders and completed assigned professional tasks.","Job title: IT Project Manager. Sector: Information Technology. Minimum experience: 3 years. Education: Bachelor's degree in IT, Business or related subject. Required skills: project management, stakeholder management, risk management, budget management, Agile, communication. Preferred skills: Scrum, Jira, PRINCE2, leadership, resource planning. Responsibilities: Plan and manage technology projects; Coordinate multidisciplinary teams; Control project risks and budgets; Report progress to stakeholders; Ensure timely delivery of project objectives.",1,0.0,0.4228750765323639,0.711437538266182,7.67143702664643,0.42686252295970917
CAND020,JOB005,Digital Marketing Specialist,"Candidate identifier: CAND020. Professional profile: Backend Developer. Education: Bachelor's degree in Computing. Professional experience: 8 years. Skills: HTML, Git, JavaScript. Experience evidence: deployed applications using Docker; created and integrated REST APIs. The candidate has worked with team members, communicated with stakeholders and completed assigned professional tasks.","Job title: Digital Marketing Specialist. Sector: Marketing. Minimum experience: 2 years. Education: Bachelor's degree in Marketing, Business or related subject. Required skills: digital marketing, SEO, social media marketing, content marketing, Google Analytics, campaign management. Preferred skills: Google Ads, email marketing, Canva, copywriting, conversion optimisation. Responsibilities: Plan and deliver digital marketing campaigns; Optimise website content for search engines; Manage social media channels; Analyse campaign performance; Prepare marketing-performance reports.",0,0.0,0.4330933690071106,0.7165466845035553,6.280379807817354,0.42992801070213316
CAND021,JOB001,Software Engineer,"Candidate identifier: CAND021. Professional profile: Junior Data Analyst. Education: Master's degree in Information Technology. Professional experience: 3 years. Skills: machine learning, SQL, Power BI, Pandas, statistics, Excel, dashboard development, data cleaning, Tableau, data analysis. Experience evidence: created interactive dashboards; produced reports for stakeholders; identified trends and anomalies; automated data-processing tasks; cleaned and analysed organisational datasets. The candidate has worked with team members, communicated with stakeholders and completed assigned professional tasks.","Job title: Software Engineer. Sector: Technology. Minimum experience: 2 years. Education: Bachelor's degree in Computer Science or related subject. Required skills: Python, JavaScript, Git, SQL, REST APIs, software testing. Preferred skills: Docker, AWS, React, Agile, CI/CD. Responsibilities: Develop and maintain web applications; Design and integrate REST APIs; Write automated tests; Participate in code reviews; Work within an Agile development team.",1,0.13333333333333333,0.4178544282913208,0.7089272141456604,11.052018093236615,0.4786896618207296
CAND021,JOB002,Data Analyst,"Candidate identifier: CAND021. Professional profile: Junior Data Analyst. Education: Master's degree in Information Technology. Professional experience: 3 years. Skills: machine learning, SQL, Power BI, Pandas, statistics, Excel, dashboard development, data cleaning, Tableau, data analysis. Experience evidence: created interactive dashboards; produced reports for stakeholders; identified trends and anomalies; automated data-processing tasks; cleaned and analysed organisational datasets. The candidate has worked with team members, communicated with stakeholders and completed assigned professional tasks.","Job title: Data Analyst. Sector: Data and Analytics. Minimum experience: 2 years. Education: Bachelor's degree in Data Science, Statistics or related subject. Required skills: Python, SQL, Excel, data analysis, data visualisation, statistics. Preferred skills: Power BI, Tableau, Pandas, machine learning, dashboard development. Responsibilities: Clean and analyse organisational data; Create reports and dashboards; Identify trends and patterns; Communicate findings to stakeholders; Support evidence-based decision making.",3,0.7333333333333334,0.6698105335235596,0.8349052667617798,43.3670666474698,0.7942764933904012
CAND021,JOB003,Cybersecurity Analyst,"Candidate identifier: CAND021. Professional profile: Junior Data Analyst. Education: Master's degree in Information Technology. Professional experience: 3 years. Skills: machine learning, SQL, Power BI, Pandas, statistics, Excel, dashboard development, data cleaning, Tableau, data analysis. Experience evidence: created interactive dashboards; produced reports for stakeholders; identified trends and anomalies; automated data-processing tasks; cleaned and analysed organisational datasets. The candidate has worked with team members, communicated with stakeholders and completed assigned professional tasks.","Job title: Cybersecurity Analyst. Sector: Cybersecurity. Minimum experience: 2 years. Education: Bachelor's degree in Cybersecurity, Computing or related subject. Required skills: network security, risk assessment, incident response, vulnerability assessment, SIEM, security monitoring. Preferred skills: penetration testing, Splunk, ISO 27001, NIST, Python, cloud security. Responsibilities: Monitor networks for security threats; Investigate security incidents; Conduct vulnerability assessments; Prepare risk and incident reports; Support security-policy implementation.",1,0.0,0.4982105493545532,0.7491052746772766,6.410925327793133,0.44946316480636594
CAND021,JOB004,IT Project Manager,"Candidate identifier: CAND021. Professional profile: Junior Data Analyst. Education: Master's degree in Information Technology. Professional experience: 3 years. Skills: machine learning, SQL, Power BI, Pandas, statistics, Excel, dashboard development, data cleaning, Tableau, data analysis. Experience evidence: created interactive dashboards; produced reports for stakeholders; identified trends and anomalies; automated data-processing tasks; cleaned and analysed organisational datasets. The candidate has worked with team members, communicated with stakeholders and completed assigned professional tasks.","Job title: IT Project Manager. Sector: Information Technology. Minimum experience: 3 years. Education: Bachelor's degree in IT, Business or related subject. Required skills: project management, stakeholder management, risk management, budget management, Agile, communication. Preferred skills: Scrum, Jira, PRINCE2, leadership, resource planning. Responsibilities: Plan and manage technology projects; Coordinate multidisciplinary teams; Control project risks and budgets; Report progress to stakeholders; Ensure timely delivery of project objectives.",1,0.0,0.4448812007904053,0.7224406003952026,10.659148148373799,0.4334643602371216
CAND021,JOB005,Digital Marketing Specialist,"Candidate identifier: CAND021. Professional profile: Junior Data Analyst. Education: Master's degree in Information Technology. Professional experience: 3 years. Skills: machine learning, SQL, Power BI, Pandas, statistics, Excel, dashboard development, data cleaning, Tableau, data analysis. Experience evidence: created interactive dashboards; produced reports for stakeholders; identified trends and anomalies; automated data-processing tasks; cleaned and analysed organisational datasets. The candidate has worked with team members, communicated with stakeholders and completed assigned professional tasks.","Job title: Digital Marketing Specialist. Sector: Marketing. Minimum experience: 2 years. Education: Bachelor's degree in Marketing, Business or related subject. Required skills: digital marketing, SEO, social media marketing, content marketing, Google Analytics, campaign management. Preferred skills: Google Ads, email marketing, Canva, copywriting, conversion optimisation. Responsibilities: Plan and deliver digital marketing campaigns; Optimise website content for search engines; Manage social media channels; Analyse campaign performance; Prepare marketing-performance reports.",0,0.0,0.42352259159088135,0.7117612957954407,5.888669432557962,0.4270567774772644
CAND022,JOB001,Software Engineer,"Candidate identifier: CAND022. Professional profile: Junior Data Analyst. Education: Professional diploma with relevant training. Professional experience: 1 years. Skills: Pandas, data analysis, data cleaning, data visualisation, Excel, Tableau, Python, SQL, Power BI, machine learning. Experience evidence: identified trends and anomalies; performed statistical analysis; produced reports for stakeholders. The candidate has worked with team members, communicated with stakeholders and completed assigned professional tasks.","Job title: Software Engineer. Sector: Technology. Minimum experience: 2 years. Education: Bachelor's degree in Computer Science or related subject. Required skills: Python, JavaScript, Git, SQL, REST APIs, software testing. Preferred skills: Docker, AWS, React, Agile, CI/CD. Responsibilities: Develop and maintain web applications; Design and integrate REST APIs; Write automated tests; Participate in code reviews; Work within an Agile development team.",1,0.26666666666666666,0.42353108525276184,0.7117655426263809,6.913361335445773,0.5337259922424952
CAND022,JOB002,Data Analyst,"Candidate identifier: CAND022. Professional profile: Junior Data Analyst. Education: Professional diploma with relevant training. Professional experience: 1 years. Skills: Pandas, data analysis, data cleaning, data visualisation, Excel, Tableau, Python, SQL, Power BI, machine learning. Experience evidence: identified trends and anomalies; performed statistical analysis; produced reports for stakeholders. The candidate has worked with team members, communicated with stakeholders and completed assigned professional tasks.","Job title: Data Analyst. Sector: Data and Analytics. Minimum experience: 2 years. Education: Bachelor's degree in Data Science, Statistics or related subject. Required skills: Python, SQL, Excel, data analysis, data visualisation, statistics. Preferred skills: Power BI, Tableau, Pandas, machine learning, dashboard development. Responsibilities: Clean and analyse organisational data; Create reports and dashboards; Identify trends and patterns; Communicate findings to stakeholders; Support evidence-based decision making.",2,0.9600000000000001,0.6760942935943604,0.8380471467971802,36.38976253638223,0.886828288078308
CAND022,JOB003,Cybersecurity Analyst,"Candidate identifier: CAND022. Professional profile: Junior Data Analyst. Education: Professional diploma with relevant training. Professional experience: 1 years. Skills: Pandas, data analysis, data cleaning, data visualisation, Excel, Tableau, Python, SQL, Power BI, machine learning. Experience evidence: identified trends and anomalies; performed statistical analysis; produced reports for stakeholders. The candidate has worked with team members, communicated with stakeholders and completed assigned professional tasks.","Job title: Cybersecurity Analyst. Sector: Cybersecurity. Minimum experience: 2 years. Education: Bachelor's degree in Cybersecurity, Computing or related subject. Required skills: network security, risk assessment, incident response, vulnerability assessment, SIEM, security monitoring. Preferred skills: penetration testing, Splunk, ISO 27001, NIST, Python, cloud security. Responsibilities: Monitor networks for security threats; Investigate security incidents; Conduct vulnerability assessments; Prepare risk and incident reports; Support security-policy implementation.",0,0.03333333333333333,0.519250214099884,0.759625107049942,6.129928665153093,0.4691083975632985
CAND022,JOB004,IT Project Manager,"Candidate identifier: CAND022. Professional profile: Junior Data Analyst. Education: Professional diploma with relevant training. Professional experience: 1 years. Skills: Pandas, data analysis, data cleaning, data visualisation, Excel, Tableau, Python, SQL, Power BI, machine learning. Experience evidence: identified trends and anomalies; performed statistical analysis; produced reports for stakeholders. The candidate has worked with team members, communicated with stakeholders and completed assigned professional tasks.","Job title: IT Project Manager. Sector: Information Technology. Minimum experience: 3 years. Education: Bachelor's degree in IT, Business or related subject. Required skills: project management, stakeholder management, risk management, budget management, Agile, communication. Preferred skills: Scrum, Jira, PRINCE2, leadership, resource planning. Responsibilities: Plan and manage technology projects; Coordinate multidisciplinary teams; Control project risks and budgets; Report progress to stakeholders; Ensure timely delivery of project objectives.",0,0.0,0.4501851797103882,0.7250925898551941,5.0486668800915355,0.43505555391311646
CAND022,JOB005,Digital Marketing Specialist,"Candidate identifier: CAND022. Professional profile: Junior Data Analyst. Education: Professional diploma with relevant training. Professional experience: 1 years. Skills: Pandas, data analysis, data cleaning, data visualisation, Excel, Tableau, Python, SQL, Power BI, machine learning. Experience evidence: identified trends and anomalies; performed statistical analysis; produced reports for stakeholders. The candidate has worked with team members, communicated with stakeholders and completed assigned professional tasks.","Job title: Digital Marketing Specialist. Sector: Marketing. Minimum experience: 2 years. Education: Bachelor's degree in Marketing, Business or related subject. Required skills: digital marketing, SEO, social media marketing, content marketing, Google Analytics, campaign management. Preferred skills: Google Ads, email marketing, Canva, copywriting, conversion optimisation. Responsibilities: Plan and deliver digital marketing campaigns; Optimise website content for search engines; Manage social media channels; Analyse campaign performance; Prepare marketing-performance reports.",0,0.0,0.4321900010108948,0.7160950005054474,4.600652558823912,0.4296570003032684
CAND023,JOB001,Software Engineer,"Candidate identifier: CAND023. Professional profile: Junior Data Analyst. Education: Bachelor's degree in Computing. Professional experience: 4 years. Skills: Excel, data visualisation, SQL, machine learning, data cleaning, Tableau, Power BI, dashboard development, Pandas, statistics. Experience evidence: created interactive dashboards; produced reports for stakeholders; identified trends and anomalies; automated data-processing tasks. The candidate has worked with team members, communicated with stakeholders and completed assigned professional tasks.","Job title: Software Engineer. Sector: Technology. Minimum experience: 2 years. Education: Bachelor's degree in Computer Science or related subject. Required skills: Python, JavaScript, Git, SQL, REST APIs, software testing. Preferred skills: Docker, AWS, React, Agile, CI/CD. Responsibilities: Develop and maintain web applications; Design and integrate REST APIs; Write automated tests; Participate in code reviews; Work within an Agile development team.",1,0.13333333333333333,0.44036802649497986,0.7201840132474899,10.935601503775345,0.48544374128182727
CAND023,JOB002,Data Analyst,"Candidate identifier: CAND023. Professional profile: Junior Data Analyst. Education: Bachelor's degree in Computing. Professional experience: 4 years. Skills: Excel, data visualisation, SQL, machine learning, data cleaning, Tableau, Power BI, dashboard development, Pandas, statistics. Experience evidence: created interactive dashboards; produced reports for stakeholders; identified trends and anomalies; automated data-processing tasks. The candidate has worked with team members, communicated with stakeholders and completed assigned professional tasks.","Job title: Data Analyst. Sector: Data and Analytics. Minimum experience: 2 years. Education: Bachelor's degree in Data Science, Statistics or related subject. Required skills: Python, SQL, Excel, data analysis, data visualisation, statistics. Preferred skills: Power BI, Tableau, Pandas, machine learning, dashboard development. Responsibilities: Clean and analyse organisational data; Create reports and dashboards; Identify trends and patterns; Communicate findings to stakeholders; Support evidence-based decision making.",3,0.7333333333333334,0.6912868022918701,0.8456434011459351,43.29248496645135,0.8007193740208944
CAND023,JOB003,Cybersecurity Analyst,"Candidate identifier: CAND023. Professional profile: Junior Data Analyst. Education: Bachelor's degree in Computing. Professional experience: 4 years. Skills: Excel, data visualisation, SQL, machine learning, data cleaning, Tableau, Power BI, dashboard development, Pandas, statistics. Experience evidence: created interactive dashboards; produced reports for stakeholders; identified trends and anomalies; automated data-processing tasks. The candidate has worked with team members, communicated with stakeholders and completed assigned professional tasks.","Job title: Cybersecurity Analyst. Sector: Cybersecurity. Minimum experience: 2 years. Education: Bachelor's degree in Cybersecurity, Computing or related subject. Required skills: network security, risk assessment, incident response, vulnerability assessment, SIEM, security monitoring. Preferred skills: penetration testing, Splunk, ISO 27001, NIST, Python, cloud security. Responsibilities: Monitor networks for security threats; Investigate security incidents; Conduct vulnerability assessments; Prepare risk and incident reports; Support security-policy implementation.",1,0.0,0.5097474455833435,0.7548737227916718,8.028208136173618,0.452924233675003
CAND023,JOB004,IT Project Manager,"Candidate identifier: CAND023. Professional profile: Junior Data Analyst. Education: Bachelor's degree in Computing. Professional experience: 4 years. Skills: Excel, data visualisation, SQL, machine learning, data cleaning, Tableau, Power BI, dashboard development, Pandas, statistics. Experience evidence: created interactive dashboards; produced reports for stakeholders; identified trends and anomalies; automated data-processing tasks. The candidate has worked with team members, communicated with stakeholders and completed assigned professional tasks.","Job title: IT Project Manager. Sector: Information Technology. Minimum experience: 3 years. Education: Bachelor's degree in IT, Business or related subject. Required skills: project management, stakeholder management, risk management, budget management, Agile, communication. Preferred skills: Scrum, Jira, PRINCE2, leadership, resource planning. Responsibilities: Plan and manage technology projects; Coordinate multidisciplinary teams; Control project risks and budgets; Report progress to stakeholders; Ensure timely delivery of project objectives.",1,0.0,0.4536285996437073,0.7268142998218536,6.941444300520694,0.43608857989311217
CAND023,JOB005,Digital Marketing Specialist,"Candidate identifier: CAND023. Professional profile: Junior Data Analyst. Education: Bachelor's degree in Computing. Professional experience: 4 years. Skills: Excel, data visualisation, SQL, machine learning, data cleaning, Tableau, Power BI, dashboard development, Pandas, statistics. Experience evidence: created interactive dashboards; produced reports for stakeholders; identified trends and anomalies; automated data-processing tasks. The candidate has worked with team members, communicated with stakeholders and completed assigned professional tasks.","Job title: Digital Marketing Specialist. Sector: Marketing. Minimum experience: 2 years. Education: Bachelor's degree in Marketing, Business or related subject. Required skills: digital marketing, SEO, social media marketing, content marketing, Google Analytics, campaign management. Preferred skills: Google Ads, email marketing, Canva, copywriting, conversion optimisation. Responsibilities: Plan and deliver digital marketing campaigns; Optimise website content for search engines; Manage social media channels; Analyse campaign performance; Prepare marketing-performance reports.",0,0.0,0.45351946353912354,0.7267597317695618,6.494472055054365,0.43605583906173706
CAND024,JOB001,Software Engineer,"Candidate identifier: CAND024. Professional profile: Junior Data Analyst. Education: Bachelor's degree in Data Science. Professional experience: 6 years. Skills: Python, data cleaning, statistics, Excel, data visualisation, SQL, machine learning, data analysis, Tableau, Pandas, dashboard development, Power BI. Experience evidence: automated data-processing tasks; created interactive dashboards. The candidate has worked with team members, communicated with stakeholders and completed assigned professional tasks.","Job title: Software Engineer. Sector: Technology. Minimum experience: 2 years. Education: Bachelor's degree in Computer Science or related subject. Required skills: Python, JavaScript, Git, SQL, REST APIs, software testing. Preferred skills: Docker, AWS, React, Agile, CI/CD. Responsibilities: Develop and maintain web applications; Design and integrate REST APIs; Write automated tests; Participate in code reviews; Work within an Agile development team.",1,0.26666666666666666,0.4726855754852295,0.7363427877426147,13.167187385860206,0.5484723393122355
CAND024,JOB002,Data Analyst,"Candidate identifier: CAND024. Professional profile: Junior Data Analyst. Education: Bachelor's degree in Data Science. Professional experience: 6 years. Skills: Python, data cleaning, statistics, Excel, data visualisation, SQL, machine learning, data analysis, Tableau, Pandas, dashboard development, Power BI. Experience evidence: automated data-processing tasks; created interactive dashboards. The candidate has worked with team members, communicated with stakeholders and completed assigned professional tasks.","Job title: Data Analyst. Sector: Data and Analytics. Minimum experience: 2 years. Education: Bachelor's degree in Data Science, Statistics or related subject. Required skills: Python, SQL, Excel, data analysis, data visualisation, statistics. Preferred skills: Power BI, Tableau, Pandas, machine learning, dashboard development. Responsibilities: Clean and analyse organisational data; Create reports and dashboards; Identify trends and patterns; Communicate findings to stakeholders; Support evidence-based decision making.",3,1.0,0.7128997445106506,0.8564498722553253,45.96313420522129,0.9138699233531952
CAND024,JOB003,Cybersecurity Analyst,"Candidate identifier: CAND024. Professional profile: Junior Data Analyst. Education: Bachelor's degree in Data Science. Professional experience: 6 years. Skills: Python, data cleaning, statistics, Excel, data visualisation, SQL, machine learning, data analysis, Tableau, Pandas, dashboard development, Power BI. Experience evidence: automated data-processing tasks; created interactive dashboards. The candidate has worked with team members, communicated with stakeholders and completed assigned professional tasks.","Job title: Cybersecurity Analyst. Sector: Cybersecurity. Minimum experience: 2 years. Education: Bachelor's degree in Cybersecurity, Computing or related subject. Required skills: network security, risk assessment, incident response, vulnerability assessment, SIEM, security monitoring. Preferred skills: penetration testing, Splunk, ISO 27001, NIST, Python, cloud security. Responsibilities: Monitor networks for security threats; Investigate security incidents; Conduct vulnerability assessments; Prepare risk and incident reports; Support security-policy implementation.",0,0.03333333333333333,0.5276572704315186,0.7638286352157593,6.938718226398031,0.47163051446278886
CAND024,JOB004,IT Project Manager,"Candidate identifier: CAND024. Professional profile: Junior Data Analyst. Education: Bachelor's degree in Data Science. Professional experience: 6 years. Skills: Python, data cleaning, statistics, Excel, data visualisation, SQL, machine learning, data analysis, Tableau, Pandas, dashboard development, Power BI. Experience evidence: automated data-processing tasks; created interactive dashboards. The candidate has worked with team members, communicated with stakeholders and completed assigned professional tasks.","Job title: IT Project Manager. Sector: Information Technology. Minimum experience: 3 years. Education: Bachelor's degree in IT, Business or related subject. Required skills: project management, stakeholder management, risk management, budget management, Agile, communication. Preferred skills: Scrum, Jira, PRINCE2, leadership, resource planning. Responsibilities: Plan and manage technology projects; Coordinate multidisciplinary teams; Control project risks and budgets; Report progress to stakeholders; Ensure timely delivery of project objectives.",0,0.0,0.43952953815460205,0.719764769077301,6.44626097008034,0.4318588614463806
CAND024,JOB005,Digital Marketing Specialist,"Candidate identifier: CAND024. Professional profile: Junior Data Analyst. Education: Bachelor's degree in Data Science. Professional experience: 6 years. Skills: Python, data cleaning, statistics, Excel, data visualisation, SQL, machine learning, data analysis, Tableau, Pandas, dashboard development, Power BI. Experience evidence: automated data-processing tasks; created interactive dashboards. The candidate has worked with team members, communicated with stakeholders and completed assigned professional tasks.","Job title: Digital Marketing Specialist. Sector: Marketing. Minimum experience: 2 years. Education: Bachelor's degree in Marketing, Business or related subject. Required skills: digital marketing, SEO, social media marketing, content marketing, Google Analytics, campaign management. Preferred skills: Google Ads, email marketing, Canva, copywriting, conversion optimisation. Responsibilities: Plan and deliver digital marketing campaigns; Optimise website content for search engines; Manage social media channels; Analyse campaign performance; Prepare marketing-performance reports.",0,0.0,0.47061946988105774,0.7353097349405289,5.409442120068849,0.4411858409643173
CAND025,JOB001,Software Engineer,"Candidate identifier: CAND025. Professional profile: Reporting Analyst. Education: Professional diploma with relevant training. Professional experience: 8 years. Skills: Power BI, Excel, Python, data visualisation, statistics, data cleaning, machine learning, dashboard development, SQL, Pandas, Tableau. Experience evidence: produced reports for stakeholders; performed statistical analysis. The candidate has worked with team members, communicated with stakeholders and completed assigned professional tasks.","Job title: Software Engineer. Sector: Technology. Minimum experience: 2 years. Education: Bachelor's degree in Computer Science or related subject. Required skills: Python, JavaScript, Git, SQL, REST APIs, software testing. Preferred skills: Docker, AWS, React, Agile, CI/CD. Responsibilities: Develop and maintain web applications; Design and integrate REST APIs; Write automated tests; Participate in code reviews; Work within an Agile development team.",1,0.26666666666666666,0.42762869596481323,0.7138143479824066,7.921417637883987,0.5349552754561107
CAND025,JOB002,Data Analyst,"Candidate identifier: CAND025. Professional profile: Reporting Analyst. Education: Professional diploma with relevant training. Professional experience: 8 years. Skills: Power BI, Excel, Python, data visualisation, statistics, data cleaning, machine learning, dashboard development, SQL, Pandas, Tableau. Experience evidence: produced reports for stakeholders; performed statistical analysis. The candidate has worked with team members, communicated with stakeholders and completed assigned professional tasks.","Job title: Data Analyst. Sector: Data and Analytics. Minimum experience: 2 years. Education: Bachelor's degree in Data Science, Statistics or related subject. Required skills: Python, SQL, Excel, data analysis, data visualisation, statistics. Preferred skills: Power BI, Tableau, Pandas, machine learning, dashboard development. Responsibilities: Clean and analyse organisational data; Create reports and dashboards; Identify trends and patterns; Communicate findings to stakeholders; Support evidence-based decision making.",3,0.8666666666666667,0.6248096227645874,0.8124048113822937,40.067726416795416,0.8341095534960429
CAND025,JOB003,Cybersecurity Analyst,"Candidate identifier: CAND025. Professional profile: Reporting Analyst. Education: Professional diploma with relevant training. Professional experience: 8 years. Skills: Power BI, Excel, Python, data visualisation, statistics, data cleaning, machine learning, dashboard development, SQL, Pandas, Tableau. Experience evidence: produced reports for stakeholders; performed statistical analysis. The candidate has worked with team members, communicated with stakeholders and completed assigned professional tasks.","Job title: Cybersecurity Analyst. Sector: Cybersecurity. Minimum experience: 2 years. Education: Bachelor's degree in Cybersecurity, Computing or related subject. Required skills: network security, risk assessment, incident response, vulnerability assessment, SIEM, security monitoring. Preferred skills: penetration testing, Splunk, ISO 27001, NIST, Python, cloud security. Responsibilities: Monitor networks for security threats; Investigate security incidents; Conduct vulnerability assessments; Prepare risk and incident reports; Support security-policy implementation.",0,0.03333333333333333,0.5325651168823242,0.7662825584411621,6.077906448446105,0.47310286839803056
CAND025,JOB004,IT Project Manager,"Candidate identifier: CAND025. Professional profile: Reporting Analyst. Education: Professional diploma with relevant training. Professional experience: 8 years. Skills: Power BI, Excel, Python, data visualisation, statistics, data cleaning, machine learning, dashboard development, SQL, Pandas, Tableau. Experience evidence: produced reports for stakeholders; performed statistical analysis. The candidate has worked with team members, communicated with stakeholders and completed assigned professional tasks.","Job title: IT Project Manager. Sector: Information Technology. Minimum experience: 3 years. Education: Bachelor's degree in IT, Business or related subject. Required skills: project management, stakeholder management, risk management, budget management, Agile, communication. Preferred skills: Scrum, Jira, PRINCE2, leadership, resource planning. Responsibilities: Plan and manage technology projects; Coordinate multidisciplinary teams; Control project risks and budgets; Report progress to stakeholders; Ensure timely delivery of project objectives.",0,0.0,0.44353795051574707,0.7217689752578735,4.724951394360102,0.4330613851547241
CAND025,JOB005,Digital Marketing Specialist,"Candidate identifier: CAND025. Professional profile: Reporting Analyst. Education: Professional diploma with relevant training. Professional experience: 8 years. Skills: Power BI, Excel, Python, data visualisation, statistics, data cleaning, machine learning, dashboard development, SQL, Pandas, Tableau. Experience evidence: produced reports for stakeholders; performed statistical analysis. The candidate has worked with team members, communicated with stakeholders and completed assigned professional tasks.","Job title: Digital Marketing Specialist. Sector: Marketing. Minimum experience: 2 years. Education: Bachelor's degree in Marketing, Business or related subject. Required skills: digital marketing, SEO, social media marketing, content marketing, Google Analytics, campaign management. Preferred skills: Google Ads, email marketing, Canva, copywriting, conversion optimisation. Responsibilities: Plan and deliver digital marketing campaigns; Optimise website content for search engines; Manage social media channels; Analyse campaign performance; Prepare marketing-performance reports.",0,0.0,0.45541083812713623,0.7277054190635681,4.502044734112176,0.43662325143814085
CAND026,JOB001,Software Engineer,"Candidate identifier: CAND026. Professional profile: Reporting Analyst. Education: Bachelor's degree in Computing. Professional experience: 2 years. Skills: Excel, data cleaning, Power BI, Python, dashboard development, statistics, Tableau. Experience evidence: automated data-processing tasks; created interactive dashboards; produced reports for stakeholders; cleaned and analysed organisational datasets; identified trends and anomalies. The candidate has worked with team members, communicated with stakeholders and completed assigned professional tasks.","Job title: Software Engineer. Sector: Technology. Minimum experience: 2 years. Education: Bachelor's degree in Computer Science or related subject. Required skills: Python, JavaScript, Git, SQL, REST APIs, software testing. Preferred skills: Docker, AWS, React, Agile, CI/CD. Responsibilities: Develop and maintain web applications; Design and integrate REST APIs; Write automated tests; Participate in code reviews; Work within an Agile development team.",1,0.13333333333333333,0.4429968595504761,0.721498429775238,13.41493965363594,0.48623239119847617
CAND026,JOB002,Data Analyst,"Candidate identifier: CAND026. Professional profile: Reporting Analyst. Education: Bachelor's degree in Computing. Professional experience: 2 years. Skills: Excel, data cleaning, Power BI, Python, dashboard development, statistics, Tableau. Experience evidence: automated data-processing tasks; created interactive dashboards; produced reports for stakeholders; cleaned and analysed organisational datasets; identified trends and anomalies. The candidate has worked with team members, communicated with stakeholders and completed assigned professional tasks.","Job title: Data Analyst. Sector: Data and Analytics. Minimum experience: 2 years. Education: Bachelor's degree in Data Science, Statistics or related subject. Required skills: Python, SQL, Excel, data analysis, data visualisation, statistics. Preferred skills: Power BI, Tableau, Pandas, machine learning, dashboard development. Responsibilities: Clean and analyse organisational data; Create reports and dashboards; Identify trends and patterns; Communicate findings to stakeholders; Support evidence-based decision making.",2,0.52,0.6856056451797485,0.8428028225898743,38.932920306328676,0.7136816935539245
CAND026,JOB003,Cybersecurity Analyst,"Candidate identifier: CAND026. Professional profile: Reporting Analyst. Education: Bachelor's degree in Computing. Professional experience: 2 years. Skills: Excel, data cleaning, Power BI, Python, dashboard development, statistics, Tableau. Experience evidence: automated data-processing tasks; created interactive dashboards; produced reports for stakeholders; cleaned and analysed organisational datasets; identified trends and anomalies. The candidate has worked with team members, communicated with stakeholders and completed assigned professional tasks.","Job title: Cybersecurity Analyst. Sector: Cybersecurity. Minimum experience: 2 years. Education: Bachelor's degree in Cybersecurity, Computing or related subject. Required skills: network security, risk assessment, incident response, vulnerability assessment, SIEM, security monitoring. Preferred skills: penetration testing, Splunk, ISO 27001, NIST, Python, cloud security. Responsibilities: Monitor networks for security threats; Investigate security incidents; Conduct vulnerability assessments; Prepare risk and incident reports; Support security-policy implementation.",1,0.03333333333333333,0.5380734801292419,0.769036740064621,11.458260834850018,0.4747553773721059
CAND026,JOB004,IT Project Manager,"Candidate identifier: CAND026. Professional profile: Reporting Analyst. Education: Bachelor's degree in Computing. Professional experience: 2 years. Skills: Excel, data cleaning, Power BI, Python, dashboard development, statistics, Tableau. Experience evidence: automated data-processing tasks; created interactive dashboards; produced reports for stakeholders; cleaned and analysed organisational datasets; identified trends and anomalies. The candidate has worked with team members, communicated with stakeholders and completed assigned professional tasks.","Job title: IT Project Manager. Sector: Information Technology. Minimum experience: 3 years. Education: Bachelor's degree in IT, Business or related subject. Required skills: project management, stakeholder management, risk management, budget management, Agile, communication. Preferred skills: Scrum, Jira, PRINCE2, leadership, resource planning. Responsibilities: Plan and manage technology projects; Coordinate multidisciplinary teams; Control project risks and budgets; Report progress to stakeholders; Ensure timely delivery of project objectives.",1,0.0,0.45752838253974915,0.7287641912698746,7.2398126259375015,0.43725851476192473
CAND026,JOB005,Digital Marketing Specialist,"Candidate identifier: CAND026. Professional profile: Reporting Analyst. Education: Bachelor's degree in Computing. Professional experience: 2 years. Skills: Excel, data cleaning, Power BI, Python, dashboard development, statistics, Tableau. Experience evidence: automated data-processing tasks; created interactive dashboards; produced reports for stakeholders; cleaned and analysed organisational datasets; identified trends and anomalies. The candidate has worked with team members, communicated with stakeholders and completed assigned professional tasks.","Job title: Digital Marketing Specialist. Sector: Marketing. Minimum experience: 2 years. Education: Bachelor's degree in Marketing, Business or related subject. Required skills: digital marketing, SEO, social media marketing, content marketing, Google Analytics, campaign management. Preferred skills: Google Ads, email marketing, Canva, copywriting, conversion optimisation. Responsibilities: Plan and deliver digital marketing campaigns; Optimise website content for search engines; Manage social media channels; Analyse campaign performance; Prepare marketing-performance reports.",0,0.0,0.4561842381954193,0.7280921190977097,8.966018297308768,0.4368552714586258
CAND027,JOB001,Software Engineer,"Candidate identifier: CAND027. Professional profile: Junior Data Analyst. Education: Bachelor's degree in Data Science. Professional experience: 7 years. Skills: data analysis, Tableau, statistics, data visualisation, data cleaning, SQL, Python. Experience evidence: identified trends and anomalies; produced reports for stakeholders; performed statistical analysis. The candidate has worked with team members, communicated with stakeholders and completed assigned professional tasks.","Job title: Software Engineer. Sector: Technology. Minimum experience: 2 years. Education: Bachelor's degree in Computer Science or related subject. Required skills: Python, JavaScript, Git, SQL, REST APIs, software testing. Preferred skills: Docker, AWS, React, Agile, CI/CD. Responsibilities: Develop and maintain web applications; Design and integrate REST APIs; Write automated tests; Participate in code reviews; Work within an Agile development team.",1,0.26666666666666666,0.4574158191680908,0.7287079095840454,11.227093156931275,0.5438914124170939
CAND027,JOB002,Data Analyst,"Candidate identifier: CAND027. Professional profile: Junior Data Analyst. Education: Bachelor's degree in Data Science. Professional experience: 7 years. Skills: data analysis, Tableau, statistics, data visualisation, data cleaning, SQL, Python. Experience evidence: identified trends and anomalies; produced reports for stakeholders; performed statistical analysis. The candidate has worked with team members, communicated with stakeholders and completed assigned professional tasks.","Job title: Data Analyst. Sector: Data and Analytics. Minimum experience: 2 years. Education: Bachelor's degree in Data Science, Statistics or related subject. Required skills: Python, SQL, Excel, data analysis, data visualisation, statistics. Preferred skills: Power BI, Tableau, Pandas, machine learning, dashboard development. Responsibilities: Clean and analyse organisational data; Create reports and dashboards; Identify trends and patterns; Communicate findings to stakeholders; Support evidence-based decision making.",3,0.7066666666666668,0.7245163917541504,0.8622581958770752,33.24773137852441,0.8000215841929118
CAND027,JOB003,Cybersecurity Analyst,"Candidate identifier: CAND027. Professional profile: Junior Data Analyst. Education: Bachelor's degree in Data Science. Professional experience: 7 years. Skills: data analysis, Tableau, statistics, data visualisation, data cleaning, SQL, Python. Experience evidence: identified trends and anomalies; produced reports for stakeholders; performed statistical analysis. The candidate has worked with team members, communicated with stakeholders and completed assigned professional tasks.","Job title: Cybersecurity Analyst. Sector: Cybersecurity. Minimum experience: 2 years. Education: Bachelor's degree in Cybersecurity, Computing or related subject. Required skills: network security, risk assessment, incident response, vulnerability assessment, SIEM, security monitoring. Preferred skills: penetration testing, Splunk, ISO 27001, NIST, Python, cloud security. Responsibilities: Monitor networks for security threats; Investigate security incidents; Conduct vulnerability assessments; Prepare risk and incident reports; Support security-policy implementation.",0,0.03333333333333333,0.5342440605163574,0.7671220302581787,8.440382145626154,0.4736065514882405
CAND027,JOB004,IT Project Manager,"Candidate identifier: CAND027. Professional profile: Junior Data Analyst. Education: Bachelor's degree in Data Science. Professional experience: 7 years. Skills: data analysis, Tableau, statistics, data visualisation, data cleaning, SQL, Python. Experience evidence: identified trends and anomalies; produced reports for stakeholders; performed statistical analysis. The candidate has worked with team members, communicated with stakeholders and completed assigned professional tasks.","Job title: IT Project Manager. Sector: Information Technology. Minimum experience: 3 years. Education: Bachelor's degree in IT, Business or related subject. Required skills: project management, stakeholder management, risk management, budget management, Agile, communication. Preferred skills: Scrum, Jira, PRINCE2, leadership, resource planning. Responsibilities: Plan and manage technology projects; Coordinate multidisciplinary teams; Control project risks and budgets; Report progress to stakeholders; Ensure timely delivery of project objectives.",0,0.0,0.4551126956939697,0.7275563478469849,7.3130968533227625,0.4365338087081909
CAND027,JOB005,Digital Marketing Specialist,"Candidate identifier: CAND027. Professional profile: Junior Data Analyst. Education: Bachelor's degree in Data Science. Professional experience: 7 years. Skills: data analysis, Tableau, statistics, data visualisation, data cleaning, SQL, Python. Experience evidence: identified trends and anomalies; produced reports for stakeholders; performed statistical analysis. The candidate has worked with team members, communicated with stakeholders and completed assigned professional tasks.","Job title: Digital Marketing Specialist. Sector: Marketing. Minimum experience: 2 years. Education: Bachelor's degree in Marketing, Business or related subject. Required skills: digital marketing, SEO, social media marketing, content marketing, Google Analytics, campaign management. Preferred skills: Google Ads, email marketing, Canva, copywriting, conversion optimisation. Responsibilities: Plan and deliver digital marketing campaigns; Optimise website content for search engines; Manage social media channels; Analyse campaign performance; Prepare marketing-performance reports.",0,0.0,0.4737575054168701,0.7368787527084351,6.8645204312922266,0.442127251625061
CAND028,JOB001,Software Engineer,"Candidate identifier: CAND028. Professional profile: Reporting Analyst. Education: Bachelor's degree in Data Science. Professional experience: 5 years. Skills: dashboard development, Pandas, statistics, Python, SQL, Excel, Tableau, data visualisation, Power BI. Experience evidence: cleaned and analysed organisational datasets; performed statistical analysis. The candidate has worked with team members, communicated with stakeholders and completed assigned professional tasks.","Job title: Software Engineer. Sector: Technology. Minimum experience: 2 years. Education: Bachelor's degree in Computer Science or related subject. Required skills: Python, JavaScript, Git, SQL, REST APIs, software testing. Preferred skills: Docker, AWS, React, Agile, CI/CD. Responsibilities: Develop and maintain web applications; Design and integrate REST APIs; Write automated tests; Participate in code reviews; Work within an Agile development team.",1,0.26666666666666666,0.44104063510894775,0.7205203175544739,12.678491698751,0.538978857199351
CAND028,JOB002,Data Analyst,"Candidate identifier: CAND028. Professional profile: Reporting Analyst. Education: Bachelor's degree in Data Science. Professional experience: 5 years. Skills: dashboard development, Pandas, statistics, Python, SQL, Excel, Tableau, data visualisation, Power BI. Experience evidence: cleaned and analysed organisational datasets; performed statistical analysis. The candidate has worked with team members, communicated with stakeholders and completed assigned professional tasks.","Job title: Data Analyst. Sector: Data and Analytics. Minimum experience: 2 years. Education: Bachelor's degree in Data Science, Statistics or related subject. Required skills: Python, SQL, Excel, data analysis, data visualisation, statistics. Preferred skills: Power BI, Tableau, Pandas, machine learning, dashboard development. Responsibilities: Clean and analyse organisational data; Create reports and dashboards; Identify trends and patterns; Communicate findings to stakeholders; Support evidence-based decision making.",3,0.8266666666666668,0.7041624784469604,0.8520812392234802,42.18503849371905,0.8419154102007549
CAND028,JOB003,Cybersecurity Analyst,"Candidate identifier: CAND028. Professional profile: Reporting Analyst. Education: Bachelor's degree in Data Science. Professional experience: 5 years. Skills: dashboard development, Pandas, statistics, Python, SQL, Excel, Tableau, data visualisation, Power BI. Experience evidence: cleaned and analysed organisational datasets; performed statistical analysis. The candidate has worked with team members, communicated with stakeholders and completed assigned professional tasks.","Job title: Cybersecurity Analyst. Sector: Cybersecurity. Minimum experience: 2 years. Education: Bachelor's degree in Cybersecurity, Computing or related subject. Required skills: network security, risk assessment, incident response, vulnerability assessment, SIEM, security monitoring. Preferred skills: penetration testing, Splunk, ISO 27001, NIST, Python, cloud security. Responsibilities: Monitor networks for security threats; Investigate security incidents; Conduct vulnerability assessments; Prepare risk and incident reports; Support security-policy implementation.",0,0.03333333333333333,0.5523850917816162,0.7761925458908081,7.476332316500816,0.47904886086781817
CAND028,JOB004,IT Project Manager,"Candidate identifier: CAND028. Professional profile: Reporting Analyst. Education: Bachelor's degree in Data Science. Professional experience: 5 years. Skills: dashboard development, Pandas, statistics, Python, SQL, Excel, Tableau, data visualisation, Power BI. Experience evidence: cleaned and analysed organisational datasets; performed statistical analysis. The candidate has worked with team members, communicated with stakeholders and completed assigned professional tasks.","Job title: IT Project Manager. Sector: Information Technology. Minimum experience: 3 years. Education: Bachelor's degree in IT, Business or related subject. Required skills: project management, stakeholder management, risk management, budget management, Agile, communication. Preferred skills: Scrum, Jira, PRINCE2, leadership, resource planning. Responsibilities: Plan and manage technology projects; Coordinate multidisciplinary teams; Control project risks and budgets; Report progress to stakeholders; Ensure timely delivery of project objectives.",0,0.0,0.46167272329330444,0.7308363616466522,7.186753820350206,0.43850181698799134
CAND028,JOB005,Digital Marketing Specialist,"Candidate identifier: CAND028. Professional profile: Reporting Analyst. Education: Bachelor's degree in Data Science. Professional experience: 5 years. Skills: dashboard development, Pandas, statistics, Python, SQL, Excel, Tableau, data visualisation, Power BI. Experience evidence: cleaned and analysed organisational datasets; performed statistical analysis. The candidate has worked with team members, communicated with stakeholders and completed assigned professional tasks.","Job title: Digital Marketing Specialist. Sector: Marketing. Minimum experience: 2 years. Education: Bachelor's degree in Marketing, Business or related subject. Required skills: digital marketing, SEO, social media marketing, content marketing, Google Analytics, campaign management. Preferred skills: Google Ads, email marketing, Canva, copywriting, conversion optimisation. Responsibilities: Plan and deliver digital marketing campaigns; Optimise website content for search engines; Manage social media channels; Analyse campaign performance; Prepare marketing-performance reports.",0,0.0,0.45863771438598633,0.7293188571929932,5.876096999889815,0.4375913143157959
CAND029,JOB001,Software Engineer,"Candidate identifier: CAND029. Professional profile: Business Intelligence Analyst. Education: Professional diploma with relevant training. Professional experience: 5 years. Skills: machine learning, Pandas, SQL, Power BI, data analysis, Excel, Python, Tableau, statistics. Experience evidence: produced reports for stakeholders; identified trends and anomalies; cleaned and analysed organisational datasets. The candidate has worked with team members, communicated with stakeholders and completed assigned professional tasks.","Job title: Software Engineer. Sector: Technology. Minimum experience: 2 years. Education: Bachelor's degree in Computer Science or related subject. Required skills: Python, JavaScript, Git, SQL, REST APIs, software testing. Preferred skills: Docker, AWS, React, Agile, CI/CD. Responsibilities: Develop and maintain web applications; Design and integrate REST APIs; Write automated tests; Participate in code reviews; Work within an Agile development team.",1,0.26666666666666666,0.4249834418296814,0.7124917209148407,7.211464901849137,0.5341616992155711
CAND029,JOB002,Data Analyst,"Candidate identifier: CAND029. Professional profile: Business Intelligence Analyst. Education: Professional diploma with relevant training. Professional experience: 5 years. Skills: machine learning, Pandas, SQL, Power BI, data analysis, Excel, Python, Tableau, statistics. Experience evidence: produced reports for stakeholders; identified trends and anomalies; cleaned and analysed organisational datasets. The candidate has worked with team members, communicated with stakeholders and completed assigned professional tasks.","Job title: Data Analyst. Sector: Data and Analytics. Minimum experience: 2 years. Education: Bachelor's degree in Data Science, Statistics or related subject. Required skills: Python, SQL, Excel, data analysis, data visualisation, statistics. Preferred skills: Power BI, Tableau, Pandas, machine learning, dashboard development. Responsibilities: Clean and analyse organisational data; Create reports and dashboards; Identify trends and patterns; Communicate findings to stakeholders; Support evidence-based decision making.",3,0.8266666666666668,0.6360298991203308,0.8180149495601654,37.32079311390357,0.821475636402766
CAND029,JOB003,Cybersecurity Analyst,"Candidate identifier: CAND029. Professional profile: Business Intelligence Analyst. Education: Professional diploma with relevant training. Professional experience: 5 years. Skills: machine learning, Pandas, SQL, Power BI, data analysis, Excel, Python, Tableau, statistics. Experience evidence: produced reports for stakeholders; identified trends and anomalies; cleaned and analysed organisational datasets. The candidate has worked with team members, communicated with stakeholders and completed assigned professional tasks.","Job title: Cybersecurity Analyst. Sector: Cybersecurity. Minimum experience: 2 years. Education: Bachelor's degree in Cybersecurity, Computing or related subject. Required skills: network security, risk assessment, incident response, vulnerability assessment, SIEM, security monitoring. Preferred skills: penetration testing, Splunk, ISO 27001, NIST, Python, cloud security. Responsibilities: Monitor networks for security threats; Investigate security incidents; Conduct vulnerability assessments; Prepare risk and incident reports; Support security-policy implementation.",0,0.03333333333333333,0.5365656018257141,0.7682828009128571,6.298097385430386,0.4743030138810475
CAND029,JOB004,IT Project Manager,"Candidate identifier: CAND029. Professional profile: Business Intelligence Analyst. Education: Professional diploma with relevant training. Professional experience: 5 years. Skills: machine learning, Pandas, SQL, Power BI, data analysis, Excel, Python, Tableau, statistics. Experience evidence: produced reports for stakeholders; identified trends and anomalies; cleaned and analysed organisational datasets. The candidate has worked with team members, communicated with stakeholders and completed assigned professional tasks.","Job title: IT Project Manager. Sector: Information Technology. Minimum experience: 3 years. Education: Bachelor's degree in IT, Business or related subject. Required skills: project management, stakeholder management, risk management, budget management, Agile, communication. Preferred skills: Scrum, Jira, PRINCE2, leadership, resource planning. Responsibilities: Plan and manage technology projects; Coordinate multidisciplinary teams; Control project risks and budgets; Report progress to stakeholders; Ensure timely delivery of project objectives.",0,0.0,0.49572113156318665,0.7478605657815933,7.273722752148743,0.448716339468956
CAND029,JOB005,Digital Marketing Specialist,"Candidate identifier: CAND029. Professional profile: Business Intelligence Analyst. Education: Professional diploma with relevant training. Professional experience: 5 years. Skills: machine learning, Pandas, SQL, Power BI, data analysis, Excel, Python, Tableau, statistics. Experience evidence: produced reports for stakeholders; identified trends and anomalies; cleaned and analysed organisational datasets. The candidate has worked with team members, communicated with stakeholders and completed assigned professional tasks.","Job title: Digital Marketing Specialist. Sector: Marketing. Minimum experience: 2 years. Education: Bachelor's degree in Marketing, Business or related subject. Required skills: digital marketing, SEO, social media marketing, content marketing, Google Analytics, campaign management. Preferred skills: Google Ads, email marketing, Canva, copywriting, conversion optimisation. Responsibilities: Plan and deliver digital marketing campaigns; Optimise website content for search engines; Manage social media channels; Analyse campaign performance; Prepare marketing-performance reports.",0,0.0,0.4561712145805359,0.7280856072902679,6.699844537863517,0.4368513643741608
CAND030,JOB001,Software Engineer,"Candidate identifier: CAND030. Professional profile: Reporting Analyst. Education: Bachelor's degree in Business. Professional experience: 5 years. Skills: data cleaning, data visualisation, Pandas, dashboard development, Power BI, Excel. Experience evidence: automated data-processing tasks; produced reports for stakeholders; created interactive dashboards; cleaned and analysed organisational datasets; identified trends and anomalies. The candidate has worked with team members, communicated with stakeholders and completed assigned professional tasks.","Job title: Software Engineer. Sector: Technology. Minimum experience: 2 years. Education: Bachelor's degree in Computer Science or related subject. Required skills: Python, JavaScript, Git, SQL, REST APIs, software testing. Preferred skills: Docker, AWS, React, Agile, CI/CD. Responsibilities: Develop and maintain web applications; Design and integrate REST APIs; Write automated tests; Participate in code reviews; Work within an Agile development team.",0,0.0,0.40648984909057617,0.7032449245452881,10.167022622249652,0.42194695472717286
CAND030,JOB002,Data Analyst,"Candidate identifier: CAND030. Professional profile: Reporting Analyst. Education: Bachelor's degree in Business. Professional experience: 5 years. Skills: data cleaning, data visualisation, Pandas, dashboard development, Power BI, Excel. Experience evidence: automated data-processing tasks; produced reports for stakeholders; created interactive dashboards; cleaned and analysed organisational datasets; identified trends and anomalies. The candidate has worked with team members, communicated with stakeholders and completed assigned professional tasks.","Job title: Data Analyst. Sector: Data and Analytics. Minimum experience: 2 years. Education: Bachelor's degree in Data Science, Statistics or related subject. Required skills: Python, SQL, Excel, data analysis, data visualisation, statistics. Preferred skills: Power BI, Tableau, Pandas, machine learning, dashboard development. Responsibilities: Clean and analyse organisational data; Create reports and dashboards; Identify trends and patterns; Communicate findings to stakeholders; Support evidence-based decision making.",2,0.38666666666666666,0.6412593126296997,0.8206296563148499,34.768714887005714,0.6470444604555765
CAND030,JOB003,Cybersecurity Analyst,"Candidate identifier: CAND030. Professional profile: Reporting Analyst. Education: Bachelor's degree in Business. Professional experience: 5 years. Skills: data cleaning, data visualisation, Pandas, dashboard development, Power BI, Excel. Experience evidence: automated data-processing tasks; produced reports for stakeholders; created interactive dashboards; cleaned and analysed organisational datasets; identified trends and anomalies. The candidate has worked with team members, communicated with stakeholders and completed assigned professional tasks.","Job title: Cybersecurity Analyst. Sector: Cybersecurity. Minimum experience: 2 years. Education: Bachelor's degree in Cybersecurity, Computing or related subject. Required skills: network security, risk assessment, incident response, vulnerability assessment, SIEM, security monitoring. Preferred skills: penetration testing, Splunk, ISO 27001, NIST, Python, cloud security. Responsibilities: Monitor networks for security threats; Investigate security incidents; Conduct vulnerability assessments; Prepare risk and incident reports; Support security-policy implementation.",0,0.0,0.507408082485199,0.7537040412425995,7.2142064867370435,0.4522224247455597
CAND030,JOB004,IT Project Manager,"Candidate identifier: CAND030. Professional profile: Reporting Analyst. Education: Bachelor's degree in Business. Professional experience: 5 years. Skills: data cleaning, data visualisation, Pandas, dashboard development, Power BI, Excel. Experience evidence: automated data-processing tasks; produced reports for stakeholders; created interactive dashboards; cleaned and analysed organisational datasets; identified trends and anomalies. The candidate has worked with team members, communicated with stakeholders and completed assigned professional tasks.","Job title: IT Project Manager. Sector: Information Technology. Minimum experience: 3 years. Education: Bachelor's degree in IT, Business or related subject. Required skills: project management, stakeholder management, risk management, budget management, Agile, communication. Preferred skills: Scrum, Jira, PRINCE2, leadership, resource planning. Responsibilities: Plan and manage technology projects; Coordinate multidisciplinary teams; Control project risks and budgets; Report progress to stakeholders; Ensure timely delivery of project objectives.",1,0.0,0.44188380241394043,0.7209419012069702,9.126046160926553,0.4325651407241821
CAND030,JOB005,Digital Marketing Specialist,"Candidate identifier: CAND030. Professional profile: Reporting Analyst. Education: Bachelor's degree in Business. Professional experience: 5 years. Skills: data cleaning, data visualisation, Pandas, dashboard development, Power BI, Excel. Experience evidence: automated data-processing tasks; produced reports for stakeholders; created interactive dashboards; cleaned and analysed organisational datasets; identified trends and anomalies. The candidate has worked with team members, communicated with stakeholders and completed assigned professional tasks.","Job title: Digital Marketing Specialist. Sector: Marketing. Minimum experience: 2 years. Education: Bachelor's degree in Marketing, Business or related subject. Required skills: digital marketing, SEO, social media marketing, content marketing, Google Analytics, campaign management. Preferred skills: Google Ads, email marketing, Canva, copywriting, conversion optimisation. Responsibilities: Plan and deliver digital marketing campaigns; Optimise website content for search engines; Manage social media channels; Analyse campaign performance; Prepare marketing-performance reports.",1,0.0,0.4424397349357605,0.7212198674678802,8.551752049015533,0.4327319204807281
CAND031,JOB001,Software Engineer,"Candidate identifier: CAND031. Professional profile: Data Analyst. Education: Bachelor's degree in Computing. Professional experience: 4 years. Skills: Pandas, Python, data visualisation, machine learning, data analysis, Tableau, data cleaning, statistics, Excel. Experience evidence: identified trends and anomalies; automated data-processing tasks; created interactive dashboards; produced reports for stakeholders; performed statistical analysis. The candidate has worked with team members, communicated with stakeholders and completed assigned professional tasks.","Job title: Software Engineer. Sector: Technology. Minimum experience: 2 years. Education: Bachelor's degree in Computer Science or related subject. Required skills: Python, JavaScript, Git, SQL, REST APIs, software testing. Preferred skills: Docker, AWS, React, Agile, CI/CD. Responsibilities: Develop and maintain web applications; Design and integrate REST APIs; Write automated tests; Participate in code reviews; Work within an Agile development team.",1,0.13333333333333333,0.4627307057380676,0.7313653528690338,9.591219072917209,0.49215254505475364
CAND031,JOB002,Data Analyst,"Candidate identifier: CAND031. Professional profile: Data Analyst. Education: Bachelor's degree in Computing. Professional experience: 4 years. Skills: Pandas, Python, data visualisation, machine learning, data analysis, Tableau, data cleaning, statistics, Excel. Experience evidence: identified trends and anomalies; automated data-processing tasks; created interactive dashboards; produced reports for stakeholders; performed statistical analysis. The candidate has worked with team members, communicated with stakeholders and completed assigned professional tasks.","Job title: Data Analyst. Sector: Data and Analytics. Minimum experience: 2 years. Education: Bachelor's degree in Data Science, Statistics or related subject. Required skills: Python, SQL, Excel, data analysis, data visualisation, statistics. Preferred skills: Power BI, Tableau, Pandas, machine learning, dashboard development. Responsibilities: Clean and analyse organisational data; Create reports and dashboards; Identify trends and patterns; Communicate findings to stakeholders; Support evidence-based decision making.",3,0.8266666666666668,0.7250994443893433,0.8625497221946716,38.73215113416668,0.8481964999834697
CAND031,JOB003,Cybersecurity Analyst,"Candidate identifier: CAND031. Professional profile: Data Analyst. Education: Bachelor's degree in Computing. Professional experience: 4 years. Skills: Pandas, Python, data visualisation, machine learning, data analysis, Tableau, data cleaning, statistics, Excel. Experience evidence: identified trends and anomalies; automated data-processing tasks; created interactive dashboards; produced reports for stakeholders; performed statistical analysis. The candidate has worked with team members, communicated with stakeholders and completed assigned professional tasks.","Job title: Cybersecurity Analyst. Sector: Cybersecurity. Minimum experience: 2 years. Education: Bachelor's degree in Cybersecurity, Computing or related subject. Required skills: network security, risk assessment, incident response, vulnerability assessment, SIEM, security monitoring. Preferred skills: penetration testing, Splunk, ISO 27001, NIST, Python, cloud security. Responsibilities: Monitor networks for security threats; Investigate security incidents; Conduct vulnerability assessments; Prepare risk and incident reports; Support security-policy implementation.",1,0.03333333333333333,0.5481799840927124,0.7740899920463562,8.968824545826745,0.47778732856114703
CAND031,JOB004,IT Project Manager,"Candidate identifier: CAND031. Professional profile: Data Analyst. Education: Bachelor's degree in Computing. Professional experience: 4 years. Skills: Pandas, Python, data visualisation, machine learning, data analysis, Tableau, data cleaning, statistics, Excel. Experience evidence: identified trends and anomalies; automated data-processing tasks; created interactive dashboards; produced reports for stakeholders; performed statistical analysis. The candidate has worked with team members, communicated with stakeholders and completed assigned professional tasks.","Job title: IT Project Manager. Sector: Information Technology. Minimum experience: 3 years. Education: Bachelor's degree in IT, Business or related subject. Required skills: project management, stakeholder management, risk management, budget management, Agile, communication. Preferred skills: Scrum, Jira, PRINCE2, leadership, resource planning. Responsibilities: Plan and manage technology projects; Coordinate multidisciplinary teams; Control project risks and budgets; Report progress to stakeholders; Ensure timely delivery of project objectives.",1,0.0,0.46350014209747314,0.7317500710487366,6.941444300520694,0.4390500426292419
CAND031,JOB005,Digital Marketing Specialist,"Candidate identifier: CAND031. Professional profile: Data Analyst. Education: Bachelor's degree in Computing. Professional experience: 4 years. Skills: Pandas, Python, data visualisation, machine learning, data analysis, Tableau, data cleaning, statistics, Excel. Experience evidence: identified trends and anomalies; automated data-processing tasks; created interactive dashboards; produced reports for stakeholders; performed statistical analysis. The candidate has worked with team members, communicated with stakeholders and completed assigned professional tasks.","Job title: Digital Marketing Specialist. Sector: Marketing. Minimum experience: 2 years. Education: Bachelor's degree in Marketing, Business or related subject. Required skills: digital marketing, SEO, social media marketing, content marketing, Google Analytics, campaign management. Preferred skills: Google Ads, email marketing, Canva, copywriting, conversion optimisation. Responsibilities: Plan and deliver digital marketing campaigns; Optimise website content for search engines; Manage social media channels; Analyse campaign performance; Prepare marketing-performance reports.",0,0.0,0.4732723832130432,0.7366361916065216,6.494472055054365,0.441981714963913
CAND032,JOB001,Software Engineer,"Candidate identifier: CAND032. Professional profile: Reporting Analyst. Education: Master's degree in Information Technology. Professional experience: 4 years. Skills: SQL, data analysis, data visualisation, dashboard development, Pandas, data cleaning, Python, statistics. Experience evidence: identified trends and anomalies; performed statistical analysis; cleaned and analysed organisational datasets. The candidate has worked with team members, communicated with stakeholders and completed assigned professional tasks.","Job title: Software Engineer. Sector: Technology. Minimum experience: 2 years. Education: Bachelor's degree in Computer Science or related subject. Required skills: Python, JavaScript, Git, SQL, REST APIs, software testing. Preferred skills: Docker, AWS, React, Agile, CI/CD. Responsibilities: Develop and maintain web applications; Design and integrate REST APIs; Write automated tests; Participate in code reviews; Work within an Agile development team.",1,0.26666666666666666,0.4281320869922638,0.7140660434961319,11.45003932993094,0.5351062927643457
CAND032,JOB002,Data Analyst,"Candidate identifier: CAND032. Professional profile: Reporting Analyst. Education: Master's degree in Information Technology. Professional experience: 4 years. Skills: SQL, data analysis, data visualisation, dashboard development, Pandas, data cleaning, Python, statistics. Experience evidence: identified trends and anomalies; performed statistical analysis; cleaned and analysed organisational datasets. The candidate has worked with team members, communicated with stakeholders and completed assigned professional tasks.","Job title: Data Analyst. Sector: Data and Analytics. Minimum experience: 2 years. Education: Bachelor's degree in Data Science, Statistics or related subject. Required skills: Python, SQL, Excel, data analysis, data visualisation, statistics. Preferred skills: Power BI, Tableau, Pandas, machine learning, dashboard development. Responsibilities: Clean and analyse organisational data; Create reports and dashboards; Identify trends and patterns; Communicate findings to stakeholders; Support evidence-based decision making.",3,0.7466666666666668,0.6292847990989685,0.8146423995494843,35.30907170232351,0.7874521063963573
CAND032,JOB003,Cybersecurity Analyst,"Candidate identifier: CAND032. Professional profile: Reporting Analyst. Education: Master's degree in Information Technology. Professional experience: 4 years. Skills: SQL, data analysis, data visualisation, dashboard development, Pandas, data cleaning, Python, statistics. Experience evidence: identified trends and anomalies; performed statistical analysis; cleaned and analysed organisational datasets. The candidate has worked with team members, communicated with stakeholders and completed assigned professional tasks.","Job title: Cybersecurity Analyst. Sector: Cybersecurity. Minimum experience: 2 years. Education: Bachelor's degree in Cybersecurity, Computing or related subject. Required skills: network security, risk assessment, incident response, vulnerability assessment, SIEM, security monitoring. Preferred skills: penetration testing, Splunk, ISO 27001, NIST, Python, cloud security. Responsibilities: Monitor networks for security threats; Investigate security incidents; Conduct vulnerability assessments; Prepare risk and incident reports; Support security-policy implementation.",1,0.03333333333333333,0.5382146239280701,0.769107311964035,6.864293126428835,0.4747977205117543
CAND032,JOB004,IT Project Manager,"Candidate identifier: CAND032. Professional profile: Reporting Analyst. Education: Master's degree in Information Technology. Professional experience: 4 years. Skills: SQL, data analysis, data visualisation, dashboard development, Pandas, data cleaning, Python, statistics. Experience evidence: identified trends and anomalies; performed statistical analysis; cleaned and analysed organisational datasets. The candidate has worked with team members, communicated with stakeholders and completed assigned professional tasks.","Job title: IT Project Manager. Sector: Information Technology. Minimum experience: 3 years. Education: Bachelor's degree in IT, Business or related subject. Required skills: project management, stakeholder management, risk management, budget management, Agile, communication. Preferred skills: Scrum, Jira, PRINCE2, leadership, resource planning. Responsibilities: Plan and manage technology projects; Coordinate multidisciplinary teams; Control project risks and budgets; Report progress to stakeholders; Ensure timely delivery of project objectives.",1,0.0,0.45859038829803467,0.7292951941490173,9.136299901666883,0.4375771164894104
CAND032,JOB005,Digital Marketing Specialist,"Candidate identifier: CAND032. Professional profile: Reporting Analyst. Education: Master's degree in Information Technology. Professional experience: 4 years. Skills: SQL, data analysis, data visualisation, dashboard development, Pandas, data cleaning, Python, statistics. Experience evidence: identified trends and anomalies; performed statistical analysis; cleaned and analysed organisational datasets. The candidate has worked with team members, communicated with stakeholders and completed assigned professional tasks.","Job title: Digital Marketing Specialist. Sector: Marketing. Minimum experience: 2 years. Education: Bachelor's degree in Marketing, Business or related subject. Required skills: digital marketing, SEO, social media marketing, content marketing, Google Analytics, campaign management. Preferred skills: Google Ads, email marketing, Canva, copywriting, conversion optimisation. Responsibilities: Plan and deliver digital marketing campaigns; Optimise website content for search engines; Manage social media channels; Analyse campaign performance; Prepare marketing-performance reports.",0,0.0,0.43781834840774536,0.7189091742038727,5.3120736722242725,0.4313455045223236
CAND033,JOB001,Software Engineer,"Candidate identifier: CAND033. Professional profile: Data Analyst. Education: Professional diploma with relevant training. Professional experience: 3 years. Skills: Tableau, Power BI, data analysis, Excel, Python, dashboard development. Experience evidence: identified trends and anomalies; created interactive dashboards. The candidate has worked with team members, communicated with stakeholders and completed assigned professional tasks.","Job title: Software Engineer. Sector: Technology. Minimum experience: 2 years. Education: Bachelor's degree in Computer Science or related subject. Required skills: Python, JavaScript, Git, SQL, REST APIs, software testing. Preferred skills: Docker, AWS, React, Agile, CI/CD. Responsibilities: Develop and maintain web applications; Design and integrate REST APIs; Write automated tests; Participate in code reviews; Work within an Agile development team.",1,0.13333333333333333,0.42355209589004517,0.7117760479450226,7.584836821424473,0.4803989621003469
CAND033,JOB002,Data Analyst,"Candidate identifier: CAND033. Professional profile: Data Analyst. Education: Professional diploma with relevant training. Professional experience: 3 years. Skills: Tableau, Power BI, data analysis, Excel, Python, dashboard development. Experience evidence: identified trends and anomalies; created interactive dashboards. The candidate has worked with team members, communicated with stakeholders and completed assigned professional tasks.","Job title: Data Analyst. Sector: Data and Analytics. Minimum experience: 2 years. Education: Bachelor's degree in Data Science, Statistics or related subject. Required skills: Python, SQL, Excel, data analysis, data visualisation, statistics. Preferred skills: Power BI, Tableau, Pandas, machine learning, dashboard development. Responsibilities: Clean and analyse organisational data; Create reports and dashboards; Identify trends and patterns; Communicate findings to stakeholders; Support evidence-based decision making.",2,0.52,0.6667332053184509,0.8333666026592255,31.951236921429395,0.7080199615955354
CAND033,JOB003,Cybersecurity Analyst,"Candidate identifier: CAND033. Professional profile: Data Analyst. Education: Professional diploma with relevant training. Professional experience: 3 years. Skills: Tableau, Power BI, data analysis, Excel, Python, dashboard development. Experience evidence: identified trends and anomalies; created interactive dashboards. The candidate has worked with team members, communicated with stakeholders and completed assigned professional tasks.","Job title: Cybersecurity Analyst. Sector: Cybersecurity. Minimum experience: 2 years. Education: Bachelor's degree in Cybersecurity, Computing or related subject. Required skills: network security, risk assessment, incident response, vulnerability assessment, SIEM, security monitoring. Preferred skills: penetration testing, Splunk, ISO 27001, NIST, Python, cloud security. Responsibilities: Monitor networks for security threats; Investigate security incidents; Conduct vulnerability assessments; Prepare risk and incident reports; Support security-policy implementation.",0,0.03333333333333333,0.4839884340763092,0.7419942170381546,5.501366945150276,0.45852986355622605
CAND033,JOB004,IT Project Manager,"Candidate identifier: CAND033. Professional profile: Data Analyst. Education: Professional diploma with relevant training. Professional experience: 3 years. Skills: Tableau, Power BI, data analysis, Excel, Python, dashboard development. Experience evidence: identified trends and anomalies; created interactive dashboards. The candidate has worked with team members, communicated with stakeholders and completed assigned professional tasks.","Job title: IT Project Manager. Sector: Information Technology. Minimum experience: 3 years. Education: Bachelor's degree in IT, Business or related subject. Required skills: project management, stakeholder management, risk management, budget management, Agile, communication. Preferred skills: Scrum, Jira, PRINCE2, leadership, resource planning. Responsibilities: Plan and manage technology projects; Coordinate multidisciplinary teams; Control project risks and budgets; Report progress to stakeholders; Ensure timely delivery of project objectives.",0,0.0,0.43735572695732117,0.7186778634786606,7.500442869933752,0.43120671808719635
CAND033,JOB005,Digital Marketing Specialist,"Candidate identifier: CAND033. Professional profile: Data Analyst. Education: Professional diploma with relevant training. Professional experience: 3 years. Skills: Tableau, Power BI, data analysis, Excel, Python, dashboard development. Experience evidence: identified trends and anomalies; created interactive dashboards. The candidate has worked with team members, communicated with stakeholders and completed assigned professional tasks.","Job title: Digital Marketing Specialist. Sector: Marketing. Minimum experience: 2 years. Education: Bachelor's degree in Marketing, Business or related subject. Required skills: digital marketing, SEO, social media marketing, content marketing, Google Analytics, campaign management. Preferred skills: Google Ads, email marketing, Canva, copywriting, conversion optimisation. Responsibilities: Plan and deliver digital marketing campaigns; Optimise website content for search engines; Manage social media channels; Analyse campaign performance; Prepare marketing-performance reports.",0,0.0,0.4354013204574585,0.7177006602287292,3.8367663473870426,0.4306203961372375
CAND034,JOB001,Software Engineer,"Candidate identifier: CAND034. Professional profile: Reporting Analyst. Education: Bachelor's degree in Business. Professional experience: 7 years. Skills: Pandas, data analysis, SQL. Experience evidence: created interactive dashboards; identified trends and anomalies; produced reports for stakeholders; automated data-processing tasks; performed statistical analysis. The candidate has worked with team members, communicated with stakeholders and completed assigned professional tasks.","Job title: Software Engineer. Sector: Technology. Minimum experience: 2 years. Education: Bachelor's degree in Computer Science or related subject. Required skills: Python, JavaScript, Git, SQL, REST APIs, software testing. Preferred skills: Docker, AWS, React, Agile, CI/CD. Responsibilities: Develop and maintain web applications; Design and integrate REST APIs; Write automated tests; Participate in code reviews; Work within an Agile development team.",1,0.13333333333333333,0.3887900710105896,0.6943950355052948,10.36891146372218,0.4699703546365102
CAND034,JOB002,Data Analyst,"Candidate identifier: CAND034. Professional profile: Reporting Analyst. Education: Bachelor's degree in Business. Professional experience: 7 years. Skills: Pandas, data analysis, SQL. Experience evidence: created interactive dashboards; identified trends and anomalies; produced reports for stakeholders; automated data-processing tasks; performed statistical analysis. The candidate has worked with team members, communicated with stakeholders and completed assigned professional tasks.","Job title: Data Analyst. Sector: Data and Analytics. Minimum experience: 2 years. Education: Bachelor's degree in Data Science, Statistics or related subject. Required skills: Python, SQL, Excel, data analysis, data visualisation, statistics. Preferred skills: Power BI, Tableau, Pandas, machine learning, dashboard development. Responsibilities: Clean and analyse organisational data; Create reports and dashboards; Identify trends and patterns; Communicate findings to stakeholders; Support evidence-based decision making.",2,0.48000000000000004,0.5904035568237305,0.7952017784118652,24.884619024075263,0.6691210670471192
CAND034,JOB003,Cybersecurity Analyst,"Candidate identifier: CAND034. Professional profile: Reporting Analyst. Education: Bachelor's degree in Business. Professional experience: 7 years. Skills: Pandas, data analysis, SQL. Experience evidence: created interactive dashboards; identified trends and anomalies; produced reports for stakeholders; automated data-processing tasks; performed statistical analysis. The candidate has worked with team members, communicated with stakeholders and completed assigned professional tasks.","Job title: Cybersecurity Analyst. Sector: Cybersecurity. Minimum experience: 2 years. Education: Bachelor's degree in Cybersecurity, Computing or related subject. Required skills: network security, risk assessment, incident response, vulnerability assessment, SIEM, security monitoring. Preferred skills: penetration testing, Splunk, ISO 27001, NIST, Python, cloud security. Responsibilities: Monitor networks for security threats; Investigate security incidents; Conduct vulnerability assessments; Prepare risk and incident reports; Support security-policy implementation.",0,0.0,0.5067845582962036,0.7533922791481018,7.496186360711624,0.4520353674888611
CAND034,JOB004,IT Project Manager,"Candidate identifier: CAND034. Professional profile: Reporting Analyst. Education: Bachelor's degree in Business. Professional experience: 7 years. Skills: Pandas, data analysis, SQL. Experience evidence: created interactive dashboards; identified trends and anomalies; produced reports for stakeholders; automated data-processing tasks; performed statistical analysis. The candidate has worked with team members, communicated with stakeholders and completed assigned professional tasks.","Job title: IT Project Manager. Sector: Information Technology. Minimum experience: 3 years. Education: Bachelor's degree in IT, Business or related subject. Required skills: project management, stakeholder management, risk management, budget management, Agile, communication. Preferred skills: Scrum, Jira, PRINCE2, leadership, resource planning. Responsibilities: Plan and manage technology projects; Coordinate multidisciplinary teams; Control project risks and budgets; Report progress to stakeholders; Ensure timely delivery of project objectives.",1,0.0,0.41760796308517456,0.7088039815425873,9.364479884810315,0.42528238892555237
CAND034,JOB005,Digital Marketing Specialist,"Candidate identifier: CAND034. Professional profile: Reporting Analyst. Education: Bachelor's degree in Business. Professional experience: 7 years. Skills: Pandas, data analysis, SQL. Experience evidence: created interactive dashboards; identified trends and anomalies; produced reports for stakeholders; automated data-processing tasks; performed statistical analysis. The candidate has worked with team members, communicated with stakeholders and completed assigned professional tasks.","Job title: Digital Marketing Specialist. Sector: Marketing. Minimum experience: 2 years. Education: Bachelor's degree in Marketing, Business or related subject. Required skills: digital marketing, SEO, social media marketing, content marketing, Google Analytics, campaign management. Preferred skills: Google Ads, email marketing, Canva, copywriting, conversion optimisation. Responsibilities: Plan and deliver digital marketing campaigns; Optimise website content for search engines; Manage social media channels; Analyse campaign performance; Prepare marketing-performance reports.",1,0.0,0.4424017071723938,0.7212008535861969,8.915847307362332,0.43272051215171814
CAND035,JOB001,Software Engineer,"Candidate identifier: CAND035. Professional profile: Business Intelligence Analyst. Education: Bachelor's degree in Business. Professional experience: 7 years. Skills: data visualisation, data analysis, data cleaning, Pandas, Tableau, statistics. Experience evidence: produced reports for stakeholders; identified trends and anomalies; cleaned and analysed organisational datasets. The candidate has worked with team members, communicated with stakeholders and completed assigned professional tasks.","Job title: Software Engineer. Sector: Technology. Minimum experience: 2 years. Education: Bachelor's degree in Computer Science or related subject. Required skills: Python, JavaScript, Git, SQL, REST APIs, software testing. Preferred skills: Docker, AWS, React, Agile, CI/CD. Responsibilities: Develop and maintain web applications; Design and integrate REST APIs; Write automated tests; Participate in code reviews; Work within an Agile development team.",0,0.0,0.4162366986274719,0.708118349313736,7.870703515924897,0.4248710095882416
CAND035,JOB002,Data Analyst,"Candidate identifier: CAND035. Professional profile: Business Intelligence Analyst. Education: Bachelor's degree in Business. Professional experience: 7 years. Skills: data visualisation, data analysis, data cleaning, Pandas, Tableau, statistics. Experience evidence: produced reports for stakeholders; identified trends and anomalies; cleaned and analysed organisational datasets. The candidate has worked with team members, communicated with stakeholders and completed assigned professional tasks.","Job title: Data Analyst. Sector: Data and Analytics. Minimum experience: 2 years. Education: Bachelor's degree in Data Science, Statistics or related subject. Required skills: Python, SQL, Excel, data analysis, data visualisation, statistics. Preferred skills: Power BI, Tableau, Pandas, machine learning, dashboard development. Responsibilities: Clean and analyse organisational data; Create reports and dashboards; Identify trends and patterns; Communicate findings to stakeholders; Support evidence-based decision making.",2,0.48000000000000004,0.6339331865310669,0.8169665932655334,32.42905004448393,0.6821799559593201
CAND035,JOB003,Cybersecurity Analyst,"Candidate identifier: CAND035. Professional profile: Business Intelligence Analyst. Education: Bachelor's degree in Business. Professional experience: 7 years. Skills: data visualisation, data analysis, data cleaning, Pandas, Tableau, statistics. Experience evidence: produced reports for stakeholders; identified trends and anomalies; cleaned and analysed organisational datasets. The candidate has worked with team members, communicated with stakeholders and completed assigned professional tasks.","Job title: Cybersecurity Analyst. Sector: Cybersecurity. Minimum experience: 2 years. Education: Bachelor's degree in Cybersecurity, Computing or related subject. Required skills: network security, risk assessment, incident response, vulnerability assessment, SIEM, security monitoring. Preferred skills: penetration testing, Splunk, ISO 27001, NIST, Python, cloud security. Responsibilities: Monitor networks for security threats; Investigate security incidents; Conduct vulnerability assessments; Prepare risk and incident reports; Support security-policy implementation.",0,0.0,0.5323611497879028,0.7661805748939514,7.566996108900245,0.4597083449363708
CAND035,JOB004,IT Project Manager,"Candidate identifier: CAND035. Professional profile: Business Intelligence Analyst. Education: Bachelor's degree in Business. Professional experience: 7 years. Skills: data visualisation, data analysis, data cleaning, Pandas, Tableau, statistics. Experience evidence: produced reports for stakeholders; identified trends and anomalies; cleaned and analysed organisational datasets. The candidate has worked with team members, communicated with stakeholders and completed assigned professional tasks.","Job title: IT Project Manager. Sector: Information Technology. Minimum experience: 3 years. Education: Bachelor's degree in IT, Business or related subject. Required skills: project management, stakeholder management, risk management, budget management, Agile, communication. Preferred skills: Scrum, Jira, PRINCE2, leadership, resource planning. Responsibilities: Plan and manage technology projects; Coordinate multidisciplinary teams; Control project risks and budgets; Report progress to stakeholders; Ensure timely delivery of project objectives.",1,0.0,0.4816107153892517,0.7408053576946259,10.388264137093868,0.4444832146167755
CAND035,JOB005,Digital Marketing Specialist,"Candidate identifier: CAND035. Professional profile: Business Intelligence Analyst. Education: Bachelor's degree in Business. Professional experience: 7 years. Skills: data visualisation, data analysis, data cleaning, Pandas, Tableau, statistics. Experience evidence: produced reports for stakeholders; identified trends and anomalies; cleaned and analysed organisational datasets. The candidate has worked with team members, communicated with stakeholders and completed assigned professional tasks.","Job title: Digital Marketing Specialist. Sector: Marketing. Minimum experience: 2 years. Education: Bachelor's degree in Marketing, Business or related subject. Required skills: digital marketing, SEO, social media marketing, content marketing, Google Analytics, campaign management. Preferred skills: Google Ads, email marketing, Canva, copywriting, conversion optimisation. Responsibilities: Plan and deliver digital marketing campaigns; Optimise website content for search engines; Manage social media channels; Analyse campaign performance; Prepare marketing-performance reports.",1,0.0,0.4618016183376312,0.7309008091688156,9.81515024479564,0.4385404855012894
CAND036,JOB001,Software Engineer,"Candidate identifier: CAND036. Professional profile: Junior Data Analyst. Education: Master's degree in Information Technology. Professional experience: 4 years. Skills: statistics, Pandas, SQL, Excel, dashboard development. Experience evidence: identified trends and anomalies; created interactive dashboards; performed statistical analysis. The candidate has worked with team members, communicated with stakeholders and completed assigned professional tasks.","Job title: Software Engineer. Sector: Technology. Minimum experience: 2 years. Education: Bachelor's degree in Computer Science or related subject. Required skills: Python, JavaScript, Git, SQL, REST APIs, software testing. Preferred skills: Docker, AWS, React, Agile, CI/CD. Responsibilities: Develop and maintain web applications; Design and integrate REST APIs; Write automated tests; Participate in code reviews; Work within an Agile development team.",1,0.13333333333333333,0.4276883900165558,0.7138441950082779,10.745566658017596,0.4816398503383001
CAND036,JOB002,Data Analyst,"Candidate identifier: CAND036. Professional profile: Junior Data Analyst. Education: Master's degree in Information Technology. Professional experience: 4 years. Skills: statistics, Pandas, SQL, Excel, dashboard development. Experience evidence: identified trends and anomalies; created interactive dashboards; performed statistical analysis. The candidate has worked with team members, communicated with stakeholders and completed assigned professional tasks.","Job title: Data Analyst. Sector: Data and Analytics. Minimum experience: 2 years. Education: Bachelor's degree in Data Science, Statistics or related subject. Required skills: Python, SQL, Excel, data analysis, data visualisation, statistics. Preferred skills: Power BI, Tableau, Pandas, machine learning, dashboard development. Responsibilities: Clean and analyse organisational data; Create reports and dashboards; Identify trends and patterns; Communicate findings to stakeholders; Support evidence-based decision making.",2,0.48000000000000004,0.6447959542274475,0.8223979771137238,31.554943661446075,0.6854387862682343
CAND036,JOB003,Cybersecurity Analyst,"Candidate identifier: CAND036. Professional profile: Junior Data Analyst. Education: Master's degree in Information Technology. Professional experience: 4 years. Skills: statistics, Pandas, SQL, Excel, dashboard development. Experience evidence: identified trends and anomalies; created interactive dashboards; performed statistical analysis. The candidate has worked with team members, communicated with stakeholders and completed assigned professional tasks.","Job title: Cybersecurity Analyst. Sector: Cybersecurity. Minimum experience: 2 years. Education: Bachelor's degree in Cybersecurity, Computing or related subject. Required skills: network security, risk assessment, incident response, vulnerability assessment, SIEM, security monitoring. Preferred skills: penetration testing, Splunk, ISO 27001, NIST, Python, cloud security. Responsibilities: Monitor networks for security threats; Investigate security incidents; Conduct vulnerability assessments; Prepare risk and incident reports; Support security-policy implementation.",1,0.0,0.4962701201438904,0.7481350600719452,6.05029880222553,0.4488810360431671
CAND036,JOB004,IT Project Manager,"Candidate identifier: CAND036. Professional profile: Junior Data Analyst. Education: Master's degree in Information Technology. Professional experience: 4 years. Skills: statistics, Pandas, SQL, Excel, dashboard development. Experience evidence: identified trends and anomalies; created interactive dashboards; performed statistical analysis. The candidate has worked with team members, communicated with stakeholders and completed assigned professional tasks.","Job title: IT Project Manager. Sector: Information Technology. Minimum experience: 3 years. Education: Bachelor's degree in IT, Business or related subject. Required skills: project management, stakeholder management, risk management, budget management, Agile, communication. Preferred skills: Scrum, Jira, PRINCE2, leadership, resource planning. Responsibilities: Plan and manage technology projects; Coordinate multidisciplinary teams; Control project risks and budgets; Report progress to stakeholders; Ensure timely delivery of project objectives.",1,0.0,0.43736305832862854,0.7186815291643143,9.341027301987626,0.43120891749858853
CAND036,JOB005,Digital Marketing Specialist,"Candidate identifier: CAND036. Professional profile: Junior Data Analyst. Education: Master's degree in Information Technology. Professional experience: 4 years. Skills: statistics, Pandas, SQL, Excel, dashboard development. Experience evidence: identified trends and anomalies; created interactive dashboards; performed statistical analysis. The candidate has worked with team members, communicated with stakeholders and completed assigned professional tasks.","Job title: Digital Marketing Specialist. Sector: Marketing. Minimum experience: 2 years. Education: Bachelor's degree in Marketing, Business or related subject. Required skills: digital marketing, SEO, social media marketing, content marketing, Google Analytics, campaign management. Preferred skills: Google Ads, email marketing, Canva, copywriting, conversion optimisation. Responsibilities: Plan and deliver digital marketing campaigns; Optimise website content for search engines; Manage social media channels; Analyse campaign performance; Prepare marketing-performance reports.",0,0.0,0.4444989264011383,0.7222494632005692,5.449482624362927,0.43334967792034146
CAND037,JOB001,Software Engineer,"Candidate identifier: CAND037. Professional profile: Reporting Analyst. Education: Bachelor's degree in Computing. Professional experience: 6 years. Skills: Pandas, Tableau, Power BI, Python, data analysis. Experience evidence: identified trends and anomalies; performed statistical analysis; cleaned and analysed organisational datasets; produced reports for stakeholders; created interactive dashboards. The candidate has worked with team members, communicated with stakeholders and completed assigned professional tasks.","Job title: Software Engineer. Sector: Technology. Minimum experience: 2 years. Education: Bachelor's degree in Computer Science or related subject. Required skills: Python, JavaScript, Git, SQL, REST APIs, software testing. Preferred skills: Docker, AWS, React, Agile, CI/CD. Responsibilities: Develop and maintain web applications; Design and integrate REST APIs; Write automated tests; Participate in code reviews; Work within an Agile development team.",1,0.13333333333333333,0.43236470222473145,0.7161823511123657,8.692840708057568,0.48304274400075276
CAND037,JOB002,Data Analyst,"Candidate identifier: CAND037. Professional profile: Reporting Analyst. Education: Bachelor's degree in Computing. Professional experience: 6 years. Skills: Pandas, Tableau, Power BI, Python, data analysis. Experience evidence: identified trends and anomalies; performed statistical analysis; cleaned and analysed organisational datasets; produced reports for stakeholders; created interactive dashboards. The candidate has worked with team members, communicated with stakeholders and completed assigned professional tasks.","Job title: Data Analyst. Sector: Data and Analytics. Minimum experience: 2 years. Education: Bachelor's degree in Data Science, Statistics or related subject. Required skills: Python, SQL, Excel, data analysis, data visualisation, statistics. Preferred skills: Power BI, Tableau, Pandas, machine learning, dashboard development. Responsibilities: Clean and analyse organisational data; Create reports and dashboards; Identify trends and patterns; Communicate findings to stakeholders; Support evidence-based decision making.",2,0.56,0.6633570194244385,0.8316785097122192,30.738803960184494,0.7230071058273315
CAND037,JOB003,Cybersecurity Analyst,"Candidate identifier: CAND037. Professional profile: Reporting Analyst. Education: Bachelor's degree in Computing. Professional experience: 6 years. Skills: Pandas, Tableau, Power BI, Python, data analysis. Experience evidence: identified trends and anomalies; performed statistical analysis; cleaned and analysed organisational datasets; produced reports for stakeholders; created interactive dashboards. The candidate has worked with team members, communicated with stakeholders and completed assigned professional tasks.","Job title: Cybersecurity Analyst. Sector: Cybersecurity. Minimum experience: 2 years. Education: Bachelor's degree in Cybersecurity, Computing or related subject. Required skills: network security, risk assessment, incident response, vulnerability assessment, SIEM, security monitoring. Preferred skills: penetration testing, Splunk, ISO 27001, NIST, Python, cloud security. Responsibilities: Monitor networks for security threats; Investigate security incidents; Conduct vulnerability assessments; Prepare risk and incident reports; Support security-policy implementation.",1,0.03333333333333333,0.5478087663650513,0.7739043831825256,9.412978776129304,0.47767596324284867
CAND037,JOB004,IT Project Manager,"Candidate identifier: CAND037. Professional profile: Reporting Analyst. Education: Bachelor's degree in Computing. Professional experience: 6 years. Skills: Pandas, Tableau, Power BI, Python, data analysis. Experience evidence: identified trends and anomalies; performed statistical analysis; cleaned and analysed organisational datasets; produced reports for stakeholders; created interactive dashboards. The candidate has worked with team members, communicated with stakeholders and completed assigned professional tasks.","Job title: IT Project Manager. Sector: Information Technology. Minimum experience: 3 years. Education: Bachelor's degree in IT, Business or related subject. Required skills: project management, stakeholder management, risk management, budget management, Agile, communication. Preferred skills: Scrum, Jira, PRINCE2, leadership, resource planning. Responsibilities: Plan and manage technology projects; Coordinate multidisciplinary teams; Control project risks and budgets; Report progress to stakeholders; Ensure timely delivery of project objectives.",1,0.0,0.46687260270118713,0.7334363013505936,7.420390250494445,0.44006178081035613
CAND037,JOB005,Digital Marketing Specialist,"Candidate identifier: CAND037. Professional profile: Reporting Analyst. Education: Bachelor's degree in Computing. Professional experience: 6 years. Skills: Pandas, Tableau, Power BI, Python, data analysis. Experience evidence: identified trends and anomalies; performed statistical analysis; cleaned and analysed organisational datasets; produced reports for stakeholders; created interactive dashboards. The candidate has worked with team members, communicated with stakeholders and completed assigned professional tasks.","Job title: Digital Marketing Specialist. Sector: Marketing. Minimum experience: 2 years. Education: Bachelor's degree in Marketing, Business or related subject. Required skills: digital marketing, SEO, social media marketing, content marketing, Google Analytics, campaign management. Preferred skills: Google Ads, email marketing, Canva, copywriting, conversion optimisation. Responsibilities: Plan and deliver digital marketing campaigns; Optimise website content for search engines; Manage social media channels; Analyse campaign performance; Prepare marketing-performance reports.",0,0.0,0.43928536772727966,0.7196426838636398,6.846512036209219,0.4317856103181839
CAND038,JOB001,Software Engineer,"Candidate identifier: CAND038. Professional profile: Reporting Analyst. Education: Bachelor's degree in Data Science. Professional experience: 5 years. Skills: Power BI, data cleaning, Pandas, machine learning, data analysis. Experience evidence: created interactive dashboards; produced reports for stakeholders; identified trends and anomalies; automated data-processing tasks; cleaned and analysed organisational datasets. The candidate has worked with team members, communicated with stakeholders and completed assigned professional tasks.","Job title: Software Engineer. Sector: Technology. Minimum experience: 2 years. Education: Bachelor's degree in Computer Science or related subject. Required skills: Python, JavaScript, Git, SQL, REST APIs, software testing. Preferred skills: Docker, AWS, React, Agile, CI/CD. Responsibilities: Develop and maintain web applications; Design and integrate REST APIs; Write automated tests; Participate in code reviews; Work within an Agile development team.",1,0.0,0.4378623962402344,0.7189311981201172,10.341072691196224,0.4313587188720703
CAND038,JOB002,Data Analyst,"Candidate identifier: CAND038. Professional profile: Reporting Analyst. Education: Bachelor's degree in Data Science. Professional experience: 5 years. Skills: Power BI, data cleaning, Pandas, machine learning, data analysis. Experience evidence: created interactive dashboards; produced reports for stakeholders; identified trends and anomalies; automated data-processing tasks; cleaned and analysed organisational datasets. The candidate has worked with team members, communicated with stakeholders and completed assigned professional tasks.","Job title: Data Analyst. Sector: Data and Analytics. Minimum experience: 2 years. Education: Bachelor's degree in Data Science, Statistics or related subject. Required skills: Python, SQL, Excel, data analysis, data visualisation, statistics. Preferred skills: Power BI, Tableau, Pandas, machine learning, dashboard development. Responsibilities: Clean and analyse organisational data; Create reports and dashboards; Identify trends and patterns; Communicate findings to stakeholders; Support evidence-based decision making.",1,0.29333333333333333,0.695165753364563,0.8475828766822815,35.65056682884492,0.6258830593427023
CAND038,JOB003,Cybersecurity Analyst,"Candidate identifier: CAND038. Professional profile: Reporting Analyst. Education: Bachelor's degree in Data Science. Professional experience: 5 years. Skills: Power BI, data cleaning, Pandas, machine learning, data analysis. Experience evidence: created interactive dashboards; produced reports for stakeholders; identified trends and anomalies; automated data-processing tasks; cleaned and analysed organisational datasets. The candidate has worked with team members, communicated with stakeholders and completed assigned professional tasks.","Job title: Cybersecurity Analyst. Sector: Cybersecurity. Minimum experience: 2 years. Education: Bachelor's degree in Cybersecurity, Computing or related subject. Required skills: network security, risk assessment, incident response, vulnerability assessment, SIEM, security monitoring. Preferred skills: penetration testing, Splunk, ISO 27001, NIST, Python, cloud security. Responsibilities: Monitor networks for security threats; Investigate security incidents; Conduct vulnerability assessments; Prepare risk and incident reports; Support security-policy implementation.",0,0.0,0.5384993553161621,0.769249677658081,7.2142064867370435,0.4615498065948486
CAND038,JOB004,IT Project Manager,"Candidate identifier: CAND038. Professional profile: Reporting Analyst. Education: Bachelor's degree in Data Science. Professional experience: 5 years. Skills: Power BI, data cleaning, Pandas, machine learning, data analysis. Experience evidence: created interactive dashboards; produced reports for stakeholders; identified trends and anomalies; automated data-processing tasks; cleaned and analysed organisational datasets. The candidate has worked with team members, communicated with stakeholders and completed assigned professional tasks.","Job title: IT Project Manager. Sector: Information Technology. Minimum experience: 3 years. Education: Bachelor's degree in IT, Business or related subject. Required skills: project management, stakeholder management, risk management, budget management, Agile, communication. Preferred skills: Scrum, Jira, PRINCE2, leadership, resource planning. Responsibilities: Plan and manage technology projects; Coordinate multidisciplinary teams; Control project risks and budgets; Report progress to stakeholders; Ensure timely delivery of project objectives.",0,0.0,0.48568689823150635,0.7428434491157532,7.2398126259375015,0.4457060694694519
CAND038,JOB005,Digital Marketing Specialist,"Candidate identifier: CAND038. Professional profile: Reporting Analyst. Education: Bachelor's degree in Data Science. Professional experience: 5 years. Skills: Power BI, data cleaning, Pandas, machine learning, data analysis. Experience evidence: created interactive dashboards; produced reports for stakeholders; identified trends and anomalies; automated data-processing tasks; cleaned and analysed organisational datasets. The candidate has worked with team members, communicated with stakeholders and completed assigned professional tasks.","Job title: Digital Marketing Specialist. Sector: Marketing. Minimum experience: 2 years. Education: Bachelor's degree in Marketing, Business or related subject. Required skills: digital marketing, SEO, social media marketing, content marketing, Google Analytics, campaign management. Preferred skills: Google Ads, email marketing, Canva, copywriting, conversion optimisation. Responsibilities: Plan and deliver digital marketing campaigns; Optimise website content for search engines; Manage social media channels; Analyse campaign performance; Prepare marketing-performance reports.",0,0.0,0.4662879407405853,0.7331439703702927,6.665518514026481,0.4398863822221756
CAND039,JOB001,Software Engineer,"Candidate identifier: CAND039. Professional profile: Junior Data Analyst. Education: Bachelor's degree in Computing. Professional experience: 6 years. Skills: Tableau, Excel, machine learning, Pandas. Experience evidence: identified trends and anomalies; performed statistical analysis. The candidate has worked with team members, communicated with stakeholders and completed assigned professional tasks.","Job title: Software Engineer. Sector: Technology. Minimum experience: 2 years. Education: Bachelor's degree in Computer Science or related subject. Required skills: Python, JavaScript, Git, SQL, REST APIs, software testing. Preferred skills: Docker, AWS, React, Agile, CI/CD. Responsibilities: Develop and maintain web applications; Design and integrate REST APIs; Write automated tests; Participate in code reviews; Work within an Agile development team.",1,0.0,0.42839789390563965,0.7141989469528198,8.192537035006099,0.4285193681716919
CAND039,JOB002,Data Analyst,"Candidate identifier: CAND039. Professional profile: Junior Data Analyst. Education: Bachelor's degree in Computing. Professional experience: 6 years. Skills: Tableau, Excel, machine learning, Pandas. Experience evidence: identified trends and anomalies; performed statistical analysis. The candidate has worked with team members, communicated with stakeholders and completed assigned professional tasks.","Job title: Data Analyst. Sector: Data and Analytics. Minimum experience: 2 years. Education: Bachelor's degree in Data Science, Statistics or related subject. Required skills: Python, SQL, Excel, data analysis, data visualisation, statistics. Preferred skills: Power BI, Tableau, Pandas, machine learning, dashboard development. Responsibilities: Clean and analyse organisational data; Create reports and dashboards; Identify trends and patterns; Communicate findings to stakeholders; Support evidence-based decision making.",2,0.38666666666666666,0.6413146257400513,0.8206573128700256,28.795987252095042,0.6470610543886821
CAND039,JOB003,Cybersecurity Analyst,"Candidate identifier: CAND039. Professional profile: Junior Data Analyst. Education: Bachelor's degree in Computing. Professional experience: 6 years. Skills: Tableau, Excel, machine learning, Pandas. Experience evidence: identified trends and anomalies; performed statistical analysis. The candidate has worked with team members, communicated with stakeholders and completed assigned professional tasks.","Job title: Cybersecurity Analyst. Sector: Cybersecurity. Minimum experience: 2 years. Education: Bachelor's degree in Cybersecurity, Computing or related subject. Required skills: network security, risk assessment, incident response, vulnerability assessment, SIEM, security monitoring. Preferred skills: penetration testing, Splunk, ISO 27001, NIST, Python, cloud security. Responsibilities: Monitor networks for security threats; Investigate security incidents; Conduct vulnerability assessments; Prepare risk and incident reports; Support security-policy implementation.",1,0.0,0.5210270881652832,0.7605135440826416,7.99398949661684,0.45630812644958496
CAND039,JOB004,IT Project Manager,"Candidate identifier: CAND039. Professional profile: Junior Data Analyst. Education: Bachelor's degree in Computing. Professional experience: 6 years. Skills: Tableau, Excel, machine learning, Pandas. Experience evidence: identified trends and anomalies; performed statistical analysis. The candidate has worked with team members, communicated with stakeholders and completed assigned professional tasks.","Job title: IT Project Manager. Sector: Information Technology. Minimum experience: 3 years. Education: Bachelor's degree in IT, Business or related subject. Required skills: project management, stakeholder management, risk management, budget management, Agile, communication. Preferred skills: Scrum, Jira, PRINCE2, leadership, resource planning. Responsibilities: Plan and manage technology projects; Coordinate multidisciplinary teams; Control project risks and budgets; Report progress to stakeholders; Ensure timely delivery of project objectives.",1,0.0,0.4458628296852112,0.7229314148426056,7.6142990845183665,0.4337588489055633
CAND039,JOB005,Digital Marketing Specialist,"Candidate identifier: CAND039. Professional profile: Junior Data Analyst. Education: Bachelor's degree in Computing. Professional experience: 6 years. Skills: Tableau, Excel, machine learning, Pandas. Experience evidence: identified trends and anomalies; performed statistical analysis. The candidate has worked with team members, communicated with stakeholders and completed assigned professional tasks.","Job title: Digital Marketing Specialist. Sector: Marketing. Minimum experience: 2 years. Education: Bachelor's degree in Marketing, Business or related subject. Required skills: digital marketing, SEO, social media marketing, content marketing, Google Analytics, campaign management. Preferred skills: Google Ads, email marketing, Canva, copywriting, conversion optimisation. Responsibilities: Plan and deliver digital marketing campaigns; Optimise website content for search engines; Manage social media channels; Analyse campaign performance; Prepare marketing-performance reports.",0,0.0,0.4279676675796509,0.7139838337898254,6.2326752906543765,0.42839030027389524
CAND040,JOB001,Software Engineer,"Candidate identifier: CAND040. Professional profile: Reporting Analyst. Education: Bachelor's degree in Data Science. Professional experience: 6 years. Skills: Tableau, Excel, Python, data visualisation. Experience evidence: produced reports for stakeholders; created interactive dashboards; identified trends and anomalies; performed statistical analysis; automated data-processing tasks. The candidate has worked with team members, communicated with stakeholders and completed assigned professional tasks.","Job title: Software Engineer. Sector: Technology. Minimum experience: 2 years. Education: Bachelor's degree in Computer Science or related subject. Required skills: Python, JavaScript, Git, SQL, REST APIs, software testing. Preferred skills: Docker, AWS, React, Agile, CI/CD. Responsibilities: Develop and maintain web applications; Design and integrate REST APIs; Write automated tests; Participate in code reviews; Work within an Agile development team.",1,0.13333333333333333,0.4384461045265198,0.7192230522632599,11.50623652065324,0.48486716469128927
CAND040,JOB002,Data Analyst,"Candidate identifier: CAND040. Professional profile: Reporting Analyst. Education: Bachelor's degree in Data Science. Professional experience: 6 years. Skills: Tableau, Excel, Python, data visualisation. Experience evidence: produced reports for stakeholders; created interactive dashboards; identified trends and anomalies; performed statistical analysis; automated data-processing tasks. The candidate has worked with team members, communicated with stakeholders and completed assigned professional tasks.","Job title: Data Analyst. Sector: Data and Analytics. Minimum experience: 2 years. Education: Bachelor's degree in Data Science, Statistics or related subject. Required skills: Python, SQL, Excel, data analysis, data visualisation, statistics. Preferred skills: Power BI, Tableau, Pandas, machine learning, dashboard development. Responsibilities: Clean and analyse organisational data; Create reports and dashboards; Identify trends and patterns; Communicate findings to stakeholders; Support evidence-based decision making.",2,0.6133333333333333,0.6616913080215454,0.8308456540107727,30.05308274421387,0.7438407257397969
CAND040,JOB003,Cybersecurity Analyst,"Candidate identifier: CAND040. Professional profile: Reporting Analyst. Education: Bachelor's degree in Data Science. Professional experience: 6 years. Skills: Tableau, Excel, Python, data visualisation. Experience evidence: produced reports for stakeholders; created interactive dashboards; identified trends and anomalies; performed statistical analysis; automated data-processing tasks. The candidate has worked with team members, communicated with stakeholders and completed assigned professional tasks.","Job title: Cybersecurity Analyst. Sector: Cybersecurity. Minimum experience: 2 years. Education: Bachelor's degree in Cybersecurity, Computing or related subject. Required skills: network security, risk assessment, incident response, vulnerability assessment, SIEM, security monitoring. Preferred skills: penetration testing, Splunk, ISO 27001, NIST, Python, cloud security. Responsibilities: Monitor networks for security threats; Investigate security incidents; Conduct vulnerability assessments; Prepare risk and incident reports; Support security-policy implementation.",0,0.03333333333333333,0.5264198780059814,0.7632099390029907,8.379888269066257,0.47125929673512773
CAND040,JOB004,IT Project Manager,"Candidate identifier: CAND040. Professional profile: Reporting Analyst. Education: Bachelor's degree in Data Science. Professional experience: 6 years. Skills: Tableau, Excel, Python, data visualisation. Experience evidence: produced reports for stakeholders; created interactive dashboards; identified trends and anomalies; performed statistical analysis; automated data-processing tasks. The candidate has worked with team members, communicated with stakeholders and completed assigned professional tasks.","Job title: IT Project Manager. Sector: Information Technology. Minimum experience: 3 years. Education: Bachelor's degree in IT, Business or related subject. Required skills: project management, stakeholder management, risk management, budget management, Agile, communication. Preferred skills: Scrum, Jira, PRINCE2, leadership, resource planning. Responsibilities: Plan and manage technology projects; Coordinate multidisciplinary teams; Control project risks and budgets; Report progress to stakeholders; Ensure timely delivery of project objectives.",0,0.0,0.4576995074748993,0.7288497537374496,7.2644222117276485,0.43730985224246977
CAND040,JOB005,Digital Marketing Specialist,"Candidate identifier: CAND040. Professional profile: Reporting Analyst. Education: Bachelor's degree in Data Science. Professional experience: 6 years. Skills: Tableau, Excel, Python, data visualisation. Experience evidence: produced reports for stakeholders; created interactive dashboards; identified trends and anomalies; performed statistical analysis; automated data-processing tasks. The candidate has worked with team members, communicated with stakeholders and completed assigned professional tasks.","Job title: Digital Marketing Specialist. Sector: Marketing. Minimum experience: 2 years. Education: Bachelor's degree in Marketing, Business or related subject. Required skills: digital marketing, SEO, social media marketing, content marketing, Google Analytics, campaign management. Preferred skills: Google Ads, email marketing, Canva, copywriting, conversion optimisation. Responsibilities: Plan and deliver digital marketing campaigns; Optimise website content for search engines; Manage social media channels; Analyse campaign performance; Prepare marketing-performance reports.",0,0.0,0.4515155255794525,0.7257577627897263,6.8159370297394695,0.43545465767383573
CAND041,JOB001,Software Engineer,"Candidate identifier: CAND041. Professional profile: Cybersecurity Analyst. Education: Bachelor's degree in Business. Professional experience: 6 years. Skills: risk assessment, Splunk, network security, ISO 27001, Python, security monitoring, firewall management, cloud security, NIST, SIEM, vulnerability assessment, incident response. Experience evidence: monitored networks for security threats; supported incident-response activities; investigated security alerts. The candidate has worked with team members, communicated with stakeholders and completed assigned professional tasks.","Job title: Software Engineer. Sector: Technology. Minimum experience: 2 years. Education: Bachelor's degree in Computer Science or related subject. Required skills: Python, JavaScript, Git, SQL, REST APIs, software testing. Preferred skills: Docker, AWS, React, Agile, CI/CD. Responsibilities: Develop and maintain web applications; Design and integrate REST APIs; Write automated tests; Participate in code reviews; Work within an Agile development team.",1,0.13333333333333333,0.4633673131465912,0.7316836565732956,7.657690374078554,0.4923435272773107
CAND041,JOB002,Data Analyst,"Candidate identifier: CAND041. Professional profile: Cybersecurity Analyst. Education: Bachelor's degree in Business. Professional experience: 6 years. Skills: risk assessment, Splunk, network security, ISO 27001, Python, security monitoring, firewall management, cloud security, NIST, SIEM, vulnerability assessment, incident response. Experience evidence: monitored networks for security threats; supported incident-response activities; investigated security alerts. The candidate has worked with team members, communicated with stakeholders and completed assigned professional tasks.","Job title: Data Analyst. Sector: Data and Analytics. Minimum experience: 2 years. Education: Bachelor's degree in Data Science, Statistics or related subject. Required skills: Python, SQL, Excel, data analysis, data visualisation, statistics. Preferred skills: Power BI, Tableau, Pandas, machine learning, dashboard development. Responsibilities: Clean and analyse organisational data; Create reports and dashboards; Identify trends and patterns; Communicate findings to stakeholders; Support evidence-based decision making.",1,0.13333333333333333,0.49364104866981506,0.7468205243349075,9.198428328304663,0.5014256479342778
CAND041,JOB003,Cybersecurity Analyst,"Candidate identifier: CAND041. Professional profile: Cybersecurity Analyst. Education: Bachelor's degree in Business. Professional experience: 6 years. Skills: risk assessment, Splunk, network security, ISO 27001, Python, security monitoring, firewall management, cloud security, NIST, SIEM, vulnerability assessment, incident response. Experience evidence: monitored networks for security threats; supported incident-response activities; investigated security alerts. The candidate has worked with team members, communicated with stakeholders and completed assigned professional tasks.","Job title: Cybersecurity Analyst. Sector: Cybersecurity. Minimum experience: 2 years. Education: Bachelor's degree in Cybersecurity, Computing or related subject. Required skills: network security, risk assessment, incident response, vulnerability assessment, SIEM, security monitoring. Preferred skills: penetration testing, Splunk, ISO 27001, NIST, Python, cloud security. Responsibilities: Monitor networks for security threats; Investigate security incidents; Conduct vulnerability assessments; Prepare risk and incident reports; Support security-policy implementation.",3,0.9666666666666668,0.7774945497512817,0.8887472748756409,67.21636514070815,0.9199150315920512
CAND041,JOB004,IT Project Manager,"Candidate identifier: CAND041. Professional profile: Cybersecurity Analyst. Education: Bachelor's degree in Business. Professional experience: 6 years. Skills: risk assessment, Splunk, network security, ISO 27001, Python, security monitoring, firewall management, cloud security, NIST, SIEM, vulnerability assessment, incident response. Experience evidence: monitored networks for security threats; supported incident-response activities; investigated security alerts. The candidate has worked with team members, communicated with stakeholders and completed assigned professional tasks.","Job title: IT Project Manager. Sector: Information Technology. Minimum experience: 3 years. Education: Bachelor's degree in IT, Business or related subject. Required skills: project management, stakeholder management, risk management, budget management, Agile, communication. Preferred skills: Scrum, Jira, PRINCE2, leadership, resource planning. Responsibilities: Plan and manage technology projects; Coordinate multidisciplinary teams; Control project risks and budgets; Report progress to stakeholders; Ensure timely delivery of project objectives.",1,0.0,0.47347337007522583,0.7367366850376129,9.450680630500125,0.44204201102256774
CAND041,JOB005,Digital Marketing Specialist,"Candidate identifier: CAND041. Professional profile: Cybersecurity Analyst. Education: Bachelor's degree in Business. Professional experience: 6 years. Skills: risk assessment, Splunk, network security, ISO 27001, Python, security monitoring, firewall management, cloud security, NIST, SIEM, vulnerability assessment, incident response. Experience evidence: monitored networks for security threats; supported incident-response activities; investigated security alerts. The candidate has worked with team members, communicated with stakeholders and completed assigned professional tasks.","Job title: Digital Marketing Specialist. Sector: Marketing. Minimum experience: 2 years. Education: Bachelor's degree in Marketing, Business or related subject. Required skills: digital marketing, SEO, social media marketing, content marketing, Google Analytics, campaign management. Preferred skills: Google Ads, email marketing, Canva, copywriting, conversion optimisation. Responsibilities: Plan and deliver digital marketing campaigns; Optimise website content for search engines; Manage social media channels; Analyse campaign performance; Prepare marketing-performance reports.",1,0.0,0.4048715829849243,0.7024357914924622,7.891995649303271,0.4214614748954773
CAND042,JOB001,Software Engineer,"Candidate identifier: CAND042. Professional profile: Information Security Analyst. Education: Master's degree in Information Technology. Professional experience: 7 years. Skills: NIST, vulnerability assessment, Splunk, SIEM, security monitoring, incident response, firewall management, penetration testing, network security, risk assessment. Experience evidence: monitored networks for security threats; supported incident-response activities; reviewed security controls; investigated security alerts. The candidate has worked with team members, communicated with stakeholders and completed assigned professional tasks.","Job title: Software Engineer. Sector: Technology. Minimum experience: 2 years. Education: Bachelor's degree in Computer Science or related subject. Required skills: Python, JavaScript, Git, SQL, REST APIs, software testing. Preferred skills: Docker, AWS, React, Agile, CI/CD. Responsibilities: Develop and maintain web applications; Design and integrate REST APIs; Write automated tests; Participate in code reviews; Work within an Agile development team.",1,0.0,0.4567532241344452,0.7283766120672226,8.20506076802118,0.43702596724033355
CAND042,JOB002,Data Analyst,"Candidate identifier: CAND042. Professional profile: Information Security Analyst. Education: Master's degree in Information Technology. Professional experience: 7 years. Skills: NIST, vulnerability assessment, Splunk, SIEM, security monitoring, incident response, firewall management, penetration testing, network security, risk assessment. Experience evidence: monitored networks for security threats; supported incident-response activities; reviewed security controls; investigated security alerts. The candidate has worked with team members, communicated with stakeholders and completed assigned professional tasks.","Job title: Data Analyst. Sector: Data and Analytics. Minimum experience: 2 years. Education: Bachelor's degree in Data Science, Statistics or related subject. Required skills: Python, SQL, Excel, data analysis, data visualisation, statistics. Preferred skills: Power BI, Tableau, Pandas, machine learning, dashboard development. Responsibilities: Clean and analyse organisational data; Create reports and dashboards; Identify trends and patterns; Communicate findings to stakeholders; Support evidence-based decision making.",0,0.0,0.49940481781959534,0.7497024089097977,7.658232563165877,0.4498214453458786
CAND042,JOB003,Cybersecurity Analyst,"Candidate identifier: CAND042. Professional profile: Information Security Analyst. Education: Master's degree in Information Technology. Professional experience: 7 years. Skills: NIST, vulnerability assessment, Splunk, SIEM, security monitoring, incident response, firewall management, penetration testing, network security, risk assessment. Experience evidence: monitored networks for security threats; supported incident-response activities; reviewed security controls; investigated security alerts. The candidate has worked with team members, communicated with stakeholders and completed assigned professional tasks.","Job title: Cybersecurity Analyst. Sector: Cybersecurity. Minimum experience: 2 years. Education: Bachelor's degree in Cybersecurity, Computing or related subject. Required skills: network security, risk assessment, incident response, vulnerability assessment, SIEM, security monitoring. Preferred skills: penetration testing, Splunk, ISO 27001, NIST, Python, cloud security. Responsibilities: Monitor networks for security threats; Investigate security incidents; Conduct vulnerability assessments; Prepare risk and incident reports; Support security-policy implementation.",3,0.9,0.7490929365158081,0.874546468257904,53.31144254037052,0.8847278809547425
CAND042,JOB004,IT Project Manager,"Candidate identifier: CAND042. Professional profile: Information Security Analyst. Education: Master's degree in Information Technology. Professional experience: 7 years. Skills: NIST, vulnerability assessment, Splunk, SIEM, security monitoring, incident response, firewall management, penetration testing, network security, risk assessment. Experience evidence: monitored networks for security threats; supported incident-response activities; reviewed security controls; investigated security alerts. The candidate has worked with team members, communicated with stakeholders and completed assigned professional tasks.","Job title: IT Project Manager. Sector: Information Technology. Minimum experience: 3 years. Education: Bachelor's degree in IT, Business or related subject. Required skills: project management, stakeholder management, risk management, budget management, Agile, communication. Preferred skills: Scrum, Jira, PRINCE2, leadership, resource planning. Responsibilities: Plan and manage technology projects; Coordinate multidisciplinary teams; Control project risks and budgets; Report progress to stakeholders; Ensure timely delivery of project objectives.",1,0.0,0.5175014138221741,0.758750706911087,9.580089539422435,0.4552504241466522
CAND042,JOB005,Digital Marketing Specialist,"Candidate identifier: CAND042. Professional profile: Information Security Analyst. Education: Master's degree in Information Technology. Professional experience: 7 years. Skills: NIST, vulnerability assessment, Splunk, SIEM, security monitoring, incident response, firewall management, penetration testing, network security, risk assessment. Experience evidence: monitored networks for security threats; supported incident-response activities; reviewed security controls; investigated security alerts. The candidate has worked with team members, communicated with stakeholders and completed assigned professional tasks.","Job title: Digital Marketing Specialist. Sector: Marketing. Minimum experience: 2 years. Education: Bachelor's degree in Marketing, Business or related subject. Required skills: digital marketing, SEO, social media marketing, content marketing, Google Analytics, campaign management. Preferred skills: Google Ads, email marketing, Canva, copywriting, conversion optimisation. Responsibilities: Plan and deliver digital marketing campaigns; Optimise website content for search engines; Manage social media channels; Analyse campaign performance; Prepare marketing-performance reports.",0,0.0,0.42478811740875244,0.7123940587043762,5.457732246188608,0.4274364352226257
CAND043,JOB001,Software Engineer,"Candidate identifier: CAND043. Professional profile: Information Security Analyst. Education: Bachelor's degree in Data Science. Professional experience: 3 years. Skills: NIST, cloud security, Python, vulnerability assessment, risk assessment, SIEM, penetration testing, security monitoring, Splunk, network security. Experience evidence: conducted vulnerability assessments; supported incident-response activities. The candidate has worked with team members, communicated with stakeholders and completed assigned professional tasks.","Job title: Software Engineer. Sector: Technology. Minimum experience: 2 years. Education: Bachelor's degree in Computer Science or related subject. Required skills: Python, JavaScript, Git, SQL, REST APIs, software testing. Preferred skills: Docker, AWS, React, Agile, CI/CD. Responsibilities: Develop and maintain web applications; Design and integrate REST APIs; Write automated tests; Participate in code reviews; Work within an Agile development team.",1,0.13333333333333333,0.5087407231330872,0.7543703615665436,10.846524815742315,0.5059555502732594
CAND043,JOB002,Data Analyst,"Candidate identifier: CAND043. Professional profile: Information Security Analyst. Education: Bachelor's degree in Data Science. Professional experience: 3 years. Skills: NIST, cloud security, Python, vulnerability assessment, risk assessment, SIEM, penetration testing, security monitoring, Splunk, network security. Experience evidence: conducted vulnerability assessments; supported incident-response activities. The candidate has worked with team members, communicated with stakeholders and completed assigned professional tasks.","Job title: Data Analyst. Sector: Data and Analytics. Minimum experience: 2 years. Education: Bachelor's degree in Data Science, Statistics or related subject. Required skills: Python, SQL, Excel, data analysis, data visualisation, statistics. Preferred skills: Power BI, Tableau, Pandas, machine learning, dashboard development. Responsibilities: Clean and analyse organisational data; Create reports and dashboards; Identify trends and patterns; Communicate findings to stakeholders; Support evidence-based decision making.",1,0.13333333333333333,0.5669999122619629,0.7834999561309814,15.037404274160052,0.5234333070119221
CAND043,JOB003,Cybersecurity Analyst,"Candidate identifier: CAND043. Professional profile: Information Security Analyst. Education: Bachelor's degree in Data Science. Professional experience: 3 years. Skills: NIST, cloud security, Python, vulnerability assessment, risk assessment, SIEM, penetration testing, security monitoring, Splunk, network security. Experience evidence: conducted vulnerability assessments; supported incident-response activities. The candidate has worked with team members, communicated with stakeholders and completed assigned professional tasks.","Job title: Cybersecurity Analyst. Sector: Cybersecurity. Minimum experience: 2 years. Education: Bachelor's degree in Cybersecurity, Computing or related subject. Required skills: network security, risk assessment, incident response, vulnerability assessment, SIEM, security monitoring. Preferred skills: penetration testing, Splunk, ISO 27001, NIST, Python, cloud security. Responsibilities: Monitor networks for security threats; Investigate security incidents; Conduct vulnerability assessments; Prepare risk and incident reports; Support security-policy implementation.",3,0.8333333333333335,0.760682225227356,0.880341112613678,53.926072570624534,0.8615380009015401
CAND043,JOB004,IT Project Manager,"Candidate identifier: CAND043. Professional profile: Information Security Analyst. Education: Bachelor's degree in Data Science. Professional experience: 3 years. Skills: NIST, cloud security, Python, vulnerability assessment, risk assessment, SIEM, penetration testing, security monitoring, Splunk, network security. Experience evidence: conducted vulnerability assessments; supported incident-response activities. The candidate has worked with team members, communicated with stakeholders and completed assigned professional tasks.","Job title: IT Project Manager. Sector: Information Technology. Minimum experience: 3 years. Education: Bachelor's degree in IT, Business or related subject. Required skills: project management, stakeholder management, risk management, budget management, Agile, communication. Preferred skills: Scrum, Jira, PRINCE2, leadership, resource planning. Responsibilities: Plan and manage technology projects; Coordinate multidisciplinary teams; Control project risks and budgets; Report progress to stakeholders; Ensure timely delivery of project objectives.",0,0.0,0.5114133358001709,0.7557066679000854,9.923353701368265,0.45342400074005124
CAND043,JOB005,Digital Marketing Specialist,"Candidate identifier: CAND043. Professional profile: Information Security Analyst. Education: Bachelor's degree in Data Science. Professional experience: 3 years. Skills: NIST, cloud security, Python, vulnerability assessment, risk assessment, SIEM, penetration testing, security monitoring, Splunk, network security. Experience evidence: conducted vulnerability assessments; supported incident-response activities. The candidate has worked with team members, communicated with stakeholders and completed assigned professional tasks.","Job title: Digital Marketing Specialist. Sector: Marketing. Minimum experience: 2 years. Education: Bachelor's degree in Marketing, Business or related subject. Required skills: digital marketing, SEO, social media marketing, content marketing, Google Analytics, campaign management. Preferred skills: Google Ads, email marketing, Canva, copywriting, conversion optimisation. Responsibilities: Plan and deliver digital marketing campaigns; Optimise website content for search engines; Manage social media channels; Analyse campaign performance; Prepare marketing-performance reports.",0,0.0,0.46431928873062134,0.7321596443653107,5.487410856472337,0.4392957866191864
CAND044,JOB001,Software Engineer,"Candidate identifier: CAND044. Professional profile: Security Assistant. Education: Bachelor's degree in Data Science. Professional experience: 1 years. Skills: network security, penetration testing, Splunk, risk assessment, cloud security, security monitoring, Python, vulnerability assessment, NIST, ISO 27001, firewall management, SIEM. Experience evidence: prepared security-risk reports; reviewed security controls; conducted vulnerability assessments; investigated security alerts; monitored networks for security threats. The candidate has worked with team members, communicated with stakeholders and completed assigned professional tasks.","Job title: Software Engineer. Sector: Technology. Minimum experience: 2 years. Education: Bachelor's degree in Computer Science or related subject. Required skills: Python, JavaScript, Git, SQL, REST APIs, software testing. Preferred skills: Docker, AWS, React, Agile, CI/CD. Responsibilities: Develop and maintain web applications; Design and integrate REST APIs; Write automated tests; Participate in code reviews; Work within an Agile development team.",1,0.13333333333333333,0.45232370495796204,0.726161852478981,9.834674374922294,0.48903044482072194
CAND044,JOB002,Data Analyst,"Candidate identifier: CAND044. Professional profile: Security Assistant. Education: Bachelor's degree in Data Science. Professional experience: 1 years. Skills: network security, penetration testing, Splunk, risk assessment, cloud security, security monitoring, Python, vulnerability assessment, NIST, ISO 27001, firewall management, SIEM. Experience evidence: prepared security-risk reports; reviewed security controls; conducted vulnerability assessments; investigated security alerts; monitored networks for security threats. The candidate has worked with team members, communicated with stakeholders and completed assigned professional tasks.","Job title: Data Analyst. Sector: Data and Analytics. Minimum experience: 2 years. Education: Bachelor's degree in Data Science, Statistics or related subject. Required skills: Python, SQL, Excel, data analysis, data visualisation, statistics. Preferred skills: Power BI, Tableau, Pandas, machine learning, dashboard development. Responsibilities: Clean and analyse organisational data; Create reports and dashboards; Identify trends and patterns; Communicate findings to stakeholders; Support evidence-based decision making.",1,0.13333333333333333,0.431194007396698,0.715597003698349,13.512693541628002,0.48269153555234273
CAND044,JOB003,Cybersecurity Analyst,"Candidate identifier: CAND044. Professional profile: Security Assistant. Education: Bachelor's degree in Data Science. Professional experience: 1 years. Skills: network security, penetration testing, Splunk, risk assessment, cloud security, security monitoring, Python, vulnerability assessment, NIST, ISO 27001, firewall management, SIEM. Experience evidence: prepared security-risk reports; reviewed security controls; conducted vulnerability assessments; investigated security alerts; monitored networks for security threats. The candidate has worked with team members, communicated with stakeholders and completed assigned professional tasks.","Job title: Cybersecurity Analyst. Sector: Cybersecurity. Minimum experience: 2 years. Education: Bachelor's degree in Cybersecurity, Computing or related subject. Required skills: network security, risk assessment, incident response, vulnerability assessment, SIEM, security monitoring. Preferred skills: penetration testing, Splunk, ISO 27001, NIST, Python, cloud security. Responsibilities: Monitor networks for security threats; Investigate security incidents; Conduct vulnerability assessments; Prepare risk and incident reports; Support security-policy implementation.",2,0.8666666666666667,0.6910196542739868,0.8455098271369934,56.975386504901806,0.8539725629488627
CAND044,JOB004,IT Project Manager,"Candidate identifier: CAND044. Professional profile: Security Assistant. Education: Bachelor's degree in Data Science. Professional experience: 1 years. Skills: network security, penetration testing, Splunk, risk assessment, cloud security, security monitoring, Python, vulnerability assessment, NIST, ISO 27001, firewall management, SIEM. Experience evidence: prepared security-risk reports; reviewed security controls; conducted vulnerability assessments; investigated security alerts; monitored networks for security threats. The candidate has worked with team members, communicated with stakeholders and completed assigned professional tasks.","Job title: IT Project Manager. Sector: Information Technology. Minimum experience: 3 years. Education: Bachelor's degree in IT, Business or related subject. Required skills: project management, stakeholder management, risk management, budget management, Agile, communication. Preferred skills: Scrum, Jira, PRINCE2, leadership, resource planning. Responsibilities: Plan and manage technology projects; Coordinate multidisciplinary teams; Control project risks and budgets; Report progress to stakeholders; Ensure timely delivery of project objectives.",0,0.0,0.42207518219947815,0.7110375910997391,7.445139672412433,0.42662255465984344
CAND044,JOB005,Digital Marketing Specialist,"Candidate identifier: CAND044. Professional profile: Security Assistant. Education: Bachelor's degree in Data Science. Professional experience: 1 years. Skills: network security, penetration testing, Splunk, risk assessment, cloud security, security monitoring, Python, vulnerability assessment, NIST, ISO 27001, firewall management, SIEM. Experience evidence: prepared security-risk reports; reviewed security controls; conducted vulnerability assessments; investigated security alerts; monitored networks for security threats. The candidate has worked with team members, communicated with stakeholders and completed assigned professional tasks.","Job title: Digital Marketing Specialist. Sector: Marketing. Minimum experience: 2 years. Education: Bachelor's degree in Marketing, Business or related subject. Required skills: digital marketing, SEO, social media marketing, content marketing, Google Analytics, campaign management. Preferred skills: Google Ads, email marketing, Canva, copywriting, conversion optimisation. Responsibilities: Plan and deliver digital marketing campaigns; Optimise website content for search engines; Manage social media channels; Analyse campaign performance; Prepare marketing-performance reports.",0,0.0,0.3615756928920746,0.6807878464460373,6.155731510678124,0.40847270786762235
CAND045,JOB001,Software Engineer,"Candidate identifier: CAND045. Professional profile: Security Operations Analyst. Education: Professional diploma with relevant training. Professional experience: 7 years. Skills: firewall management, Splunk, NIST, Python, penetration testing, security monitoring, network security, vulnerability assessment, incident response, risk assessment, cloud security. Experience evidence: conducted vulnerability assessments; reviewed security controls; supported incident-response activities. The candidate has worked with team members, communicated with stakeholders and completed assigned professional tasks.","Job title: Software Engineer. Sector: Technology. Minimum experience: 2 years. Education: Bachelor's degree in Computer Science or related subject. Required skills: Python, JavaScript, Git, SQL, REST APIs, software testing. Preferred skills: Docker, AWS, React, Agile, CI/CD. Responsibilities: Develop and maintain web applications; Design and integrate REST APIs; Write automated tests; Participate in code reviews; Work within an Agile development team.",1,0.13333333333333333,0.4576451778411865,0.7288225889205933,6.547870372278063,0.49062688668568927
CAND045,JOB002,Data Analyst,"Candidate identifier: CAND045. Professional profile: Security Operations Analyst. Education: Professional diploma with relevant training. Professional experience: 7 years. Skills: firewall management, Splunk, NIST, Python, penetration testing, security monitoring, network security, vulnerability assessment, incident response, risk assessment, cloud security. Experience evidence: conducted vulnerability assessments; reviewed security controls; supported incident-response activities. The candidate has worked with team members, communicated with stakeholders and completed assigned professional tasks.","Job title: Data Analyst. Sector: Data and Analytics. Minimum experience: 2 years. Education: Bachelor's degree in Data Science, Statistics or related subject. Required skills: Python, SQL, Excel, data analysis, data visualisation, statistics. Preferred skills: Power BI, Tableau, Pandas, machine learning, dashboard development. Responsibilities: Clean and analyse organisational data; Create reports and dashboards; Identify trends and patterns; Communicate findings to stakeholders; Support evidence-based decision making.",1,0.13333333333333333,0.46880730986595154,0.7344036549329758,7.299866771966578,0.4939755262931188
CAND045,JOB003,Cybersecurity Analyst,"Candidate identifier: CAND045. Professional profile: Security Operations Analyst. Education: Professional diploma with relevant training. Professional experience: 7 years. Skills: firewall management, Splunk, NIST, Python, penetration testing, security monitoring, network security, vulnerability assessment, incident response, risk assessment, cloud security. Experience evidence: conducted vulnerability assessments; reviewed security controls; supported incident-response activities. The candidate has worked with team members, communicated with stakeholders and completed assigned professional tasks.","Job title: Cybersecurity Analyst. Sector: Cybersecurity. Minimum experience: 2 years. Education: Bachelor's degree in Cybersecurity, Computing or related subject. Required skills: network security, risk assessment, incident response, vulnerability assessment, SIEM, security monitoring. Preferred skills: penetration testing, Splunk, ISO 27001, NIST, Python, cloud security. Responsibilities: Monitor networks for security threats; Investigate security incidents; Conduct vulnerability assessments; Prepare risk and incident reports; Support security-policy implementation.",3,0.8333333333333335,0.7143195867538452,0.8571597933769226,51.34058466624928,0.847629209359487
CAND045,JOB004,IT Project Manager,"Candidate identifier: CAND045. Professional profile: Security Operations Analyst. Education: Professional diploma with relevant training. Professional experience: 7 years. Skills: firewall management, Splunk, NIST, Python, penetration testing, security monitoring, network security, vulnerability assessment, incident response, risk assessment, cloud security. Experience evidence: conducted vulnerability assessments; reviewed security controls; supported incident-response activities. The candidate has worked with team members, communicated with stakeholders and completed assigned professional tasks.","Job title: IT Project Manager. Sector: Information Technology. Minimum experience: 3 years. Education: Bachelor's degree in IT, Business or related subject. Required skills: project management, stakeholder management, risk management, budget management, Agile, communication. Preferred skills: Scrum, Jira, PRINCE2, leadership, resource planning. Responsibilities: Plan and manage technology projects; Coordinate multidisciplinary teams; Control project risks and budgets; Report progress to stakeholders; Ensure timely delivery of project objectives.",0,0.0,0.46930649876594543,0.7346532493829727,5.669533204977,0.44079194962978363
CAND045,JOB005,Digital Marketing Specialist,"Candidate identifier: CAND045. Professional profile: Security Operations Analyst. Education: Professional diploma with relevant training. Professional experience: 7 years. Skills: firewall management, Splunk, NIST, Python, penetration testing, security monitoring, network security, vulnerability assessment, incident response, risk assessment, cloud security. Experience evidence: conducted vulnerability assessments; reviewed security controls; supported incident-response activities. The candidate has worked with team members, communicated with stakeholders and completed assigned professional tasks.","Job title: Digital Marketing Specialist. Sector: Marketing. Minimum experience: 2 years. Education: Bachelor's degree in Marketing, Business or related subject. Required skills: digital marketing, SEO, social media marketing, content marketing, Google Analytics, campaign management. Preferred skills: Google Ads, email marketing, Canva, copywriting, conversion optimisation. Responsibilities: Plan and deliver digital marketing campaigns; Optimise website content for search engines; Manage social media channels; Analyse campaign performance; Prepare marketing-performance reports.",0,0.0,0.379352867603302,0.689676433801651,3.4980232602726327,0.4138058602809906
CAND046,JOB001,Software Engineer,"Candidate identifier: CAND046. Professional profile: Information Security Analyst. Education: Bachelor's degree in Computing. Professional experience: 4 years. Skills: ISO 27001, vulnerability assessment, risk assessment, cloud security, penetration testing, Splunk. Experience evidence: reviewed security controls; prepared security-risk reports; supported incident-response activities. The candidate has worked with team members, communicated with stakeholders and completed assigned professional tasks.","Job title: Software Engineer. Sector: Technology. Minimum experience: 2 years. Education: Bachelor's degree in Computer Science or related subject. Required skills: Python, JavaScript, Git, SQL, REST APIs, software testing. Preferred skills: Docker, AWS, React, Agile, CI/CD. Responsibilities: Develop and maintain web applications; Design and integrate REST APIs; Write automated tests; Participate in code reviews; Work within an Agile development team.",1,0.0,0.49458593130111694,0.7472929656505585,8.558746823166567,0.44837577939033507
CAND046,JOB002,Data Analyst,"Candidate identifier: CAND046. Professional profile: Information Security Analyst. Education: Bachelor's degree in Computing. Professional experience: 4 years. Skills: ISO 27001, vulnerability assessment, risk assessment, cloud security, penetration testing, Splunk. Experience evidence: reviewed security controls; prepared security-risk reports; supported incident-response activities. The candidate has worked with team members, communicated with stakeholders and completed assigned professional tasks.","Job title: Data Analyst. Sector: Data and Analytics. Minimum experience: 2 years. Education: Bachelor's degree in Data Science, Statistics or related subject. Required skills: Python, SQL, Excel, data analysis, data visualisation, statistics. Preferred skills: Power BI, Tableau, Pandas, machine learning, dashboard development. Responsibilities: Clean and analyse organisational data; Create reports and dashboards; Identify trends and patterns; Communicate findings to stakeholders; Support evidence-based decision making.",1,0.0,0.529689371585846,0.764844685792923,9.266042730785653,0.45890681147575374
CAND046,JOB003,Cybersecurity Analyst,"Candidate identifier: CAND046. Professional profile: Information Security Analyst. Education: Bachelor's degree in Computing. Professional experience: 4 years. Skills: ISO 27001, vulnerability assessment, risk assessment, cloud security, penetration testing, Splunk. Experience evidence: reviewed security controls; prepared security-risk reports; supported incident-response activities. The candidate has worked with team members, communicated with stakeholders and completed assigned professional tasks.","Job title: Cybersecurity Analyst. Sector: Cybersecurity. Minimum experience: 2 years. Education: Bachelor's degree in Cybersecurity, Computing or related subject. Required skills: network security, risk assessment, incident response, vulnerability assessment, SIEM, security monitoring. Preferred skills: penetration testing, Splunk, ISO 27001, NIST, Python, cloud security. Responsibilities: Monitor networks for security threats; Investigate security incidents; Conduct vulnerability assessments; Prepare risk and incident reports; Support security-policy implementation.",2,0.4,0.7469726204872131,0.8734863102436066,48.775195466068524,0.684091786146164
CAND046,JOB004,IT Project Manager,"Candidate identifier: CAND046. Professional profile: Information Security Analyst. Education: Bachelor's degree in Computing. Professional experience: 4 years. Skills: ISO 27001, vulnerability assessment, risk assessment, cloud security, penetration testing, Splunk. Experience evidence: reviewed security controls; prepared security-risk reports; supported incident-response activities. The candidate has worked with team members, communicated with stakeholders and completed assigned professional tasks.","Job title: IT Project Manager. Sector: Information Technology. Minimum experience: 3 years. Education: Bachelor's degree in IT, Business or related subject. Required skills: project management, stakeholder management, risk management, budget management, Agile, communication. Preferred skills: Scrum, Jira, PRINCE2, leadership, resource planning. Responsibilities: Plan and manage technology projects; Coordinate multidisciplinary teams; Control project risks and budgets; Report progress to stakeholders; Ensure timely delivery of project objectives.",1,0.0,0.5046169757843018,0.7523084878921509,8.09250172402558,0.4513850927352905
CAND046,JOB005,Digital Marketing Specialist,"Candidate identifier: CAND046. Professional profile: Information Security Analyst. Education: Bachelor's degree in Computing. Professional experience: 4 years. Skills: ISO 27001, vulnerability assessment, risk assessment, cloud security, penetration testing, Splunk. Experience evidence: reviewed security controls; prepared security-risk reports; supported incident-response activities. The candidate has worked with team members, communicated with stakeholders and completed assigned professional tasks.","Job title: Digital Marketing Specialist. Sector: Marketing. Minimum experience: 2 years. Education: Bachelor's degree in Marketing, Business or related subject. Required skills: digital marketing, SEO, social media marketing, content marketing, Google Analytics, campaign management. Preferred skills: Google Ads, email marketing, Canva, copywriting, conversion optimisation. Responsibilities: Plan and deliver digital marketing campaigns; Optimise website content for search engines; Manage social media channels; Analyse campaign performance; Prepare marketing-performance reports.",0,0.0,0.4522658586502075,0.7261329293251038,6.017097104198527,0.4356797575950622
CAND047,JOB001,Software Engineer,"Candidate identifier: CAND047. Professional profile: Information Security Analyst. Education: Bachelor's degree in Data Science. Professional experience: 1 years. Skills: vulnerability assessment, penetration testing, firewall management, SIEM, security monitoring, Splunk, NIST, cloud security. Experience evidence: prepared security-risk reports; supported incident-response activities; conducted vulnerability assessments; investigated security alerts. The candidate has worked with team members, communicated with stakeholders and completed assigned professional tasks.","Job title: Software Engineer. Sector: Technology. Minimum experience: 2 years. Education: Bachelor's degree in Computer Science or related subject. Required skills: Python, JavaScript, Git, SQL, REST APIs, software testing. Preferred skills: Docker, AWS, React, Agile, CI/CD. Responsibilities: Develop and maintain web applications; Design and integrate REST APIs; Write automated tests; Participate in code reviews; Work within an Agile development team.",1,0.0,0.47663962841033936,0.7383198142051697,9.582358107284373,0.4429918885231018
CAND047,JOB002,Data Analyst,"Candidate identifier: CAND047. Professional profile: Information Security Analyst. Education: Bachelor's degree in Data Science. Professional experience: 1 years. Skills: vulnerability assessment, penetration testing, firewall management, SIEM, security monitoring, Splunk, NIST, cloud security. Experience evidence: prepared security-risk reports; supported incident-response activities; conducted vulnerability assessments; investigated security alerts. The candidate has worked with team members, communicated with stakeholders and completed assigned professional tasks.","Job title: Data Analyst. Sector: Data and Analytics. Minimum experience: 2 years. Education: Bachelor's degree in Data Science, Statistics or related subject. Required skills: Python, SQL, Excel, data analysis, data visualisation, statistics. Preferred skills: Power BI, Tableau, Pandas, machine learning, dashboard development. Responsibilities: Clean and analyse organisational data; Create reports and dashboards; Identify trends and patterns; Communicate findings to stakeholders; Support evidence-based decision making.",1,0.0,0.5475805997848511,0.7737902998924255,14.080925866518013,0.4642741799354553
CAND047,JOB003,Cybersecurity Analyst,"Candidate identifier: CAND047. Professional profile: Information Security Analyst. Education: Bachelor's degree in Data Science. Professional experience: 1 years. Skills: vulnerability assessment, penetration testing, firewall management, SIEM, security monitoring, Splunk, NIST, cloud security. Experience evidence: prepared security-risk reports; supported incident-response activities; conducted vulnerability assessments; investigated security alerts. The candidate has worked with team members, communicated with stakeholders and completed assigned professional tasks.","Job title: Cybersecurity Analyst. Sector: Cybersecurity. Minimum experience: 2 years. Education: Bachelor's degree in Cybersecurity, Computing or related subject. Required skills: network security, risk assessment, incident response, vulnerability assessment, SIEM, security monitoring. Preferred skills: penetration testing, Splunk, ISO 27001, NIST, Python, cloud security. Responsibilities: Monitor networks for security threats; Investigate security incidents; Conduct vulnerability assessments; Prepare risk and incident reports; Support security-policy implementation.",2,0.5333333333333333,0.7513867616653442,0.8756933808326721,49.57419640686824,0.7387493618329366
CAND047,JOB004,IT Project Manager,"Candidate identifier: CAND047. Professional profile: Information Security Analyst. Education: Bachelor's degree in Data Science. Professional experience: 1 years. Skills: vulnerability assessment, penetration testing, firewall management, SIEM, security monitoring, Splunk, NIST, cloud security. Experience evidence: prepared security-risk reports; supported incident-response activities; conducted vulnerability assessments; investigated security alerts. The candidate has worked with team members, communicated with stakeholders and completed assigned professional tasks.","Job title: IT Project Manager. Sector: Information Technology. Minimum experience: 3 years. Education: Bachelor's degree in IT, Business or related subject. Required skills: project management, stakeholder management, risk management, budget management, Agile, communication. Preferred skills: Scrum, Jira, PRINCE2, leadership, resource planning. Responsibilities: Plan and manage technology projects; Coordinate multidisciplinary teams; Control project risks and budgets; Report progress to stakeholders; Ensure timely delivery of project objectives.",0,0.0,0.49736589193344116,0.7486829459667206,8.476530883073211,0.44920976758003234
CAND047,JOB005,Digital Marketing Specialist,"Candidate identifier: CAND047. Professional profile: Information Security Analyst. Education: Bachelor's degree in Data Science. Professional experience: 1 years. Skills: vulnerability assessment, penetration testing, firewall management, SIEM, security monitoring, Splunk, NIST, cloud security. Experience evidence: prepared security-risk reports; supported incident-response activities; conducted vulnerability assessments; investigated security alerts. The candidate has worked with team members, communicated with stakeholders and completed assigned professional tasks.","Job title: Digital Marketing Specialist. Sector: Marketing. Minimum experience: 2 years. Education: Bachelor's degree in Marketing, Business or related subject. Required skills: digital marketing, SEO, social media marketing, content marketing, Google Analytics, campaign management. Preferred skills: Google Ads, email marketing, Canva, copywriting, conversion optimisation. Responsibilities: Plan and deliver digital marketing campaigns; Optimise website content for search engines; Manage social media channels; Analyse campaign performance; Prepare marketing-performance reports.",0,0.0,0.44832056760787964,0.7241602838039398,5.995215770560949,0.43449617028236387
CAND048,JOB001,Software Engineer,"Candidate identifier: CAND048. Professional profile: Security Operations Analyst. Education: Bachelor's degree in Business. Professional experience: 4 years. Skills: vulnerability assessment, risk assessment, firewall management, security monitoring, cloud security, incident response, ISO 27001, penetration testing. Experience evidence: conducted vulnerability assessments; supported incident-response activities; reviewed security controls; monitored networks for security threats; prepared security-risk reports. The candidate has worked with team members, communicated with stakeholders and completed assigned professional tasks.","Job title: Software Engineer. Sector: Technology. Minimum experience: 2 years. Education: Bachelor's degree in Computer Science or related subject. Required skills: Python, JavaScript, Git, SQL, REST APIs, software testing. Preferred skills: Docker, AWS, React, Agile, CI/CD. Responsibilities: Develop and maintain web applications; Design and integrate REST APIs; Write automated tests; Participate in code reviews; Work within an Agile development team.",1,0.0,0.44822120666503906,0.7241106033325195,7.806203351613316,0.4344663619995117
CAND048,JOB002,Data Analyst,"Candidate identifier: CAND048. Professional profile: Security Operations Analyst. Education: Bachelor's degree in Business. Professional experience: 4 years. Skills: vulnerability assessment, risk assessment, firewall management, security monitoring, cloud security, incident response, ISO 27001, penetration testing. Experience evidence: conducted vulnerability assessments; supported incident-response activities; reviewed security controls; monitored networks for security threats; prepared security-risk reports. The candidate has worked with team members, communicated with stakeholders and completed assigned professional tasks.","Job title: Data Analyst. Sector: Data and Analytics. Minimum experience: 2 years. Education: Bachelor's degree in Data Science, Statistics or related subject. Required skills: Python, SQL, Excel, data analysis, data visualisation, statistics. Preferred skills: Power BI, Tableau, Pandas, machine learning, dashboard development. Responsibilities: Clean and analyse organisational data; Create reports and dashboards; Identify trends and patterns; Communicate findings to stakeholders; Support evidence-based decision making.",0,0.0,0.497933030128479,0.7489665150642395,8.449782832130483,0.4493799090385437
CAND048,JOB003,Cybersecurity Analyst,"Candidate identifier: CAND048. Professional profile: Security Operations Analyst. Education: Bachelor's degree in Business. Professional experience: 4 years. Skills: vulnerability assessment, risk assessment, firewall management, security monitoring, cloud security, incident response, ISO 27001, penetration testing. Experience evidence: conducted vulnerability assessments; supported incident-response activities; reviewed security controls; monitored networks for security threats; prepared security-risk reports. The candidate has worked with team members, communicated with stakeholders and completed assigned professional tasks.","Job title: Cybersecurity Analyst. Sector: Cybersecurity. Minimum experience: 2 years. Education: Bachelor's degree in Cybersecurity, Computing or related subject. Required skills: network security, risk assessment, incident response, vulnerability assessment, SIEM, security monitoring. Preferred skills: penetration testing, Splunk, ISO 27001, NIST, Python, cloud security. Responsibilities: Monitor networks for security threats; Investigate security incidents; Conduct vulnerability assessments; Prepare risk and incident reports; Support security-policy implementation.",3,0.6333333333333333,0.7321786284446716,0.8660893142223358,55.816009041073215,0.7729869218667349
CAND048,JOB004,IT Project Manager,"Candidate identifier: CAND048. Professional profile: Security Operations Analyst. Education: Bachelor's degree in Business. Professional experience: 4 years. Skills: vulnerability assessment, risk assessment, firewall management, security monitoring, cloud security, incident response, ISO 27001, penetration testing. Experience evidence: conducted vulnerability assessments; supported incident-response activities; reviewed security controls; monitored networks for security threats; prepared security-risk reports. The candidate has worked with team members, communicated with stakeholders and completed assigned professional tasks.","Job title: IT Project Manager. Sector: Information Technology. Minimum experience: 3 years. Education: Bachelor's degree in IT, Business or related subject. Required skills: project management, stakeholder management, risk management, budget management, Agile, communication. Preferred skills: Scrum, Jira, PRINCE2, leadership, resource planning. Responsibilities: Plan and manage technology projects; Coordinate multidisciplinary teams; Control project risks and budgets; Report progress to stakeholders; Ensure timely delivery of project objectives.",1,0.0,0.4632682800292969,0.7316341400146484,9.400191003310384,0.43898048400878903
CAND048,JOB005,Digital Marketing Specialist,"Candidate identifier: CAND048. Professional profile: Security Operations Analyst. Education: Bachelor's degree in Business. Professional experience: 4 years. Skills: vulnerability assessment, risk assessment, firewall management, security monitoring, cloud security, incident response, ISO 27001, penetration testing. Experience evidence: conducted vulnerability assessments; supported incident-response activities; reviewed security controls; monitored networks for security threats; prepared security-risk reports. The candidate has worked with team members, communicated with stakeholders and completed assigned professional tasks.","Job title: Digital Marketing Specialist. Sector: Marketing. Minimum experience: 2 years. Education: Bachelor's degree in Marketing, Business or related subject. Required skills: digital marketing, SEO, social media marketing, content marketing, Google Analytics, campaign management. Preferred skills: Google Ads, email marketing, Canva, copywriting, conversion optimisation. Responsibilities: Plan and deliver digital marketing campaigns; Optimise website content for search engines; Manage social media channels; Analyse campaign performance; Prepare marketing-performance reports.",1,0.0,0.4105364978313446,0.7052682489156723,8.08758829857247,0.42316094934940335
CAND049,JOB001,Software Engineer,"Candidate identifier: CAND049. Professional profile: Security Assistant. Education: Professional diploma with relevant training. Professional experience: 5 years. Skills: SIEM, network security, ISO 27001, incident response, firewall management, cloud security, Splunk. Experience evidence: reviewed security controls; investigated security alerts; prepared security-risk reports; monitored networks for security threats. The candidate has worked with team members, communicated with stakeholders and completed assigned professional tasks.","Job title: Software Engineer. Sector: Technology. Minimum experience: 2 years. Education: Bachelor's degree in Computer Science or related subject. Required skills: Python, JavaScript, Git, SQL, REST APIs, software testing. Preferred skills: Docker, AWS, React, Agile, CI/CD. Responsibilities: Develop and maintain web applications; Design and integrate REST APIs; Write automated tests; Participate in code reviews; Work within an Agile development team.",0,0.0,0.4321257174015045,0.7160628587007523,4.372623270057359,0.42963771522045135
CAND049,JOB002,Data Analyst,"Candidate identifier: CAND049. Professional profile: Security Assistant. Education: Professional diploma with relevant training. Professional experience: 5 years. Skills: SIEM, network security, ISO 27001, incident response, firewall management, cloud security, Splunk. Experience evidence: reviewed security controls; investigated security alerts; prepared security-risk reports; monitored networks for security threats. The candidate has worked with team members, communicated with stakeholders and completed assigned professional tasks.","Job title: Data Analyst. Sector: Data and Analytics. Minimum experience: 2 years. Education: Bachelor's degree in Data Science, Statistics or related subject. Required skills: Python, SQL, Excel, data analysis, data visualisation, statistics. Preferred skills: Power BI, Tableau, Pandas, machine learning, dashboard development. Responsibilities: Clean and analyse organisational data; Create reports and dashboards; Identify trends and patterns; Communicate findings to stakeholders; Support evidence-based decision making.",0,0.0,0.3748399615287781,0.687419980764389,6.363978521117323,0.4124519884586334
CAND049,JOB003,Cybersecurity Analyst,"Candidate identifier: CAND049. Professional profile: Security Assistant. Education: Professional diploma with relevant training. Professional experience: 5 years. Skills: SIEM, network security, ISO 27001, incident response, firewall management, cloud security, Splunk. Experience evidence: reviewed security controls; investigated security alerts; prepared security-risk reports; monitored networks for security threats. The candidate has worked with team members, communicated with stakeholders and completed assigned professional tasks.","Job title: Cybersecurity Analyst. Sector: Cybersecurity. Minimum experience: 2 years. Education: Bachelor's degree in Cybersecurity, Computing or related subject. Required skills: network security, risk assessment, incident response, vulnerability assessment, SIEM, security monitoring. Preferred skills: penetration testing, Splunk, ISO 27001, NIST, Python, cloud security. Responsibilities: Monitor networks for security threats; Investigate security incidents; Conduct vulnerability assessments; Prepare risk and incident reports; Support security-policy implementation.",2,0.5,0.6608185768127441,0.8304092884063721,43.71519746565248,0.6982455730438233
CAND049,JOB004,IT Project Manager,"Candidate identifier: CAND049. Professional profile: Security Assistant. Education: Professional diploma with relevant training. Professional experience: 5 years. Skills: SIEM, network security, ISO 27001, incident response, firewall management, cloud security, Splunk. Experience evidence: reviewed security controls; investigated security alerts; prepared security-risk reports; monitored networks for security threats. The candidate has worked with team members, communicated with stakeholders and completed assigned professional tasks.","Job title: IT Project Manager. Sector: Information Technology. Minimum experience: 3 years. Education: Bachelor's degree in IT, Business or related subject. Required skills: project management, stakeholder management, risk management, budget management, Agile, communication. Preferred skills: Scrum, Jira, PRINCE2, leadership, resource planning. Responsibilities: Plan and manage technology projects; Coordinate multidisciplinary teams; Control project risks and budgets; Report progress to stakeholders; Ensure timely delivery of project objectives.",0,0.0,0.43299978971481323,0.7164998948574066,5.790647156144135,0.42989993691444395
CAND049,JOB005,Digital Marketing Specialist,"Candidate identifier: CAND049. Professional profile: Security Assistant. Education: Professional diploma with relevant training. Professional experience: 5 years. Skills: SIEM, network security, ISO 27001, incident response, firewall management, cloud security, Splunk. Experience evidence: reviewed security controls; investigated security alerts; prepared security-risk reports; monitored networks for security threats. The candidate has worked with team members, communicated with stakeholders and completed assigned professional tasks.","Job title: Digital Marketing Specialist. Sector: Marketing. Minimum experience: 2 years. Education: Bachelor's degree in Marketing, Business or related subject. Required skills: digital marketing, SEO, social media marketing, content marketing, Google Analytics, campaign management. Preferred skills: Google Ads, email marketing, Canva, copywriting, conversion optimisation. Responsibilities: Plan and deliver digital marketing campaigns; Optimise website content for search engines; Manage social media channels; Analyse campaign performance; Prepare marketing-performance reports.",0,0.0,0.37270891666412354,0.6863544583320618,4.610491863997404,0.41181267499923707
CAND050,JOB001,Software Engineer,"Candidate identifier: CAND050. Professional profile: Security Assistant. Education: Professional diploma with relevant training. Professional experience: 4 years. Skills: Splunk, firewall management, security monitoring, incident response, network security, SIEM, penetration testing, vulnerability assessment, ISO 27001. Experience evidence: prepared security-risk reports; reviewed security controls. The candidate has worked with team members, communicated with stakeholders and completed assigned professional tasks.","Job title: Software Engineer. Sector: Technology. Minimum experience: 2 years. Education: Bachelor's degree in Computer Science or related subject. Required skills: Python, JavaScript, Git, SQL, REST APIs, software testing. Preferred skills: Docker, AWS, React, Agile, CI/CD. Responsibilities: Develop and maintain web applications; Design and integrate REST APIs; Write automated tests; Participate in code reviews; Work within an Agile development team.",1,0.0,0.4343266487121582,0.7171633243560791,5.887739403919767,0.4302979946136474
CAND050,JOB002,Data Analyst,"Candidate identifier: CAND050. Professional profile: Security Assistant. Education: Professional diploma with relevant training. Professional experience: 4 years. Skills: Splunk, firewall management, security monitoring, incident response, network security, SIEM, penetration testing, vulnerability assessment, ISO 27001. Experience evidence: prepared security-risk reports; reviewed security controls. The candidate has worked with team members, communicated with stakeholders and completed assigned professional tasks.","Job title: Data Analyst. Sector: Data and Analytics. Minimum experience: 2 years. Education: Bachelor's degree in Data Science, Statistics or related subject. Required skills: Python, SQL, Excel, data analysis, data visualisation, statistics. Preferred skills: Power BI, Tableau, Pandas, machine learning, dashboard development. Responsibilities: Clean and analyse organisational data; Create reports and dashboards; Identify trends and patterns; Communicate findings to stakeholders; Support evidence-based decision making.",0,0.0,0.36538416147232056,0.6826920807361603,6.551298588047887,0.40961524844169617
CAND050,JOB003,Cybersecurity Analyst,"Candidate identifier: CAND050. Professional profile: Security Assistant. Education: Professional diploma with relevant training. Professional experience: 4 years. Skills: Splunk, firewall management, security monitoring, incident response, network security, SIEM, penetration testing, vulnerability assessment, ISO 27001. Experience evidence: prepared security-risk reports; reviewed security controls. The candidate has worked with team members, communicated with stakeholders and completed assigned professional tasks.","Job title: Cybersecurity Analyst. Sector: Cybersecurity. Minimum experience: 2 years. Education: Bachelor's degree in Cybersecurity, Computing or related subject. Required skills: network security, risk assessment, incident response, vulnerability assessment, SIEM, security monitoring. Preferred skills: penetration testing, Splunk, ISO 27001, NIST, Python, cloud security. Responsibilities: Monitor networks for security threats; Investigate security incidents; Conduct vulnerability assessments; Prepare risk and incident reports; Support security-policy implementation.",3,0.7666666666666667,0.659935474395752,0.829967737197876,48.05726687062794,0.8046473089853923
CAND050,JOB004,IT Project Manager,"Candidate identifier: CAND050. Professional profile: Security Assistant. Education: Professional diploma with relevant training. Professional experience: 4 years. Skills: Splunk, firewall management, security monitoring, incident response, network security, SIEM, penetration testing, vulnerability assessment, ISO 27001. Experience evidence: prepared security-risk reports; reviewed security controls. The candidate has worked with team members, communicated with stakeholders and completed assigned professional tasks.","Job title: IT Project Manager. Sector: Information Technology. Minimum experience: 3 years. Education: Bachelor's degree in IT, Business or related subject. Required skills: project management, stakeholder management, risk management, budget management, Agile, communication. Preferred skills: Scrum, Jira, PRINCE2, leadership, resource planning. Responsibilities: Plan and manage technology projects; Coordinate multidisciplinary teams; Control project risks and budgets; Report progress to stakeholders; Ensure timely delivery of project objectives.",0,0.0,0.41948527097702026,0.7097426354885101,5.96050210339165,0.42584558129310607
CAND050,JOB005,Digital Marketing Specialist,"Candidate identifier: CAND050. Professional profile: Security Assistant. Education: Professional diploma with relevant training. Professional experience: 4 years. Skills: Splunk, firewall management, security monitoring, incident response, network security, SIEM, penetration testing, vulnerability assessment, ISO 27001. Experience evidence: prepared security-risk reports; reviewed security controls. The candidate has worked with team members, communicated with stakeholders and completed assigned professional tasks.","Job title: Digital Marketing Specialist. Sector: Marketing. Minimum experience: 2 years. Education: Bachelor's degree in Marketing, Business or related subject. Required skills: digital marketing, SEO, social media marketing, content marketing, Google Analytics, campaign management. Preferred skills: Google Ads, email marketing, Canva, copywriting, conversion optimisation. Responsibilities: Plan and deliver digital marketing campaigns; Optimise website content for search engines; Manage social media channels; Analyse campaign performance; Prepare marketing-performance reports.",0,0.0,0.34591561555862427,0.6729578077793121,4.1226427386335835,0.40377468466758726
CAND051,JOB001,Software Engineer,"Candidate identifier: CAND051. Professional profile: Information Security Analyst. Education: Master's degree in Information Technology. Professional experience: 0 years. Skills: incident response, NIST, SIEM, risk assessment, vulnerability assessment, cloud security, Python. Experience evidence: supported incident-response activities; reviewed security controls; investigated security alerts; conducted vulnerability assessments; prepared security-risk reports. The candidate has worked with team members, communicated with stakeholders and completed assigned professional tasks.","Job title: Software Engineer. Sector: Technology. Minimum experience: 2 years. Education: Bachelor's degree in Computer Science or related subject. Required skills: Python, JavaScript, Git, SQL, REST APIs, software testing. Preferred skills: Docker, AWS, React, Agile, CI/CD. Responsibilities: Develop and maintain web applications; Design and integrate REST APIs; Write automated tests; Participate in code reviews; Work within an Agile development team.",1,0.13333333333333333,0.4413246512413025,0.7206623256206512,8.06581809826375,0.4857307287057241
CAND051,JOB002,Data Analyst,"Candidate identifier: CAND051. Professional profile: Information Security Analyst. Education: Master's degree in Information Technology. Professional experience: 0 years. Skills: incident response, NIST, SIEM, risk assessment, vulnerability assessment, cloud security, Python. Experience evidence: supported incident-response activities; reviewed security controls; investigated security alerts; conducted vulnerability assessments; prepared security-risk reports. The candidate has worked with team members, communicated with stakeholders and completed assigned professional tasks.","Job title: Data Analyst. Sector: Data and Analytics. Minimum experience: 2 years. Education: Bachelor's degree in Data Science, Statistics or related subject. Required skills: Python, SQL, Excel, data analysis, data visualisation, statistics. Preferred skills: Power BI, Tableau, Pandas, machine learning, dashboard development. Responsibilities: Clean and analyse organisational data; Create reports and dashboards; Identify trends and patterns; Communicate findings to stakeholders; Support evidence-based decision making.",1,0.13333333333333333,0.4625256359577179,0.731262817978859,9.248028372920805,0.4920910241206487
CAND051,JOB003,Cybersecurity Analyst,"Candidate identifier: CAND051. Professional profile: Information Security Analyst. Education: Master's degree in Information Technology. Professional experience: 0 years. Skills: incident response, NIST, SIEM, risk assessment, vulnerability assessment, cloud security, Python. Experience evidence: supported incident-response activities; reviewed security controls; investigated security alerts; conducted vulnerability assessments; prepared security-risk reports. The candidate has worked with team members, communicated with stakeholders and completed assigned professional tasks.","Job title: Cybersecurity Analyst. Sector: Cybersecurity. Minimum experience: 2 years. Education: Bachelor's degree in Cybersecurity, Computing or related subject. Required skills: network security, risk assessment, incident response, vulnerability assessment, SIEM, security monitoring. Preferred skills: penetration testing, Splunk, ISO 27001, NIST, Python, cloud security. Responsibilities: Monitor networks for security threats; Investigate security incidents; Conduct vulnerability assessments; Prepare risk and incident reports; Support security-policy implementation.",2,0.6333333333333333,0.6899813413619995,0.8449906706809998,46.98141561328972,0.7603277357419331
CAND051,JOB004,IT Project Manager,"Candidate identifier: CAND051. Professional profile: Information Security Analyst. Education: Master's degree in Information Technology. Professional experience: 0 years. Skills: incident response, NIST, SIEM, risk assessment, vulnerability assessment, cloud security, Python. Experience evidence: supported incident-response activities; reviewed security controls; investigated security alerts; conducted vulnerability assessments; prepared security-risk reports. The candidate has worked with team members, communicated with stakeholders and completed assigned professional tasks.","Job title: IT Project Manager. Sector: Information Technology. Minimum experience: 3 years. Education: Bachelor's degree in IT, Business or related subject. Required skills: project management, stakeholder management, risk management, budget management, Agile, communication. Preferred skills: Scrum, Jira, PRINCE2, leadership, resource planning. Responsibilities: Plan and manage technology projects; Coordinate multidisciplinary teams; Control project risks and budgets; Report progress to stakeholders; Ensure timely delivery of project objectives.",1,0.0,0.46460458636283875,0.7323022931814194,9.129963211813967,0.4393813759088516
CAND051,JOB005,Digital Marketing Specialist,"Candidate identifier: CAND051. Professional profile: Information Security Analyst. Education: Master's degree in Information Technology. Professional experience: 0 years. Skills: incident response, NIST, SIEM, risk assessment, vulnerability assessment, cloud security, Python. Experience evidence: supported incident-response activities; reviewed security controls; investigated security alerts; conducted vulnerability assessments; prepared security-risk reports. The candidate has worked with team members, communicated with stakeholders and completed assigned professional tasks.","Job title: Digital Marketing Specialist. Sector: Marketing. Minimum experience: 2 years. Education: Bachelor's degree in Marketing, Business or related subject. Required skills: digital marketing, SEO, social media marketing, content marketing, Google Analytics, campaign management. Preferred skills: Google Ads, email marketing, Canva, copywriting, conversion optimisation. Responsibilities: Plan and deliver digital marketing campaigns; Optimise website content for search engines; Manage social media channels; Analyse campaign performance; Prepare marketing-performance reports.",0,0.0,0.40555545687675476,0.7027777284383774,5.216099032247726,0.42166663706302643
CAND052,JOB001,Software Engineer,"Candidate identifier: CAND052. Professional profile: Cybersecurity Analyst. Education: Professional diploma with relevant training. Professional experience: 4 years. Skills: SIEM, NIST, cloud security, network security, risk assessment, vulnerability assessment, security monitoring, ISO 27001, incident response. Experience evidence: investigated security alerts; reviewed security controls. The candidate has worked with team members, communicated with stakeholders and completed assigned professional tasks.","Job title: Software Engineer. Sector: Technology. Minimum experience: 2 years. Education: Bachelor's degree in Computer Science or related subject. Required skills: Python, JavaScript, Git, SQL, REST APIs, software testing. Preferred skills: Docker, AWS, React, Agile, CI/CD. Responsibilities: Develop and maintain web applications; Design and integrate REST APIs; Write automated tests; Participate in code reviews; Work within an Agile development team.",0,0.0,0.42513740062713623,0.7125687003135681,4.532116324309358,0.42754122018814084
CAND052,JOB002,Data Analyst,"Candidate identifier: CAND052. Professional profile: Cybersecurity Analyst. Education: Professional diploma with relevant training. Professional experience: 4 years. Skills: SIEM, NIST, cloud security, network security, risk assessment, vulnerability assessment, security monitoring, ISO 27001, incident response. Experience evidence: investigated security alerts; reviewed security controls. The candidate has worked with team members, communicated with stakeholders and completed assigned professional tasks.","Job title: Data Analyst. Sector: Data and Analytics. Minimum experience: 2 years. Education: Bachelor's degree in Data Science, Statistics or related subject. Required skills: Python, SQL, Excel, data analysis, data visualisation, statistics. Preferred skills: Power BI, Tableau, Pandas, machine learning, dashboard development. Responsibilities: Clean and analyse organisational data; Create reports and dashboards; Identify trends and patterns; Communicate findings to stakeholders; Support evidence-based decision making.",0,0.0,0.4569467306137085,0.7284733653068542,6.729392627981948,0.43708401918411255
CAND052,JOB003,Cybersecurity Analyst,"Candidate identifier: CAND052. Professional profile: Cybersecurity Analyst. Education: Professional diploma with relevant training. Professional experience: 4 years. Skills: SIEM, NIST, cloud security, network security, risk assessment, vulnerability assessment, security monitoring, ISO 27001, incident response. Experience evidence: investigated security alerts; reviewed security controls. The candidate has worked with team members, communicated with stakeholders and completed assigned professional tasks.","Job title: Cybersecurity Analyst. Sector: Cybersecurity. Minimum experience: 2 years. Education: Bachelor's degree in Cybersecurity, Computing or related subject. Required skills: network security, risk assessment, incident response, vulnerability assessment, SIEM, security monitoring. Preferred skills: penetration testing, Splunk, ISO 27001, NIST, Python, cloud security. Responsibilities: Monitor networks for security threats; Investigate security incidents; Conduct vulnerability assessments; Prepare risk and incident reports; Support security-policy implementation.",3,0.9,0.7551923990249634,0.8775961995124817,58.93417136708684,0.886557719707489
CAND052,JOB004,IT Project Manager,"Candidate identifier: CAND052. Professional profile: Cybersecurity Analyst. Education: Professional diploma with relevant training. Professional experience: 4 years. Skills: SIEM, NIST, cloud security, network security, risk assessment, vulnerability assessment, security monitoring, ISO 27001, incident response. Experience evidence: investigated security alerts; reviewed security controls. The candidate has worked with team members, communicated with stakeholders and completed assigned professional tasks.","Job title: IT Project Manager. Sector: Information Technology. Minimum experience: 3 years. Education: Bachelor's degree in IT, Business or related subject. Required skills: project management, stakeholder management, risk management, budget management, Agile, communication. Preferred skills: Scrum, Jira, PRINCE2, leadership, resource planning. Responsibilities: Plan and manage technology projects; Coordinate multidisciplinary teams; Control project risks and budgets; Report progress to stakeholders; Ensure timely delivery of project objectives.",0,0.0,0.4597678780555725,0.7298839390277863,5.027704734081149,0.43793036341667174
CAND052,JOB005,Digital Marketing Specialist,"Candidate identifier: CAND052. Professional profile: Cybersecurity Analyst. Education: Professional diploma with relevant training. Professional experience: 4 years. Skills: SIEM, NIST, cloud security, network security, risk assessment, vulnerability assessment, security monitoring, ISO 27001, incident response. Experience evidence: investigated security alerts; reviewed security controls. The candidate has worked with team members, communicated with stakeholders and completed assigned professional tasks.","Job title: Digital Marketing Specialist. Sector: Marketing. Minimum experience: 2 years. Education: Bachelor's degree in Marketing, Business or related subject. Required skills: digital marketing, SEO, social media marketing, content marketing, Google Analytics, campaign management. Preferred skills: Google Ads, email marketing, Canva, copywriting, conversion optimisation. Responsibilities: Plan and deliver digital marketing campaigns; Optimise website content for search engines; Manage social media channels; Analyse campaign performance; Prepare marketing-performance reports.",0,0.0,0.3957936763763428,0.6978968381881714,3.455514353635409,0.4187381029129028
CAND053,JOB001,Software Engineer,"Candidate identifier: CAND053. Professional profile: Information Security Analyst. Education: Bachelor's degree in Computing. Professional experience: 1 years. Skills: network security, penetration testing, Splunk, NIST. Experience evidence: conducted vulnerability assessments; monitored networks for security threats; investigated security alerts; prepared security-risk reports; reviewed security controls. The candidate has worked with team members, communicated with stakeholders and completed assigned professional tasks.","Job title: Software Engineer. Sector: Technology. Minimum experience: 2 years. Education: Bachelor's degree in Computer Science or related subject. Required skills: Python, JavaScript, Git, SQL, REST APIs, software testing. Preferred skills: Docker, AWS, React, Agile, CI/CD. Responsibilities: Develop and maintain web applications; Design and integrate REST APIs; Write automated tests; Participate in code reviews; Work within an Agile development team.",1,0.0,0.4593924283981323,0.7296962141990662,8.433598919089954,0.4378177285194397
CAND053,JOB002,Data Analyst,"Candidate identifier: CAND053. Professional profile: Information Security Analyst. Education: Bachelor's degree in Computing. Professional experience: 1 years. Skills: network security, penetration testing, Splunk, NIST. Experience evidence: conducted vulnerability assessments; monitored networks for security threats; investigated security alerts; prepared security-risk reports; reviewed security controls. The candidate has worked with team members, communicated with stakeholders and completed assigned professional tasks.","Job title: Data Analyst. Sector: Data and Analytics. Minimum experience: 2 years. Education: Bachelor's degree in Data Science, Statistics or related subject. Required skills: Python, SQL, Excel, data analysis, data visualisation, statistics. Preferred skills: Power BI, Tableau, Pandas, machine learning, dashboard development. Responsibilities: Clean and analyse organisational data; Create reports and dashboards; Identify trends and patterns; Communicate findings to stakeholders; Support evidence-based decision making.",1,0.0,0.5328212976455688,0.7664106488227844,9.13028344267435,0.4598463892936706
CAND053,JOB003,Cybersecurity Analyst,"Candidate identifier: CAND053. Professional profile: Information Security Analyst. Education: Bachelor's degree in Computing. Professional experience: 1 years. Skills: network security, penetration testing, Splunk, NIST. Experience evidence: conducted vulnerability assessments; monitored networks for security threats; investigated security alerts; prepared security-risk reports; reviewed security controls. The candidate has worked with team members, communicated with stakeholders and completed assigned professional tasks.","Job title: Cybersecurity Analyst. Sector: Cybersecurity. Minimum experience: 2 years. Education: Bachelor's degree in Cybersecurity, Computing or related subject. Required skills: network security, risk assessment, incident response, vulnerability assessment, SIEM, security monitoring. Preferred skills: penetration testing, Splunk, ISO 27001, NIST, Python, cloud security. Responsibilities: Monitor networks for security threats; Investigate security incidents; Conduct vulnerability assessments; Prepare risk and incident reports; Support security-policy implementation.",2,0.23333333333333334,0.7503515481948853,0.8751757740974426,44.11684127798127,0.6184387977917989
CAND053,JOB004,IT Project Manager,"Candidate identifier: CAND053. Professional profile: Information Security Analyst. Education: Bachelor's degree in Computing. Professional experience: 1 years. Skills: network security, penetration testing, Splunk, NIST. Experience evidence: conducted vulnerability assessments; monitored networks for security threats; investigated security alerts; prepared security-risk reports; reviewed security controls. The candidate has worked with team members, communicated with stakeholders and completed assigned professional tasks.","Job title: IT Project Manager. Sector: Information Technology. Minimum experience: 3 years. Education: Bachelor's degree in IT, Business or related subject. Required skills: project management, stakeholder management, risk management, budget management, Agile, communication. Preferred skills: Scrum, Jira, PRINCE2, leadership, resource planning. Responsibilities: Plan and manage technology projects; Coordinate multidisciplinary teams; Control project risks and budgets; Report progress to stakeholders; Ensure timely delivery of project objectives.",1,0.0,0.49457046389579773,0.7472852319478989,7.769702263260056,0.44837113916873933
CAND053,JOB005,Digital Marketing Specialist,"Candidate identifier: CAND053. Professional profile: Information Security Analyst. Education: Bachelor's degree in Computing. Professional experience: 1 years. Skills: network security, penetration testing, Splunk, NIST. Experience evidence: conducted vulnerability assessments; monitored networks for security threats; investigated security alerts; prepared security-risk reports; reviewed security controls. The candidate has worked with team members, communicated with stakeholders and completed assigned professional tasks.","Job title: Digital Marketing Specialist. Sector: Marketing. Minimum experience: 2 years. Education: Bachelor's degree in Marketing, Business or related subject. Required skills: digital marketing, SEO, social media marketing, content marketing, Google Analytics, campaign management. Preferred skills: Google Ads, email marketing, Canva, copywriting, conversion optimisation. Responsibilities: Plan and deliver digital marketing campaigns; Optimise website content for search engines; Manage social media channels; Analyse campaign performance; Prepare marketing-performance reports.",0,0.0,0.4451056122779846,0.7225528061389923,6.542506488420406,0.4335316836833954
CAND054,JOB001,Software Engineer,"Candidate identifier: CAND054. Professional profile: Cybersecurity Analyst. Education: Bachelor's degree in Data Science. Professional experience: 3 years. Skills: firewall management, Python, NIST, vulnerability assessment, penetration testing. Experience evidence: supported incident-response activities; investigated security alerts. The candidate has worked with team members, communicated with stakeholders and completed assigned professional tasks.","Job title: Software Engineer. Sector: Technology. Minimum experience: 2 years. Education: Bachelor's degree in Computer Science or related subject. Required skills: Python, JavaScript, Git, SQL, REST APIs, software testing. Preferred skills: Docker, AWS, React, Agile, CI/CD. Responsibilities: Develop and maintain web applications; Design and integrate REST APIs; Write automated tests; Participate in code reviews; Work within an Agile development team.",1,0.13333333333333333,0.4755900502204895,0.7377950251102448,11.615480148199154,0.49601034839948016
CAND054,JOB002,Data Analyst,"Candidate identifier: CAND054. Professional profile: Cybersecurity Analyst. Education: Bachelor's degree in Data Science. Professional experience: 3 years. Skills: firewall management, Python, NIST, vulnerability assessment, penetration testing. Experience evidence: supported incident-response activities; investigated security alerts. The candidate has worked with team members, communicated with stakeholders and completed assigned professional tasks.","Job title: Data Analyst. Sector: Data and Analytics. Minimum experience: 2 years. Education: Bachelor's degree in Data Science, Statistics or related subject. Required skills: Python, SQL, Excel, data analysis, data visualisation, statistics. Preferred skills: Power BI, Tableau, Pandas, machine learning, dashboard development. Responsibilities: Clean and analyse organisational data; Create reports and dashboards; Identify trends and patterns; Communicate findings to stakeholders; Support evidence-based decision making.",1,0.13333333333333333,0.5376155376434326,0.7688077688217163,16.109780508073687,0.514617994626363
CAND054,JOB003,Cybersecurity Analyst,"Candidate identifier: CAND054. Professional profile: Cybersecurity Analyst. Education: Bachelor's degree in Data Science. Professional experience: 3 years. Skills: firewall management, Python, NIST, vulnerability assessment, penetration testing. Experience evidence: supported incident-response activities; investigated security alerts. The candidate has worked with team members, communicated with stakeholders and completed assigned professional tasks.","Job title: Cybersecurity Analyst. Sector: Cybersecurity. Minimum experience: 2 years. Education: Bachelor's degree in Cybersecurity, Computing or related subject. Required skills: network security, risk assessment, incident response, vulnerability assessment, SIEM, security monitoring. Preferred skills: penetration testing, Splunk, ISO 27001, NIST, Python, cloud security. Responsibilities: Monitor networks for security threats; Investigate security incidents; Conduct vulnerability assessments; Prepare risk and incident reports; Support security-policy implementation.",2,0.23333333333333334,0.7697221040725708,0.8848610520362854,44.72669709353201,0.6242499645551046
CAND054,JOB004,IT Project Manager,"Candidate identifier: CAND054. Professional profile: Cybersecurity Analyst. Education: Bachelor's degree in Data Science. Professional experience: 3 years. Skills: firewall management, Python, NIST, vulnerability assessment, penetration testing. Experience evidence: supported incident-response activities; investigated security alerts. The candidate has worked with team members, communicated with stakeholders and completed assigned professional tasks.","Job title: IT Project Manager. Sector: Information Technology. Minimum experience: 3 years. Education: Bachelor's degree in IT, Business or related subject. Required skills: project management, stakeholder management, risk management, budget management, Agile, communication. Preferred skills: Scrum, Jira, PRINCE2, leadership, resource planning. Responsibilities: Plan and manage technology projects; Coordinate multidisciplinary teams; Control project risks and budgets; Report progress to stakeholders; Ensure timely delivery of project objectives.",0,0.0,0.4820697009563446,0.7410348504781723,10.330502215374223,0.44462091028690337
CAND054,JOB005,Digital Marketing Specialist,"Candidate identifier: CAND054. Professional profile: Cybersecurity Analyst. Education: Bachelor's degree in Data Science. Professional experience: 3 years. Skills: firewall management, Python, NIST, vulnerability assessment, penetration testing. Experience evidence: supported incident-response activities; investigated security alerts. The candidate has worked with team members, communicated with stakeholders and completed assigned professional tasks.","Job title: Digital Marketing Specialist. Sector: Marketing. Minimum experience: 2 years. Education: Bachelor's degree in Marketing, Business or related subject. Required skills: digital marketing, SEO, social media marketing, content marketing, Google Analytics, campaign management. Preferred skills: Google Ads, email marketing, Canva, copywriting, conversion optimisation. Responsibilities: Plan and deliver digital marketing campaigns; Optimise website content for search engines; Manage social media channels; Analyse campaign performance; Prepare marketing-performance reports.",0,0.0,0.43934136629104614,0.7196706831455231,6.124363478383568,0.43180240988731383
CAND055,JOB001,Software Engineer,"Candidate identifier: CAND055. Professional profile: Security Operations Analyst. Education: Master's degree in Information Technology. Professional experience: 2 years. Skills: network security, incident response, SIEM. Experience evidence: prepared security-risk reports; monitored networks for security threats; reviewed security controls; conducted vulnerability assessments. The candidate has worked with team members, communicated with stakeholders and completed assigned professional tasks.","Job title: Software Engineer. Sector: Technology. Minimum experience: 2 years. Education: Bachelor's degree in Computer Science or related subject. Required skills: Python, JavaScript, Git, SQL, REST APIs, software testing. Preferred skills: Docker, AWS, React, Agile, CI/CD. Responsibilities: Develop and maintain web applications; Design and integrate REST APIs; Write automated tests; Participate in code reviews; Work within an Agile development team.",1,0.0,0.42428040504455566,0.7121402025222778,9.984101108841369,0.4272841215133667
CAND055,JOB002,Data Analyst,"Candidate identifier: CAND055. Professional profile: Security Operations Analyst. Education: Master's degree in Information Technology. Professional experience: 2 years. Skills: network security, incident response, SIEM. Experience evidence: prepared security-risk reports; monitored networks for security threats; reviewed security controls; conducted vulnerability assessments. The candidate has worked with team members, communicated with stakeholders and completed assigned professional tasks.","Job title: Data Analyst. Sector: Data and Analytics. Minimum experience: 2 years. Education: Bachelor's degree in Data Science, Statistics or related subject. Required skills: Python, SQL, Excel, data analysis, data visualisation, statistics. Preferred skills: Power BI, Tableau, Pandas, machine learning, dashboard development. Responsibilities: Clean and analyse organisational data; Create reports and dashboards; Identify trends and patterns; Communicate findings to stakeholders; Support evidence-based decision making.",0,0.0,0.4635056257247925,0.7317528128623962,11.238890332470364,0.43905168771743774
CAND055,JOB003,Cybersecurity Analyst,"Candidate identifier: CAND055. Professional profile: Security Operations Analyst. Education: Master's degree in Information Technology. Professional experience: 2 years. Skills: network security, incident response, SIEM. Experience evidence: prepared security-risk reports; monitored networks for security threats; reviewed security controls; conducted vulnerability assessments. The candidate has worked with team members, communicated with stakeholders and completed assigned professional tasks.","Job title: Cybersecurity Analyst. Sector: Cybersecurity. Minimum experience: 2 years. Education: Bachelor's degree in Cybersecurity, Computing or related subject. Required skills: network security, risk assessment, incident response, vulnerability assessment, SIEM, security monitoring. Preferred skills: penetration testing, Splunk, ISO 27001, NIST, Python, cloud security. Responsibilities: Monitor networks for security threats; Investigate security incidents; Conduct vulnerability assessments; Prepare risk and incident reports; Support security-policy implementation.",2,0.4,0.6895878314971924,0.8447939157485962,44.98868614650441,0.6668763494491577
CAND055,JOB004,IT Project Manager,"Candidate identifier: CAND055. Professional profile: Security Operations Analyst. Education: Master's degree in Information Technology. Professional experience: 2 years. Skills: network security, incident response, SIEM. Experience evidence: prepared security-risk reports; monitored networks for security threats; reviewed security controls; conducted vulnerability assessments. The candidate has worked with team members, communicated with stakeholders and completed assigned professional tasks.","Job title: IT Project Manager. Sector: Information Technology. Minimum experience: 3 years. Education: Bachelor's degree in IT, Business or related subject. Required skills: project management, stakeholder management, risk management, budget management, Agile, communication. Preferred skills: Scrum, Jira, PRINCE2, leadership, resource planning. Responsibilities: Plan and manage technology projects; Coordinate multidisciplinary teams; Control project risks and budgets; Report progress to stakeholders; Ensure timely delivery of project objectives.",1,0.0,0.4577881991863251,0.7288940995931625,9.119346979410873,0.4373364597558975
CAND055,JOB005,Digital Marketing Specialist,"Candidate identifier: CAND055. Professional profile: Security Operations Analyst. Education: Master's degree in Information Technology. Professional experience: 2 years. Skills: network security, incident response, SIEM. Experience evidence: prepared security-risk reports; monitored networks for security threats; reviewed security controls; conducted vulnerability assessments. The candidate has worked with team members, communicated with stakeholders and completed assigned professional tasks.","Job title: Digital Marketing Specialist. Sector: Marketing. Minimum experience: 2 years. Education: Bachelor's degree in Marketing, Business or related subject. Required skills: digital marketing, SEO, social media marketing, content marketing, Google Analytics, campaign management. Preferred skills: Google Ads, email marketing, Canva, copywriting, conversion optimisation. Responsibilities: Plan and deliver digital marketing campaigns; Optimise website content for search engines; Manage social media channels; Analyse campaign performance; Prepare marketing-performance reports.",0,0.0,0.4038327932357788,0.7019163966178894,8.591537006036765,0.42114983797073363
CAND056,JOB001,Software Engineer,"Candidate identifier: CAND056. Professional profile: Security Assistant. Education: Bachelor's degree in Data Science. Professional experience: 4 years. Skills: Splunk, risk assessment, NIST, network security, penetration testing, security monitoring. Experience evidence: monitored networks for security threats; reviewed security controls; investigated security alerts; conducted vulnerability assessments. The candidate has worked with team members, communicated with stakeholders and completed assigned professional tasks.","Job title: Software Engineer. Sector: Technology. Minimum experience: 2 years. Education: Bachelor's degree in Computer Science or related subject. Required skills: Python, JavaScript, Git, SQL, REST APIs, software testing. Preferred skills: Docker, AWS, React, Agile, CI/CD. Responsibilities: Develop and maintain web applications; Design and integrate REST APIs; Write automated tests; Participate in code reviews; Work within an Agile development team.",1,0.0,0.48737001419067383,0.7436850070953369,9.863572906146473,0.4462110042572021
CAND056,JOB002,Data Analyst,"Candidate identifier: CAND056. Professional profile: Security Assistant. Education: Bachelor's degree in Data Science. Professional experience: 4 years. Skills: Splunk, risk assessment, NIST, network security, penetration testing, security monitoring. Experience evidence: monitored networks for security threats; reviewed security controls; investigated security alerts; conducted vulnerability assessments. The candidate has worked with team members, communicated with stakeholders and completed assigned professional tasks.","Job title: Data Analyst. Sector: Data and Analytics. Minimum experience: 2 years. Education: Bachelor's degree in Data Science, Statistics or related subject. Required skills: Python, SQL, Excel, data analysis, data visualisation, statistics. Preferred skills: Power BI, Tableau, Pandas, machine learning, dashboard development. Responsibilities: Clean and analyse organisational data; Create reports and dashboards; Identify trends and patterns; Communicate findings to stakeholders; Support evidence-based decision making.",1,0.0,0.4746640920639038,0.7373320460319519,13.485184819955487,0.4423992276191711
CAND056,JOB003,Cybersecurity Analyst,"Candidate identifier: CAND056. Professional profile: Security Assistant. Education: Bachelor's degree in Data Science. Professional experience: 4 years. Skills: Splunk, risk assessment, NIST, network security, penetration testing, security monitoring. Experience evidence: monitored networks for security threats; reviewed security controls; investigated security alerts; conducted vulnerability assessments. The candidate has worked with team members, communicated with stakeholders and completed assigned professional tasks.","Job title: Cybersecurity Analyst. Sector: Cybersecurity. Minimum experience: 2 years. Education: Bachelor's degree in Cybersecurity, Computing or related subject. Required skills: network security, risk assessment, incident response, vulnerability assessment, SIEM, security monitoring. Preferred skills: penetration testing, Splunk, ISO 27001, NIST, Python, cloud security. Responsibilities: Monitor networks for security threats; Investigate security incidents; Conduct vulnerability assessments; Prepare risk and incident reports; Support security-policy implementation.",2,0.5,0.7173537015914917,0.8586768507957458,47.35491335865377,0.7152061104774474
CAND056,JOB004,IT Project Manager,"Candidate identifier: CAND056. Professional profile: Security Assistant. Education: Bachelor's degree in Data Science. Professional experience: 4 years. Skills: Splunk, risk assessment, NIST, network security, penetration testing, security monitoring. Experience evidence: monitored networks for security threats; reviewed security controls; investigated security alerts; conducted vulnerability assessments. The candidate has worked with team members, communicated with stakeholders and completed assigned professional tasks.","Job title: IT Project Manager. Sector: Information Technology. Minimum experience: 3 years. Education: Bachelor's degree in IT, Business or related subject. Required skills: project management, stakeholder management, risk management, budget management, Agile, communication. Preferred skills: Scrum, Jira, PRINCE2, leadership, resource planning. Responsibilities: Plan and manage technology projects; Coordinate multidisciplinary teams; Control project risks and budgets; Report progress to stakeholders; Ensure timely delivery of project objectives.",0,0.0,0.467123806476593,0.7335619032382965,7.024220466883543,0.44013714194297787
CAND056,JOB005,Digital Marketing Specialist,"Candidate identifier: CAND056. Professional profile: Security Assistant. Education: Bachelor's degree in Data Science. Professional experience: 4 years. Skills: Splunk, risk assessment, NIST, network security, penetration testing, security monitoring. Experience evidence: monitored networks for security threats; reviewed security controls; investigated security alerts; conducted vulnerability assessments. The candidate has worked with team members, communicated with stakeholders and completed assigned professional tasks.","Job title: Digital Marketing Specialist. Sector: Marketing. Minimum experience: 2 years. Education: Bachelor's degree in Marketing, Business or related subject. Required skills: digital marketing, SEO, social media marketing, content marketing, Google Analytics, campaign management. Preferred skills: Google Ads, email marketing, Canva, copywriting, conversion optimisation. Responsibilities: Plan and deliver digital marketing campaigns; Optimise website content for search engines; Manage social media channels; Analyse campaign performance; Prepare marketing-performance reports.",0,0.0,0.41424745321273804,0.707123726606369,6.099836408167931,0.4242742359638214
CAND057,JOB001,Software Engineer,"Candidate identifier: CAND057. Professional profile: Information Security Analyst. Education: Bachelor's degree in Computing. Professional experience: 0 years. Skills: Splunk, ISO 27001, Python, firewall management. Experience evidence: investigated security alerts; supported incident-response activities; prepared security-risk reports; conducted vulnerability assessments. The candidate has worked with team members, communicated with stakeholders and completed assigned professional tasks.","Job title: Software Engineer. Sector: Technology. Minimum experience: 2 years. Education: Bachelor's degree in Computer Science or related subject. Required skills: Python, JavaScript, Git, SQL, REST APIs, software testing. Preferred skills: Docker, AWS, React, Agile, CI/CD. Responsibilities: Develop and maintain web applications; Design and integrate REST APIs; Write automated tests; Participate in code reviews; Work within an Agile development team.",1,0.13333333333333333,0.4930814206600189,0.7465407103300095,8.291117876255614,0.501257759531339
CAND057,JOB002,Data Analyst,"Candidate identifier: CAND057. Professional profile: Information Security Analyst. Education: Bachelor's degree in Computing. Professional experience: 0 years. Skills: Splunk, ISO 27001, Python, firewall management. Experience evidence: investigated security alerts; supported incident-response activities; prepared security-risk reports; conducted vulnerability assessments. The candidate has worked with team members, communicated with stakeholders and completed assigned professional tasks.","Job title: Data Analyst. Sector: Data and Analytics. Minimum experience: 2 years. Education: Bachelor's degree in Data Science, Statistics or related subject. Required skills: Python, SQL, Excel, data analysis, data visualisation, statistics. Preferred skills: Power BI, Tableau, Pandas, machine learning, dashboard development. Responsibilities: Clean and analyse organisational data; Create reports and dashboards; Identify trends and patterns; Communicate findings to stakeholders; Support evidence-based decision making.",1,0.13333333333333333,0.5199590921401978,0.7599795460700989,10.419286243750292,0.5093210609753926
CAND057,JOB003,Cybersecurity Analyst,"Candidate identifier: CAND057. Professional profile: Information Security Analyst. Education: Bachelor's degree in Computing. Professional experience: 0 years. Skills: Splunk, ISO 27001, Python, firewall management. Experience evidence: investigated security alerts; supported incident-response activities; prepared security-risk reports; conducted vulnerability assessments. The candidate has worked with team members, communicated with stakeholders and completed assigned professional tasks.","Job title: Cybersecurity Analyst. Sector: Cybersecurity. Minimum experience: 2 years. Education: Bachelor's degree in Cybersecurity, Computing or related subject. Required skills: network security, risk assessment, incident response, vulnerability assessment, SIEM, security monitoring. Preferred skills: penetration testing, Splunk, ISO 27001, NIST, Python, cloud security. Responsibilities: Monitor networks for security threats; Investigate security incidents; Conduct vulnerability assessments; Prepare risk and incident reports; Support security-policy implementation.",1,0.1,0.7361515760421753,0.8680757880210876,40.42693508456342,0.5608454728126526
CAND057,JOB004,IT Project Manager,"Candidate identifier: CAND057. Professional profile: Information Security Analyst. Education: Bachelor's degree in Computing. Professional experience: 0 years. Skills: Splunk, ISO 27001, Python, firewall management. Experience evidence: investigated security alerts; supported incident-response activities; prepared security-risk reports; conducted vulnerability assessments. The candidate has worked with team members, communicated with stakeholders and completed assigned professional tasks.","Job title: IT Project Manager. Sector: Information Technology. Minimum experience: 3 years. Education: Bachelor's degree in IT, Business or related subject. Required skills: project management, stakeholder management, risk management, budget management, Agile, communication. Preferred skills: Scrum, Jira, PRINCE2, leadership, resource planning. Responsibilities: Plan and manage technology projects; Coordinate multidisciplinary teams; Control project risks and budgets; Report progress to stakeholders; Ensure timely delivery of project objectives.",1,0.0,0.4904654324054718,0.7452327162027359,8.987658980224555,0.4471396297216415
CAND057,JOB005,Digital Marketing Specialist,"Candidate identifier: CAND057. Professional profile: Information Security Analyst. Education: Bachelor's degree in Computing. Professional experience: 0 years. Skills: Splunk, ISO 27001, Python, firewall management. Experience evidence: investigated security alerts; supported incident-response activities; prepared security-risk reports; conducted vulnerability assessments. The candidate has worked with team members, communicated with stakeholders and completed assigned professional tasks.","Job title: Digital Marketing Specialist. Sector: Marketing. Minimum experience: 2 years. Education: Bachelor's degree in Marketing, Business or related subject. Required skills: digital marketing, SEO, social media marketing, content marketing, Google Analytics, campaign management. Preferred skills: Google Ads, email marketing, Canva, copywriting, conversion optimisation. Responsibilities: Plan and deliver digital marketing campaigns; Optimise website content for search engines; Manage social media channels; Analyse campaign performance; Prepare marketing-performance reports.",0,0.0,0.43026411533355713,0.7151320576667786,6.3528314443153615,0.42907923460006714
CAND058,JOB001,Software Engineer,"Candidate identifier: CAND058. Professional profile: Information Security Analyst. Education: Professional diploma with relevant training. Professional experience: 7 years. Skills: penetration testing, security monitoring, cloud security, risk assessment, incident response. Experience evidence: prepared security-risk reports; reviewed security controls; conducted vulnerability assessments; supported incident-response activities. The candidate has worked with team members, communicated with stakeholders and completed assigned professional tasks.","Job title: Software Engineer. Sector: Technology. Minimum experience: 2 years. Education: Bachelor's degree in Computer Science or related subject. Required skills: Python, JavaScript, Git, SQL, REST APIs, software testing. Preferred skills: Docker, AWS, React, Agile, CI/CD. Responsibilities: Develop and maintain web applications; Design and integrate REST APIs; Write automated tests; Participate in code reviews; Work within an Agile development team.",1,0.0,0.4246225357055664,0.7123112678527832,5.802663957749139,0.4273867607116699
CAND058,JOB002,Data Analyst,"Candidate identifier: CAND058. Professional profile: Information Security Analyst. Education: Professional diploma with relevant training. Professional experience: 7 years. Skills: penetration testing, security monitoring, cloud security, risk assessment, incident response. Experience evidence: prepared security-risk reports; reviewed security controls; conducted vulnerability assessments; supported incident-response activities. The candidate has worked with team members, communicated with stakeholders and completed assigned professional tasks.","Job title: Data Analyst. Sector: Data and Analytics. Minimum experience: 2 years. Education: Bachelor's degree in Data Science, Statistics or related subject. Required skills: Python, SQL, Excel, data analysis, data visualisation, statistics. Preferred skills: Power BI, Tableau, Pandas, machine learning, dashboard development. Responsibilities: Clean and analyse organisational data; Create reports and dashboards; Identify trends and patterns; Communicate findings to stakeholders; Support evidence-based decision making.",0,0.0,0.5077966451644897,0.7538983225822449,7.025535473601697,0.4523389935493469
CAND058,JOB003,Cybersecurity Analyst,"Candidate identifier: CAND058. Professional profile: Information Security Analyst. Education: Professional diploma with relevant training. Professional experience: 7 years. Skills: penetration testing, security monitoring, cloud security, risk assessment, incident response. Experience evidence: prepared security-risk reports; reviewed security controls; conducted vulnerability assessments; supported incident-response activities. The candidate has worked with team members, communicated with stakeholders and completed assigned professional tasks.","Job title: Cybersecurity Analyst. Sector: Cybersecurity. Minimum experience: 2 years. Education: Bachelor's degree in Cybersecurity, Computing or related subject. Required skills: network security, risk assessment, incident response, vulnerability assessment, SIEM, security monitoring. Preferred skills: penetration testing, Splunk, ISO 27001, NIST, Python, cloud security. Responsibilities: Monitor networks for security threats; Investigate security incidents; Conduct vulnerability assessments; Prepare risk and incident reports; Support security-policy implementation.",2,0.4666666666666667,0.7074020504951477,0.8537010252475739,43.983400690172175,0.698887281815211
CAND058,JOB004,IT Project Manager,"Candidate identifier: CAND058. Professional profile: Information Security Analyst. Education: Professional diploma with relevant training. Professional experience: 7 years. Skills: penetration testing, security monitoring, cloud security, risk assessment, incident response. Experience evidence: prepared security-risk reports; reviewed security controls; conducted vulnerability assessments; supported incident-response activities. The candidate has worked with team members, communicated with stakeholders and completed assigned professional tasks.","Job title: IT Project Manager. Sector: Information Technology. Minimum experience: 3 years. Education: Bachelor's degree in IT, Business or related subject. Required skills: project management, stakeholder management, risk management, budget management, Agile, communication. Preferred skills: Scrum, Jira, PRINCE2, leadership, resource planning. Responsibilities: Plan and manage technology projects; Coordinate multidisciplinary teams; Control project risks and budgets; Report progress to stakeholders; Ensure timely delivery of project objectives.",0,0.0,0.49729737639427185,0.7486486881971359,5.8725992284537,0.44918921291828157
CAND058,JOB005,Digital Marketing Specialist,"Candidate identifier: CAND058. Professional profile: Information Security Analyst. Education: Professional diploma with relevant training. Professional experience: 7 years. Skills: penetration testing, security monitoring, cloud security, risk assessment, incident response. Experience evidence: prepared security-risk reports; reviewed security controls; conducted vulnerability assessments; supported incident-response activities. The candidate has worked with team members, communicated with stakeholders and completed assigned professional tasks.","Job title: Digital Marketing Specialist. Sector: Marketing. Minimum experience: 2 years. Education: Bachelor's degree in Marketing, Business or related subject. Required skills: digital marketing, SEO, social media marketing, content marketing, Google Analytics, campaign management. Preferred skills: Google Ads, email marketing, Canva, copywriting, conversion optimisation. Responsibilities: Plan and deliver digital marketing campaigns; Optimise website content for search engines; Manage social media channels; Analyse campaign performance; Prepare marketing-performance reports.",0,0.0,0.4254209101200104,0.7127104550600052,3.8253329676521575,0.4276262730360031
CAND059,JOB001,Software Engineer,"Candidate identifier: CAND059. Professional profile: Information Security Analyst. Education: Master's degree in Information Technology. Professional experience: 0 years. Skills: risk assessment, security monitoring, SIEM, cloud security, firewall management, penetration testing. Experience evidence: reviewed security controls; supported incident-response activities. The candidate has worked with team members, communicated with stakeholders and completed assigned professional tasks.","Job title: Software Engineer. Sector: Technology. Minimum experience: 2 years. Education: Bachelor's degree in Computer Science or related subject. Required skills: Python, JavaScript, Git, SQL, REST APIs, software testing. Preferred skills: Docker, AWS, React, Agile, CI/CD. Responsibilities: Develop and maintain web applications; Design and integrate REST APIs; Write automated tests; Participate in code reviews; Work within an Agile development team.",1,0.0,0.4407162666320801,0.72035813331604,9.077359043733328,0.432214879989624
CAND059,JOB002,Data Analyst,"Candidate identifier: CAND059. Professional profile: Information Security Analyst. Education: Master's degree in Information Technology. Professional experience: 0 years. Skills: risk assessment, security monitoring, SIEM, cloud security, firewall management, penetration testing. Experience evidence: reviewed security controls; supported incident-response activities. The candidate has worked with team members, communicated with stakeholders and completed assigned professional tasks.","Job title: Data Analyst. Sector: Data and Analytics. Minimum experience: 2 years. Education: Bachelor's degree in Data Science, Statistics or related subject. Required skills: Python, SQL, Excel, data analysis, data visualisation, statistics. Preferred skills: Power BI, Tableau, Pandas, machine learning, dashboard development. Responsibilities: Clean and analyse organisational data; Create reports and dashboards; Identify trends and patterns; Communicate findings to stakeholders; Support evidence-based decision making.",0,0.0,0.5017743110656738,0.7508871555328369,8.470865488065082,0.4505322933197021
CAND059,JOB003,Cybersecurity Analyst,"Candidate identifier: CAND059. Professional profile: Information Security Analyst. Education: Master's degree in Information Technology. Professional experience: 0 years. Skills: risk assessment, security monitoring, SIEM, cloud security, firewall management, penetration testing. Experience evidence: reviewed security controls; supported incident-response activities. The candidate has worked with team members, communicated with stakeholders and completed assigned professional tasks.","Job title: Cybersecurity Analyst. Sector: Cybersecurity. Minimum experience: 2 years. Education: Bachelor's degree in Cybersecurity, Computing or related subject. Required skills: network security, risk assessment, incident response, vulnerability assessment, SIEM, security monitoring. Preferred skills: penetration testing, Splunk, ISO 27001, NIST, Python, cloud security. Responsibilities: Monitor networks for security threats; Investigate security incidents; Conduct vulnerability assessments; Prepare risk and incident reports; Support security-policy implementation.",2,0.4666666666666667,0.7146807909011841,0.857340395450592,40.03057672649765,0.7010709039370219
CAND059,JOB004,IT Project Manager,"Candidate identifier: CAND059. Professional profile: Information Security Analyst. Education: Master's degree in Information Technology. Professional experience: 0 years. Skills: risk assessment, security monitoring, SIEM, cloud security, firewall management, penetration testing. Experience evidence: reviewed security controls; supported incident-response activities. The candidate has worked with team members, communicated with stakeholders and completed assigned professional tasks.","Job title: IT Project Manager. Sector: Information Technology. Minimum experience: 3 years. Education: Bachelor's degree in IT, Business or related subject. Required skills: project management, stakeholder management, risk management, budget management, Agile, communication. Preferred skills: Scrum, Jira, PRINCE2, leadership, resource planning. Responsibilities: Plan and manage technology projects; Coordinate multidisciplinary teams; Control project risks and budgets; Report progress to stakeholders; Ensure timely delivery of project objectives.",1,0.0,0.5016379952430725,0.7508189976215363,10.569876803213926,0.45049139857292175
CAND059,JOB005,Digital Marketing Specialist,"Candidate identifier: CAND059. Professional profile: Information Security Analyst. Education: Master's degree in Information Technology. Professional experience: 0 years. Skills: risk assessment, security monitoring, SIEM, cloud security, firewall management, penetration testing. Experience evidence: reviewed security controls; supported incident-response activities. The candidate has worked with team members, communicated with stakeholders and completed assigned professional tasks.","Job title: Digital Marketing Specialist. Sector: Marketing. Minimum experience: 2 years. Education: Bachelor's degree in Marketing, Business or related subject. Required skills: digital marketing, SEO, social media marketing, content marketing, Google Analytics, campaign management. Preferred skills: Google Ads, email marketing, Canva, copywriting, conversion optimisation. Responsibilities: Plan and deliver digital marketing campaigns; Optimise website content for search engines; Manage social media channels; Analyse campaign performance; Prepare marketing-performance reports.",0,0.0,0.43635839223861694,0.7181791961193085,5.393974024417038,0.4309075176715851
CAND060,JOB001,Software Engineer,"Candidate identifier: CAND060. Professional profile: Security Operations Analyst. Education: Master's degree in Information Technology. Professional experience: 0 years. Skills: ISO 27001, security monitoring, NIST, Splunk. Experience evidence: monitored networks for security threats; investigated security alerts; conducted vulnerability assessments; prepared security-risk reports; reviewed security controls. The candidate has worked with team members, communicated with stakeholders and completed assigned professional tasks.","Job title: Software Engineer. Sector: Technology. Minimum experience: 2 years. Education: Bachelor's degree in Computer Science or related subject. Required skills: Python, JavaScript, Git, SQL, REST APIs, software testing. Preferred skills: Docker, AWS, React, Agile, CI/CD. Responsibilities: Develop and maintain web applications; Design and integrate REST APIs; Write automated tests; Participate in code reviews; Work within an Agile development team.",1,0.0,0.45511671900749207,0.727558359503746,7.324205926324524,0.4365350157022476
CAND060,JOB002,Data Analyst,"Candidate identifier: CAND060. Professional profile: Security Operations Analyst. Education: Master's degree in Information Technology. Professional experience: 0 years. Skills: ISO 27001, security monitoring, NIST, Splunk. Experience evidence: monitored networks for security threats; investigated security alerts; conducted vulnerability assessments; prepared security-risk reports; reviewed security controls. The candidate has worked with team members, communicated with stakeholders and completed assigned professional tasks.","Job title: Data Analyst. Sector: Data and Analytics. Minimum experience: 2 years. Education: Bachelor's degree in Data Science, Statistics or related subject. Required skills: Python, SQL, Excel, data analysis, data visualisation, statistics. Preferred skills: Power BI, Tableau, Pandas, machine learning, dashboard development. Responsibilities: Clean and analyse organisational data; Create reports and dashboards; Identify trends and patterns; Communicate findings to stakeholders; Support evidence-based decision making.",0,0.0,0.4783160984516144,0.7391580492258072,8.541624898914748,0.4434948295354843
CAND060,JOB003,Cybersecurity Analyst,"Candidate identifier: CAND060. Professional profile: Security Operations Analyst. Education: Master's degree in Information Technology. Professional experience: 0 years. Skills: ISO 27001, security monitoring, NIST, Splunk. Experience evidence: monitored networks for security threats; investigated security alerts; conducted vulnerability assessments; prepared security-risk reports; reviewed security controls. The candidate has worked with team members, communicated with stakeholders and completed assigned professional tasks.","Job title: Cybersecurity Analyst. Sector: Cybersecurity. Minimum experience: 2 years. Education: Bachelor's degree in Cybersecurity, Computing or related subject. Required skills: network security, risk assessment, incident response, vulnerability assessment, SIEM, security monitoring. Preferred skills: penetration testing, Splunk, ISO 27001, NIST, Python, cloud security. Responsibilities: Monitor networks for security threats; Investigate security incidents; Conduct vulnerability assessments; Prepare risk and incident reports; Support security-policy implementation.",1,0.23333333333333334,0.7377520203590393,0.8688760101795197,43.425085402225235,0.6146589394410451
CAND060,JOB004,IT Project Manager,"Candidate identifier: CAND060. Professional profile: Security Operations Analyst. Education: Master's degree in Information Technology. Professional experience: 0 years. Skills: ISO 27001, security monitoring, NIST, Splunk. Experience evidence: monitored networks for security threats; investigated security alerts; conducted vulnerability assessments; prepared security-risk reports; reviewed security controls. The candidate has worked with team members, communicated with stakeholders and completed assigned professional tasks.","Job title: IT Project Manager. Sector: Information Technology. Minimum experience: 3 years. Education: Bachelor's degree in IT, Business or related subject. Required skills: project management, stakeholder management, risk management, budget management, Agile, communication. Preferred skills: Scrum, Jira, PRINCE2, leadership, resource planning. Responsibilities: Plan and manage technology projects; Coordinate multidisciplinary teams; Control project risks and budgets; Report progress to stakeholders; Ensure timely delivery of project objectives.",1,0.0,0.4513261318206787,0.7256630659103394,8.854219470824452,0.4353978395462036
CAND060,JOB005,Digital Marketing Specialist,"Candidate identifier: CAND060. Professional profile: Security Operations Analyst. Education: Master's degree in Information Technology. Professional experience: 0 years. Skills: ISO 27001, security monitoring, NIST, Splunk. Experience evidence: monitored networks for security threats; investigated security alerts; conducted vulnerability assessments; prepared security-risk reports; reviewed security controls. The candidate has worked with team members, communicated with stakeholders and completed assigned professional tasks.","Job title: Digital Marketing Specialist. Sector: Marketing. Minimum experience: 2 years. Education: Bachelor's degree in Marketing, Business or related subject. Required skills: digital marketing, SEO, social media marketing, content marketing, Google Analytics, campaign management. Preferred skills: Google Ads, email marketing, Canva, copywriting, conversion optimisation. Responsibilities: Plan and deliver digital marketing campaigns; Optimise website content for search engines; Manage social media channels; Analyse campaign performance; Prepare marketing-performance reports.",0,0.0,0.40241485834121704,0.7012074291706085,5.973115299008398,0.4207244575023651
CAND061,JOB001,Software Engineer,"Candidate identifier: CAND061. Professional profile: Assistant Project Manager. Education: Master's degree in Information Technology. Professional experience: 7 years. Skills: project management, resource planning, leadership, budget management, risk management, Jira, Agile, project scheduling, PRINCE2, communication. Experience evidence: planned technology projects; reported progress to stakeholders; monitored budgets and resources. The candidate has worked with team members, communicated with stakeholders and completed assigned professional tasks.","Job title: Software Engineer. Sector: Technology. Minimum experience: 2 years. Education: Bachelor's degree in Computer Science or related subject. Required skills: Python, JavaScript, Git, SQL, REST APIs, software testing. Preferred skills: Docker, AWS, React, Agile, CI/CD. Responsibilities: Develop and maintain web applications; Design and integrate REST APIs; Write automated tests; Participate in code reviews; Work within an Agile development team.",1,0.04000000000000001,0.5007277131080627,0.7503638565540314,9.951514389360817,0.4662183139324188
CAND061,JOB002,Data Analyst,"Candidate identifier: CAND061. Professional profile: Assistant Project Manager. Education: Master's degree in Information Technology. Professional experience: 7 years. Skills: project management, resource planning, leadership, budget management, risk management, Jira, Agile, project scheduling, PRINCE2, communication. Experience evidence: planned technology projects; reported progress to stakeholders; monitored budgets and resources. The candidate has worked with team members, communicated with stakeholders and completed assigned professional tasks.","Job title: Data Analyst. Sector: Data and Analytics. Minimum experience: 2 years. Education: Bachelor's degree in Data Science, Statistics or related subject. Required skills: Python, SQL, Excel, data analysis, data visualisation, statistics. Preferred skills: Power BI, Tableau, Pandas, machine learning, dashboard development. Responsibilities: Clean and analyse organisational data; Create reports and dashboards; Identify trends and patterns; Communicate findings to stakeholders; Support evidence-based decision making.",0,0.0,0.4353451728820801,0.71767258644104,10.38340150337128,0.430603551864624
CAND061,JOB003,Cybersecurity Analyst,"Candidate identifier: CAND061. Professional profile: Assistant Project Manager. Education: Master's degree in Information Technology. Professional experience: 7 years. Skills: project management, resource planning, leadership, budget management, risk management, Jira, Agile, project scheduling, PRINCE2, communication. Experience evidence: planned technology projects; reported progress to stakeholders; monitored budgets and resources. The candidate has worked with team members, communicated with stakeholders and completed assigned professional tasks.","Job title: Cybersecurity Analyst. Sector: Cybersecurity. Minimum experience: 2 years. Education: Bachelor's degree in Cybersecurity, Computing or related subject. Required skills: network security, risk assessment, incident response, vulnerability assessment, SIEM, security monitoring. Preferred skills: penetration testing, Splunk, ISO 27001, NIST, Python, cloud security. Responsibilities: Monitor networks for security threats; Investigate security incidents; Conduct vulnerability assessments; Prepare risk and incident reports; Support security-policy implementation.",1,0.0,0.46993714570999146,0.7349685728549957,6.029461186277462,0.4409811437129974
CAND061,JOB004,IT Project Manager,"Candidate identifier: CAND061. Professional profile: Assistant Project Manager. Education: Master's degree in Information Technology. Professional experience: 7 years. Skills: project management, resource planning, leadership, budget management, risk management, Jira, Agile, project scheduling, PRINCE2, communication. Experience evidence: planned technology projects; reported progress to stakeholders; monitored budgets and resources. The candidate has worked with team members, communicated with stakeholders and completed assigned professional tasks.","Job title: IT Project Manager. Sector: Information Technology. Minimum experience: 3 years. Education: Bachelor's degree in IT, Business or related subject. Required skills: project management, stakeholder management, risk management, budget management, Agile, communication. Preferred skills: Scrum, Jira, PRINCE2, leadership, resource planning. Responsibilities: Plan and manage technology projects; Coordinate multidisciplinary teams; Control project risks and budgets; Report progress to stakeholders; Ensure timely delivery of project objectives.",3,0.8266666666666668,0.6618824005126953,0.8309412002563477,44.27671890739739,0.8292313868204753
CAND061,JOB005,Digital Marketing Specialist,"Candidate identifier: CAND061. Professional profile: Assistant Project Manager. Education: Master's degree in Information Technology. Professional experience: 7 years. Skills: project management, resource planning, leadership, budget management, risk management, Jira, Agile, project scheduling, PRINCE2, communication. Experience evidence: planned technology projects; reported progress to stakeholders; monitored budgets and resources. The candidate has worked with team members, communicated with stakeholders and completed assigned professional tasks.","Job title: Digital Marketing Specialist. Sector: Marketing. Minimum experience: 2 years. Education: Bachelor's degree in Marketing, Business or related subject. Required skills: digital marketing, SEO, social media marketing, content marketing, Google Analytics, campaign management. Preferred skills: Google Ads, email marketing, Canva, copywriting, conversion optimisation. Responsibilities: Plan and deliver digital marketing campaigns; Optimise website content for search engines; Manage social media channels; Analyse campaign performance; Prepare marketing-performance reports.",0,0.0,0.4635007977485657,0.7317503988742828,5.474886191614438,0.4390502393245697
CAND062,JOB001,Software Engineer,"Candidate identifier: CAND062. Professional profile: IT Project Manager. Education: Bachelor's degree in Data Science. Professional experience: 4 years. Skills: Scrum, Jira, resource planning, budget management, leadership, Agile, stakeholder management, PRINCE2, communication, risk management, project management, project scheduling. Experience evidence: reported progress to stakeholders; maintained project-risk registers; managed project schedules; planned technology projects. The candidate has worked with team members, communicated with stakeholders and completed assigned professional tasks.","Job title: Software Engineer. Sector: Technology. Minimum experience: 2 years. Education: Bachelor's degree in Computer Science or related subject. Required skills: Python, JavaScript, Git, SQL, REST APIs, software testing. Preferred skills: Docker, AWS, React, Agile, CI/CD. Responsibilities: Develop and maintain web applications; Design and integrate REST APIs; Write automated tests; Participate in code reviews; Work within an Agile development team.",1,0.04000000000000001,0.5262470841407776,0.7631235420703888,10.597948913484952,0.47387412524223327
CAND062,JOB002,Data Analyst,"Candidate identifier: CAND062. Professional profile: IT Project Manager. Education: Bachelor's degree in Data Science. Professional experience: 4 years. Skills: Scrum, Jira, resource planning, budget management, leadership, Agile, stakeholder management, PRINCE2, communication, risk management, project management, project scheduling. Experience evidence: reported progress to stakeholders; maintained project-risk registers; managed project schedules; planned technology projects. The candidate has worked with team members, communicated with stakeholders and completed assigned professional tasks.","Job title: Data Analyst. Sector: Data and Analytics. Minimum experience: 2 years. Education: Bachelor's degree in Data Science, Statistics or related subject. Required skills: Python, SQL, Excel, data analysis, data visualisation, statistics. Preferred skills: Power BI, Tableau, Pandas, machine learning, dashboard development. Responsibilities: Clean and analyse organisational data; Create reports and dashboards; Identify trends and patterns; Communicate findings to stakeholders; Support evidence-based decision making.",1,0.0,0.5342589616775513,0.7671294808387756,14.620025170932244,0.46027768850326534
CAND062,JOB003,Cybersecurity Analyst,"Candidate identifier: CAND062. Professional profile: IT Project Manager. Education: Bachelor's degree in Data Science. Professional experience: 4 years. Skills: Scrum, Jira, resource planning, budget management, leadership, Agile, stakeholder management, PRINCE2, communication, risk management, project management, project scheduling. Experience evidence: reported progress to stakeholders; maintained project-risk registers; managed project schedules; planned technology projects. The candidate has worked with team members, communicated with stakeholders and completed assigned professional tasks.","Job title: Cybersecurity Analyst. Sector: Cybersecurity. Minimum experience: 2 years. Education: Bachelor's degree in Cybersecurity, Computing or related subject. Required skills: network security, risk assessment, incident response, vulnerability assessment, SIEM, security monitoring. Preferred skills: penetration testing, Splunk, ISO 27001, NIST, Python, cloud security. Responsibilities: Monitor networks for security threats; Investigate security incidents; Conduct vulnerability assessments; Prepare risk and incident reports; Support security-policy implementation.",0,0.0,0.5269465446472168,0.7634732723236084,6.47380972451302,0.458083963394165
CAND062,JOB004,IT Project Manager,"Candidate identifier: CAND062. Professional profile: IT Project Manager. Education: Bachelor's degree in Data Science. Professional experience: 4 years. Skills: Scrum, Jira, resource planning, budget management, leadership, Agile, stakeholder management, PRINCE2, communication, risk management, project management, project scheduling. Experience evidence: reported progress to stakeholders; maintained project-risk registers; managed project schedules; planned technology projects. The candidate has worked with team members, communicated with stakeholders and completed assigned professional tasks.","Job title: IT Project Manager. Sector: Information Technology. Minimum experience: 3 years. Education: Bachelor's degree in IT, Business or related subject. Required skills: project management, stakeholder management, risk management, budget management, Agile, communication. Preferred skills: Scrum, Jira, PRINCE2, leadership, resource planning. Responsibilities: Plan and manage technology projects; Coordinate multidisciplinary teams; Control project risks and budgets; Report progress to stakeholders; Ensure timely delivery of project objectives.",3,1.0,0.730769693851471,0.8653848469257355,50.29065331265351,0.9192309081554413
CAND062,JOB005,Digital Marketing Specialist,"Candidate identifier: CAND062. Professional profile: IT Project Manager. Education: Bachelor's degree in Data Science. Professional experience: 4 years. Skills: Scrum, Jira, resource planning, budget management, leadership, Agile, stakeholder management, PRINCE2, communication, risk management, project management, project scheduling. Experience evidence: reported progress to stakeholders; maintained project-risk registers; managed project schedules; planned technology projects. The candidate has worked with team members, communicated with stakeholders and completed assigned professional tasks.","Job title: Digital Marketing Specialist. Sector: Marketing. Minimum experience: 2 years. Education: Bachelor's degree in Marketing, Business or related subject. Required skills: digital marketing, SEO, social media marketing, content marketing, Google Analytics, campaign management. Preferred skills: Google Ads, email marketing, Canva, copywriting, conversion optimisation. Responsibilities: Plan and deliver digital marketing campaigns; Optimise website content for search engines; Manage social media channels; Analyse campaign performance; Prepare marketing-performance reports.",0,0.0,0.4676080644130707,0.7338040322065353,5.57446823632066,0.4402824193239212
CAND063,JOB001,Software Engineer,"Candidate identifier: CAND063. Professional profile: Technical Project Manager. Education: Bachelor's degree in Computing. Professional experience: 7 years. Skills: Jira, PRINCE2, project scheduling, communication, resource planning, Agile, Scrum, budget management, leadership, stakeholder management, project management. Experience evidence: managed project schedules; reported progress to stakeholders; coordinated multidisciplinary teams. The candidate has worked with team members, communicated with stakeholders and completed assigned professional tasks.","Job title: Software Engineer. Sector: Technology. Minimum experience: 2 years. Education: Bachelor's degree in Computer Science or related subject. Required skills: Python, JavaScript, Git, SQL, REST APIs, software testing. Preferred skills: Docker, AWS, React, Agile, CI/CD. Responsibilities: Develop and maintain web applications; Design and integrate REST APIs; Write automated tests; Participate in code reviews; Work within an Agile development team.",1,0.04000000000000001,0.5184280276298523,0.7592140138149261,8.901516199902883,0.4715284082889557
CAND063,JOB002,Data Analyst,"Candidate identifier: CAND063. Professional profile: Technical Project Manager. Education: Bachelor's degree in Computing. Professional experience: 7 years. Skills: Jira, PRINCE2, project scheduling, communication, resource planning, Agile, Scrum, budget management, leadership, stakeholder management, project management. Experience evidence: managed project schedules; reported progress to stakeholders; coordinated multidisciplinary teams. The candidate has worked with team members, communicated with stakeholders and completed assigned professional tasks.","Job title: Data Analyst. Sector: Data and Analytics. Minimum experience: 2 years. Education: Bachelor's degree in Data Science, Statistics or related subject. Required skills: Python, SQL, Excel, data analysis, data visualisation, statistics. Preferred skills: Power BI, Tableau, Pandas, machine learning, dashboard development. Responsibilities: Clean and analyse organisational data; Create reports and dashboards; Identify trends and patterns; Communicate findings to stakeholders; Support evidence-based decision making.",1,0.0,0.466294527053833,0.7331472635269165,10.067885046475764,0.4398883581161499
CAND063,JOB003,Cybersecurity Analyst,"Candidate identifier: CAND063. Professional profile: Technical Project Manager. Education: Bachelor's degree in Computing. Professional experience: 7 years. Skills: Jira, PRINCE2, project scheduling, communication, resource planning, Agile, Scrum, budget management, leadership, stakeholder management, project management. Experience evidence: managed project schedules; reported progress to stakeholders; coordinated multidisciplinary teams. The candidate has worked with team members, communicated with stakeholders and completed assigned professional tasks.","Job title: Cybersecurity Analyst. Sector: Cybersecurity. Minimum experience: 2 years. Education: Bachelor's degree in Cybersecurity, Computing or related subject. Required skills: network security, risk assessment, incident response, vulnerability assessment, SIEM, security monitoring. Preferred skills: penetration testing, Splunk, ISO 27001, NIST, Python, cloud security. Responsibilities: Monitor networks for security threats; Investigate security incidents; Conduct vulnerability assessments; Prepare risk and incident reports; Support security-policy implementation.",1,0.0,0.4826773405075073,0.7413386702537537,6.427665287730535,0.44480320215225216
CAND063,JOB004,IT Project Manager,"Candidate identifier: CAND063. Professional profile: Technical Project Manager. Education: Bachelor's degree in Computing. Professional experience: 7 years. Skills: Jira, PRINCE2, project scheduling, communication, resource planning, Agile, Scrum, budget management, leadership, stakeholder management, project management. Experience evidence: managed project schedules; reported progress to stakeholders; coordinated multidisciplinary teams. The candidate has worked with team members, communicated with stakeholders and completed assigned professional tasks.","Job title: IT Project Manager. Sector: Information Technology. Minimum experience: 3 years. Education: Bachelor's degree in IT, Business or related subject. Required skills: project management, stakeholder management, risk management, budget management, Agile, communication. Preferred skills: Scrum, Jira, PRINCE2, leadership, resource planning. Responsibilities: Plan and manage technology projects; Coordinate multidisciplinary teams; Control project risks and budgets; Report progress to stakeholders; Ensure timely delivery of project objectives.",3,0.8666666666666667,0.6658084392547607,0.8329042196273804,46.005279007357075,0.8464091984430948
CAND063,JOB005,Digital Marketing Specialist,"Candidate identifier: CAND063. Professional profile: Technical Project Manager. Education: Bachelor's degree in Computing. Professional experience: 7 years. Skills: Jira, PRINCE2, project scheduling, communication, resource planning, Agile, Scrum, budget management, leadership, stakeholder management, project management. Experience evidence: managed project schedules; reported progress to stakeholders; coordinated multidisciplinary teams. The candidate has worked with team members, communicated with stakeholders and completed assigned professional tasks.","Job title: Digital Marketing Specialist. Sector: Marketing. Minimum experience: 2 years. Education: Bachelor's degree in Marketing, Business or related subject. Required skills: digital marketing, SEO, social media marketing, content marketing, Google Analytics, campaign management. Preferred skills: Google Ads, email marketing, Canva, copywriting, conversion optimisation. Responsibilities: Plan and deliver digital marketing campaigns; Optimise website content for search engines; Manage social media channels; Analyse campaign performance; Prepare marketing-performance reports.",0,0.0,0.44655370712280273,0.7232768535614014,5.804038904666475,0.43396611213684083
CAND064,JOB001,Software Engineer,"Candidate identifier: CAND064. Professional profile: Project Coordinator. Education: Master's degree in Information Technology. Professional experience: 5 years. Skills: project scheduling, Scrum, resource planning, risk management, Jira, project management, stakeholder management, Agile, PRINCE2, leadership, communication, budget management. Experience evidence: planned technology projects; coordinated multidisciplinary teams; reported progress to stakeholders; maintained project-risk registers; monitored budgets and resources. The candidate has worked with team members, communicated with stakeholders and completed assigned professional tasks.","Job title: Software Engineer. Sector: Technology. Minimum experience: 2 years. Education: Bachelor's degree in Computer Science or related subject. Required skills: Python, JavaScript, Git, SQL, REST APIs, software testing. Preferred skills: Docker, AWS, React, Agile, CI/CD. Responsibilities: Develop and maintain web applications; Design and integrate REST APIs; Write automated tests; Participate in code reviews; Work within an Agile development team.",1,0.04000000000000001,0.4929191470146179,0.746459573507309,9.391630639882628,0.46387574410438537
CAND064,JOB002,Data Analyst,"Candidate identifier: CAND064. Professional profile: Project Coordinator. Education: Master's degree in Information Technology. Professional experience: 5 years. Skills: project scheduling, Scrum, resource planning, risk management, Jira, project management, stakeholder management, Agile, PRINCE2, leadership, communication, budget management. Experience evidence: planned technology projects; coordinated multidisciplinary teams; reported progress to stakeholders; maintained project-risk registers; monitored budgets and resources. The candidate has worked with team members, communicated with stakeholders and completed assigned professional tasks.","Job title: Data Analyst. Sector: Data and Analytics. Minimum experience: 2 years. Education: Bachelor's degree in Data Science, Statistics or related subject. Required skills: Python, SQL, Excel, data analysis, data visualisation, statistics. Preferred skills: Power BI, Tableau, Pandas, machine learning, dashboard development. Responsibilities: Clean and analyse organisational data; Create reports and dashboards; Identify trends and patterns; Communicate findings to stakeholders; Support evidence-based decision making.",0,0.0,0.4392097592353821,0.719604879617691,9.814084754604842,0.4317629277706146
CAND064,JOB003,Cybersecurity Analyst,"Candidate identifier: CAND064. Professional profile: Project Coordinator. Education: Master's degree in Information Technology. Professional experience: 5 years. Skills: project scheduling, Scrum, resource planning, risk management, Jira, project management, stakeholder management, Agile, PRINCE2, leadership, communication, budget management. Experience evidence: planned technology projects; coordinated multidisciplinary teams; reported progress to stakeholders; maintained project-risk registers; monitored budgets and resources. The candidate has worked with team members, communicated with stakeholders and completed assigned professional tasks.","Job title: Cybersecurity Analyst. Sector: Cybersecurity. Minimum experience: 2 years. Education: Bachelor's degree in Cybersecurity, Computing or related subject. Required skills: network security, risk assessment, incident response, vulnerability assessment, SIEM, security monitoring. Preferred skills: penetration testing, Splunk, ISO 27001, NIST, Python, cloud security. Responsibilities: Monitor networks for security threats; Investigate security incidents; Conduct vulnerability assessments; Prepare risk and incident reports; Support security-policy implementation.",1,0.0,0.487362802028656,0.743681401014328,6.0922914360920215,0.4462088406085968
CAND064,JOB004,IT Project Manager,"Candidate identifier: CAND064. Professional profile: Project Coordinator. Education: Master's degree in Information Technology. Professional experience: 5 years. Skills: project scheduling, Scrum, resource planning, risk management, Jira, project management, stakeholder management, Agile, PRINCE2, leadership, communication, budget management. Experience evidence: planned technology projects; coordinated multidisciplinary teams; reported progress to stakeholders; maintained project-risk registers; monitored budgets and resources. The candidate has worked with team members, communicated with stakeholders and completed assigned professional tasks.","Job title: IT Project Manager. Sector: Information Technology. Minimum experience: 3 years. Education: Bachelor's degree in IT, Business or related subject. Required skills: project management, stakeholder management, risk management, budget management, Agile, communication. Preferred skills: Scrum, Jira, PRINCE2, leadership, resource planning. Responsibilities: Plan and manage technology projects; Coordinate multidisciplinary teams; Control project risks and budgets; Report progress to stakeholders; Ensure timely delivery of project objectives.",3,1.0,0.6936174631118774,0.8468087315559387,48.94471628368746,0.9080852389335632
CAND064,JOB005,Digital Marketing Specialist,"Candidate identifier: CAND064. Professional profile: Project Coordinator. Education: Master's degree in Information Technology. Professional experience: 5 years. Skills: project scheduling, Scrum, resource planning, risk management, Jira, project management, stakeholder management, Agile, PRINCE2, leadership, communication, budget management. Experience evidence: planned technology projects; coordinated multidisciplinary teams; reported progress to stakeholders; maintained project-risk registers; monitored budgets and resources. The candidate has worked with team members, communicated with stakeholders and completed assigned professional tasks.","Job title: Digital Marketing Specialist. Sector: Marketing. Minimum experience: 2 years. Education: Bachelor's degree in Marketing, Business or related subject. Required skills: digital marketing, SEO, social media marketing, content marketing, Google Analytics, campaign management. Preferred skills: Google Ads, email marketing, Canva, copywriting, conversion optimisation. Responsibilities: Plan and deliver digital marketing campaigns; Optimise website content for search engines; Manage social media channels; Analyse campaign performance; Prepare marketing-performance reports.",0,0.0,0.43224412202835083,0.7161220610141754,5.2087554463652666,0.42967323660850526
CAND065,JOB001,Software Engineer,"Candidate identifier: CAND065. Professional profile: Project Coordinator. Education: Master's degree in Information Technology. Professional experience: 4 years. Skills: leadership, Scrum, stakeholder management, communication, resource planning, risk management, PRINCE2, budget management, project management, Jira, Agile, project scheduling. Experience evidence: coordinated multidisciplinary teams; planned technology projects; reported progress to stakeholders; managed project schedules. The candidate has worked with team members, communicated with stakeholders and completed assigned professional tasks.","Job title: Software Engineer. Sector: Technology. Minimum experience: 2 years. Education: Bachelor's degree in Computer Science or related subject. Required skills: Python, JavaScript, Git, SQL, REST APIs, software testing. Preferred skills: Docker, AWS, React, Agile, CI/CD. Responsibilities: Develop and maintain web applications; Design and integrate REST APIs; Write automated tests; Participate in code reviews; Work within an Agile development team.",1,0.04000000000000001,0.4822686016559601,0.74113430082798,9.245249948807672,0.460680580496788
CAND065,JOB002,Data Analyst,"Candidate identifier: CAND065. Professional profile: Project Coordinator. Education: Master's degree in Information Technology. Professional experience: 4 years. Skills: leadership, Scrum, stakeholder management, communication, resource planning, risk management, PRINCE2, budget management, project management, Jira, Agile, project scheduling. Experience evidence: coordinated multidisciplinary teams; planned technology projects; reported progress to stakeholders; managed project schedules. The candidate has worked with team members, communicated with stakeholders and completed assigned professional tasks.","Job title: Data Analyst. Sector: Data and Analytics. Minimum experience: 2 years. Education: Bachelor's degree in Data Science, Statistics or related subject. Required skills: Python, SQL, Excel, data analysis, data visualisation, statistics. Preferred skills: Power BI, Tableau, Pandas, machine learning, dashboard development. Responsibilities: Clean and analyse organisational data; Create reports and dashboards; Identify trends and patterns; Communicate findings to stakeholders; Support evidence-based decision making.",0,0.0,0.42007407546043396,0.710037037730217,9.223769945537565,0.42602222263813017
CAND065,JOB003,Cybersecurity Analyst,"Candidate identifier: CAND065. Professional profile: Project Coordinator. Education: Master's degree in Information Technology. Professional experience: 4 years. Skills: leadership, Scrum, stakeholder management, communication, resource planning, risk management, PRINCE2, budget management, project management, Jira, Agile, project scheduling. Experience evidence: coordinated multidisciplinary teams; planned technology projects; reported progress to stakeholders; managed project schedules. The candidate has worked with team members, communicated with stakeholders and completed assigned professional tasks.","Job title: Cybersecurity Analyst. Sector: Cybersecurity. Minimum experience: 2 years. Education: Bachelor's degree in Cybersecurity, Computing or related subject. Required skills: network security, risk assessment, incident response, vulnerability assessment, SIEM, security monitoring. Preferred skills: penetration testing, Splunk, ISO 27001, NIST, Python, cloud security. Responsibilities: Monitor networks for security threats; Investigate security incidents; Conduct vulnerability assessments; Prepare risk and incident reports; Support security-policy implementation.",1,0.0,0.48519912362098694,0.7425995618104935,5.64456994929786,0.4455597370862961
CAND065,JOB004,IT Project Manager,"Candidate identifier: CAND065. Professional profile: Project Coordinator. Education: Master's degree in Information Technology. Professional experience: 4 years. Skills: leadership, Scrum, stakeholder management, communication, resource planning, risk management, PRINCE2, budget management, project management, Jira, Agile, project scheduling. Experience evidence: coordinated multidisciplinary teams; planned technology projects; reported progress to stakeholders; managed project schedules. The candidate has worked with team members, communicated with stakeholders and completed assigned professional tasks.","Job title: IT Project Manager. Sector: Information Technology. Minimum experience: 3 years. Education: Bachelor's degree in IT, Business or related subject. Required skills: project management, stakeholder management, risk management, budget management, Agile, communication. Preferred skills: Scrum, Jira, PRINCE2, leadership, resource planning. Responsibilities: Plan and manage technology projects; Coordinate multidisciplinary teams; Control project risks and budgets; Report progress to stakeholders; Ensure timely delivery of project objectives.",3,1.0,0.667677104473114,0.833838552236557,47.71742089208234,0.9003031313419342
CAND065,JOB005,Digital Marketing Specialist,"Candidate identifier: CAND065. Professional profile: Project Coordinator. Education: Master's degree in Information Technology. Professional experience: 4 years. Skills: leadership, Scrum, stakeholder management, communication, resource planning, risk management, PRINCE2, budget management, project management, Jira, Agile, project scheduling. Experience evidence: coordinated multidisciplinary teams; planned technology projects; reported progress to stakeholders; managed project schedules. The candidate has worked with team members, communicated with stakeholders and completed assigned professional tasks.","Job title: Digital Marketing Specialist. Sector: Marketing. Minimum experience: 2 years. Education: Bachelor's degree in Marketing, Business or related subject. Required skills: digital marketing, SEO, social media marketing, content marketing, Google Analytics, campaign management. Preferred skills: Google Ads, email marketing, Canva, copywriting, conversion optimisation. Responsibilities: Plan and deliver digital marketing campaigns; Optimise website content for search engines; Manage social media channels; Analyse campaign performance; Prepare marketing-performance reports.",0,0.0,0.43576285243034363,0.7178814262151718,5.14798001226938,0.4307288557291031
CAND066,JOB001,Software Engineer,"Candidate identifier: CAND066. Professional profile: Assistant Project Manager. Education: Bachelor's degree in Business. Professional experience: 2 years. Skills: project management, project scheduling, communication, resource planning, Agile, risk management, Scrum, budget management. Experience evidence: coordinated multidisciplinary teams; managed project schedules; reported progress to stakeholders. The candidate has worked with team members, communicated with stakeholders and completed assigned professional tasks.","Job title: Software Engineer. Sector: Technology. Minimum experience: 2 years. Education: Bachelor's degree in Computer Science or related subject. Required skills: Python, JavaScript, Git, SQL, REST APIs, software testing. Preferred skills: Docker, AWS, React, Agile, CI/CD. Responsibilities: Develop and maintain web applications; Design and integrate REST APIs; Write automated tests; Participate in code reviews; Work within an Agile development team.",0,0.04000000000000001,0.48736846446990967,0.7436842322349548,11.503331153176196,0.4622105393409729
CAND066,JOB002,Data Analyst,"Candidate identifier: CAND066. Professional profile: Assistant Project Manager. Education: Bachelor's degree in Business. Professional experience: 2 years. Skills: project management, project scheduling, communication, resource planning, Agile, risk management, Scrum, budget management. Experience evidence: coordinated multidisciplinary teams; managed project schedules; reported progress to stakeholders. The candidate has worked with team members, communicated with stakeholders and completed assigned professional tasks.","Job title: Data Analyst. Sector: Data and Analytics. Minimum experience: 2 years. Education: Bachelor's degree in Data Science, Statistics or related subject. Required skills: Python, SQL, Excel, data analysis, data visualisation, statistics. Preferred skills: Power BI, Tableau, Pandas, machine learning, dashboard development. Responsibilities: Clean and analyse organisational data; Create reports and dashboards; Identify trends and patterns; Communicate findings to stakeholders; Support evidence-based decision making.",0,0.0,0.4092625379562378,0.7046312689781189,12.691302740208917,0.4227787613868713
CAND066,JOB003,Cybersecurity Analyst,"Candidate identifier: CAND066. Professional profile: Assistant Project Manager. Education: Bachelor's degree in Business. Professional experience: 2 years. Skills: project management, project scheduling, communication, resource planning, Agile, risk management, Scrum, budget management. Experience evidence: coordinated multidisciplinary teams; managed project schedules; reported progress to stakeholders. The candidate has worked with team members, communicated with stakeholders and completed assigned professional tasks.","Job title: Cybersecurity Analyst. Sector: Cybersecurity. Minimum experience: 2 years. Education: Bachelor's degree in Cybersecurity, Computing or related subject. Required skills: network security, risk assessment, incident response, vulnerability assessment, SIEM, security monitoring. Preferred skills: penetration testing, Splunk, ISO 27001, NIST, Python, cloud security. Responsibilities: Monitor networks for security threats; Investigate security incidents; Conduct vulnerability assessments; Prepare risk and incident reports; Support security-policy implementation.",0,0.0,0.4430157244205475,0.7215078622102737,8.908271089591013,0.43290471732616426
CAND066,JOB004,IT Project Manager,"Candidate identifier: CAND066. Professional profile: Assistant Project Manager. Education: Bachelor's degree in Business. Professional experience: 2 years. Skills: project management, project scheduling, communication, resource planning, Agile, risk management, Scrum, budget management. Experience evidence: coordinated multidisciplinary teams; managed project schedules; reported progress to stakeholders. The candidate has worked with team members, communicated with stakeholders and completed assigned professional tasks.","Job title: IT Project Manager. Sector: Information Technology. Minimum experience: 3 years. Education: Bachelor's degree in IT, Business or related subject. Required skills: project management, stakeholder management, risk management, budget management, Agile, communication. Preferred skills: Scrum, Jira, PRINCE2, leadership, resource planning. Responsibilities: Plan and manage technology projects; Coordinate multidisciplinary teams; Control project risks and budgets; Report progress to stakeholders; Ensure timely delivery of project objectives.",2,0.7466666666666668,0.6177564859390259,0.8088782429695129,41.061225213046725,0.7839936124483745
CAND066,JOB005,Digital Marketing Specialist,"Candidate identifier: CAND066. Professional profile: Assistant Project Manager. Education: Bachelor's degree in Business. Professional experience: 2 years. Skills: project management, project scheduling, communication, resource planning, Agile, risk management, Scrum, budget management. Experience evidence: coordinated multidisciplinary teams; managed project schedules; reported progress to stakeholders. The candidate has worked with team members, communicated with stakeholders and completed assigned professional tasks.","Job title: Digital Marketing Specialist. Sector: Marketing. Minimum experience: 2 years. Education: Bachelor's degree in Marketing, Business or related subject. Required skills: digital marketing, SEO, social media marketing, content marketing, Google Analytics, campaign management. Preferred skills: Google Ads, email marketing, Canva, copywriting, conversion optimisation. Responsibilities: Plan and deliver digital marketing campaigns; Optimise website content for search engines; Manage social media channels; Analyse campaign performance; Prepare marketing-performance reports.",1,0.0,0.45185232162475586,0.7259261608123779,10.303399424945034,0.43555569648742676
CAND067,JOB001,Software Engineer,"Candidate identifier: CAND067. Professional profile: Technical Project Manager. Education: Bachelor's degree in Data Science. Professional experience: 2 years. Skills: leadership, Scrum, project scheduling, budget management, Jira, Agile. Experience evidence: coordinated multidisciplinary teams; reported progress to stakeholders; maintained project-risk registers. The candidate has worked with team members, communicated with stakeholders and completed assigned professional tasks.","Job title: Software Engineer. Sector: Technology. Minimum experience: 2 years. Education: Bachelor's degree in Computer Science or related subject. Required skills: Python, JavaScript, Git, SQL, REST APIs, software testing. Preferred skills: Docker, AWS, React, Agile, CI/CD. Responsibilities: Develop and maintain web applications; Design and integrate REST APIs; Write automated tests; Participate in code reviews; Work within an Agile development team.",1,0.04000000000000001,0.5277043581008911,0.7638521790504456,13.239300825369439,0.47431130743026734
CAND067,JOB002,Data Analyst,"Candidate identifier: CAND067. Professional profile: Technical Project Manager. Education: Bachelor's degree in Data Science. Professional experience: 2 years. Skills: leadership, Scrum, project scheduling, budget management, Jira, Agile. Experience evidence: coordinated multidisciplinary teams; reported progress to stakeholders; maintained project-risk registers. The candidate has worked with team members, communicated with stakeholders and completed assigned professional tasks.","Job title: Data Analyst. Sector: Data and Analytics. Minimum experience: 2 years. Education: Bachelor's degree in Data Science, Statistics or related subject. Required skills: Python, SQL, Excel, data analysis, data visualisation, statistics. Preferred skills: Power BI, Tableau, Pandas, machine learning, dashboard development. Responsibilities: Clean and analyse organisational data; Create reports and dashboards; Identify trends and patterns; Communicate findings to stakeholders; Support evidence-based decision making.",1,0.0,0.5085031986236572,0.7542515993118286,18.5083614450614,0.4525509595870971
CAND067,JOB003,Cybersecurity Analyst,"Candidate identifier: CAND067. Professional profile: Technical Project Manager. Education: Bachelor's degree in Data Science. Professional experience: 2 years. Skills: leadership, Scrum, project scheduling, budget management, Jira, Agile. Experience evidence: coordinated multidisciplinary teams; reported progress to stakeholders; maintained project-risk registers. The candidate has worked with team members, communicated with stakeholders and completed assigned professional tasks.","Job title: Cybersecurity Analyst. Sector: Cybersecurity. Minimum experience: 2 years. Education: Bachelor's degree in Cybersecurity, Computing or related subject. Required skills: network security, risk assessment, incident response, vulnerability assessment, SIEM, security monitoring. Preferred skills: penetration testing, Splunk, ISO 27001, NIST, Python, cloud security. Responsibilities: Monitor networks for security threats; Investigate security incidents; Conduct vulnerability assessments; Prepare risk and incident reports; Support security-policy implementation.",0,0.0,0.4872288703918457,0.7436144351959229,9.109826343331052,0.4461686611175537
CAND067,JOB004,IT Project Manager,"Candidate identifier: CAND067. Professional profile: Technical Project Manager. Education: Bachelor's degree in Data Science. Professional experience: 2 years. Skills: leadership, Scrum, project scheduling, budget management, Jira, Agile. Experience evidence: coordinated multidisciplinary teams; reported progress to stakeholders; maintained project-risk registers. The candidate has worked with team members, communicated with stakeholders and completed assigned professional tasks.","Job title: IT Project Manager. Sector: Information Technology. Minimum experience: 3 years. Education: Bachelor's degree in IT, Business or related subject. Required skills: project management, stakeholder management, risk management, budget management, Agile, communication. Preferred skills: Scrum, Jira, PRINCE2, leadership, resource planning. Responsibilities: Plan and manage technology projects; Coordinate multidisciplinary teams; Control project risks and budgets; Report progress to stakeholders; Ensure timely delivery of project objectives.",2,0.38666666666666666,0.6383118629455566,0.8191559314727783,36.87694405318811,0.6461602255503336
CAND067,JOB005,Digital Marketing Specialist,"Candidate identifier: CAND067. Professional profile: Technical Project Manager. Education: Bachelor's degree in Data Science. Professional experience: 2 years. Skills: leadership, Scrum, project scheduling, budget management, Jira, Agile. Experience evidence: coordinated multidisciplinary teams; reported progress to stakeholders; maintained project-risk registers. The candidate has worked with team members, communicated with stakeholders and completed assigned professional tasks.","Job title: Digital Marketing Specialist. Sector: Marketing. Minimum experience: 2 years. Education: Bachelor's degree in Marketing, Business or related subject. Required skills: digital marketing, SEO, social media marketing, content marketing, Google Analytics, campaign management. Preferred skills: Google Ads, email marketing, Canva, copywriting, conversion optimisation. Responsibilities: Plan and deliver digital marketing campaigns; Optimise website content for search engines; Manage social media channels; Analyse campaign performance; Prepare marketing-performance reports.",0,0.0,0.46904733777046204,0.734523668885231,8.357084319728934,0.4407142013311386
CAND068,JOB001,Software Engineer,"Candidate identifier: CAND068. Professional profile: Technical Project Manager. Education: Master's degree in Information Technology. Professional experience: 0 years. Skills: Agile, resource planning, PRINCE2, risk management, stakeholder management, budget management, leadership, project scheduling, communication. Experience evidence: monitored budgets and resources; maintained project-risk registers; reported progress to stakeholders; coordinated multidisciplinary teams; planned technology projects. The candidate has worked with team members, communicated with stakeholders and completed assigned professional tasks.","Job title: Software Engineer. Sector: Technology. Minimum experience: 2 years. Education: Bachelor's degree in Computer Science or related subject. Required skills: Python, JavaScript, Git, SQL, REST APIs, software testing. Preferred skills: Docker, AWS, React, Agile, CI/CD. Responsibilities: Develop and maintain web applications; Design and integrate REST APIs; Write automated tests; Participate in code reviews; Work within an Agile development team.",1,0.04000000000000001,0.47988396883010864,0.7399419844150543,9.570979627587594,0.4599651906490326
CAND068,JOB002,Data Analyst,"Candidate identifier: CAND068. Professional profile: Technical Project Manager. Education: Master's degree in Information Technology. Professional experience: 0 years. Skills: Agile, resource planning, PRINCE2, risk management, stakeholder management, budget management, leadership, project scheduling, communication. Experience evidence: monitored budgets and resources; maintained project-risk registers; reported progress to stakeholders; coordinated multidisciplinary teams; planned technology projects. The candidate has worked with team members, communicated with stakeholders and completed assigned professional tasks.","Job title: Data Analyst. Sector: Data and Analytics. Minimum experience: 2 years. Education: Bachelor's degree in Data Science, Statistics or related subject. Required skills: Python, SQL, Excel, data analysis, data visualisation, statistics. Preferred skills: Power BI, Tableau, Pandas, machine learning, dashboard development. Responsibilities: Clean and analyse organisational data; Create reports and dashboards; Identify trends and patterns; Communicate findings to stakeholders; Support evidence-based decision making.",0,0.0,0.4168586730957031,0.7084293365478516,9.996626278127948,0.42505760192871095
CAND068,JOB003,Cybersecurity Analyst,"Candidate identifier: CAND068. Professional profile: Technical Project Manager. Education: Master's degree in Information Technology. Professional experience: 0 years. Skills: Agile, resource planning, PRINCE2, risk management, stakeholder management, budget management, leadership, project scheduling, communication. Experience evidence: monitored budgets and resources; maintained project-risk registers; reported progress to stakeholders; coordinated multidisciplinary teams; planned technology projects. The candidate has worked with team members, communicated with stakeholders and completed assigned professional tasks.","Job title: Cybersecurity Analyst. Sector: Cybersecurity. Minimum experience: 2 years. Education: Bachelor's degree in Cybersecurity, Computing or related subject. Required skills: network security, risk assessment, incident response, vulnerability assessment, SIEM, security monitoring. Preferred skills: penetration testing, Splunk, ISO 27001, NIST, Python, cloud security. Responsibilities: Monitor networks for security threats; Investigate security incidents; Conduct vulnerability assessments; Prepare risk and incident reports; Support security-policy implementation.",1,0.0,0.4609353244304657,0.7304676622152328,6.205134264112707,0.4382805973291397
CAND068,JOB004,IT Project Manager,"Candidate identifier: CAND068. Professional profile: Technical Project Manager. Education: Master's degree in Information Technology. Professional experience: 0 years. Skills: Agile, resource planning, PRINCE2, risk management, stakeholder management, budget management, leadership, project scheduling, communication. Experience evidence: monitored budgets and resources; maintained project-risk registers; reported progress to stakeholders; coordinated multidisciplinary teams; planned technology projects. The candidate has worked with team members, communicated with stakeholders and completed assigned professional tasks.","Job title: IT Project Manager. Sector: Information Technology. Minimum experience: 3 years. Education: Bachelor's degree in IT, Business or related subject. Required skills: project management, stakeholder management, risk management, budget management, Agile, communication. Preferred skills: Scrum, Jira, PRINCE2, leadership, resource planning. Responsibilities: Plan and manage technology projects; Coordinate multidisciplinary teams; Control project risks and budgets; Report progress to stakeholders; Ensure timely delivery of project objectives.",2,0.7866666666666667,0.6377341747283936,0.8188670873641968,46.51250070672178,0.8059869190851847
CAND068,JOB005,Digital Marketing Specialist,"Candidate identifier: CAND068. Professional profile: Technical Project Manager. Education: Master's degree in Information Technology. Professional experience: 0 years. Skills: Agile, resource planning, PRINCE2, risk management, stakeholder management, budget management, leadership, project scheduling, communication. Experience evidence: monitored budgets and resources; maintained project-risk registers; reported progress to stakeholders; coordinated multidisciplinary teams; planned technology projects. The candidate has worked with team members, communicated with stakeholders and completed assigned professional tasks.","Job title: Digital Marketing Specialist. Sector: Marketing. Minimum experience: 2 years. Education: Bachelor's degree in Marketing, Business or related subject. Required skills: digital marketing, SEO, social media marketing, content marketing, Google Analytics, campaign management. Preferred skills: Google Ads, email marketing, Canva, copywriting, conversion optimisation. Responsibilities: Plan and deliver digital marketing campaigns; Optimise website content for search engines; Manage social media channels; Analyse campaign performance; Prepare marketing-performance reports.",0,0.0,0.43669000267982483,0.7183450013399124,5.268154609313017,0.43100700080394744
CAND069,JOB001,Software Engineer,"Candidate identifier: CAND069. Professional profile: IT Project Manager. Education: Bachelor's degree in Business. Professional experience: 1 years. Skills: Scrum, leadership, communication, Agile, PRINCE2, project management, resource planning. Experience evidence: maintained project-risk registers; planned technology projects; managed project schedules; monitored budgets and resources; coordinated multidisciplinary teams. The candidate has worked with team members, communicated with stakeholders and completed assigned professional tasks.","Job title: Software Engineer. Sector: Technology. Minimum experience: 2 years. Education: Bachelor's degree in Computer Science or related subject. Required skills: Python, JavaScript, Git, SQL, REST APIs, software testing. Preferred skills: Docker, AWS, React, Agile, CI/CD. Responsibilities: Develop and maintain web applications; Design and integrate REST APIs; Write automated tests; Participate in code reviews; Work within an Agile development team.",0,0.04000000000000001,0.48600631952285767,0.7430031597614288,10.177589329138291,0.4618018958568573
CAND069,JOB002,Data Analyst,"Candidate identifier: CAND069. Professional profile: IT Project Manager. Education: Bachelor's degree in Business. Professional experience: 1 years. Skills: Scrum, leadership, communication, Agile, PRINCE2, project management, resource planning. Experience evidence: maintained project-risk registers; planned technology projects; managed project schedules; monitored budgets and resources; coordinated multidisciplinary teams. The candidate has worked with team members, communicated with stakeholders and completed assigned professional tasks.","Job title: Data Analyst. Sector: Data and Analytics. Minimum experience: 2 years. Education: Bachelor's degree in Data Science, Statistics or related subject. Required skills: Python, SQL, Excel, data analysis, data visualisation, statistics. Preferred skills: Power BI, Tableau, Pandas, machine learning, dashboard development. Responsibilities: Clean and analyse organisational data; Create reports and dashboards; Identify trends and patterns; Communicate findings to stakeholders; Support evidence-based decision making.",0,0.0,0.44475987553596497,0.7223799377679825,8.902880725143149,0.4334279626607895
CAND069,JOB003,Cybersecurity Analyst,"Candidate identifier: CAND069. Professional profile: IT Project Manager. Education: Bachelor's degree in Business. Professional experience: 1 years. Skills: Scrum, leadership, communication, Agile, PRINCE2, project management, resource planning. Experience evidence: maintained project-risk registers; planned technology projects; managed project schedules; monitored budgets and resources; coordinated multidisciplinary teams. The candidate has worked with team members, communicated with stakeholders and completed assigned professional tasks.","Job title: Cybersecurity Analyst. Sector: Cybersecurity. Minimum experience: 2 years. Education: Bachelor's degree in Cybersecurity, Computing or related subject. Required skills: network security, risk assessment, incident response, vulnerability assessment, SIEM, security monitoring. Preferred skills: penetration testing, Splunk, ISO 27001, NIST, Python, cloud security. Responsibilities: Monitor networks for security threats; Investigate security incidents; Conduct vulnerability assessments; Prepare risk and incident reports; Support security-policy implementation.",0,0.0,0.49150460958480835,0.7457523047924042,6.589340360774721,0.4474513828754425
CAND069,JOB004,IT Project Manager,"Candidate identifier: CAND069. Professional profile: IT Project Manager. Education: Bachelor's degree in Business. Professional experience: 1 years. Skills: Scrum, leadership, communication, Agile, PRINCE2, project management, resource planning. Experience evidence: maintained project-risk registers; planned technology projects; managed project schedules; monitored budgets and resources; coordinated multidisciplinary teams. The candidate has worked with team members, communicated with stakeholders and completed assigned professional tasks.","Job title: IT Project Manager. Sector: Information Technology. Minimum experience: 3 years. Education: Bachelor's degree in IT, Business or related subject. Required skills: project management, stakeholder management, risk management, budget management, Agile, communication. Preferred skills: Scrum, Jira, PRINCE2, leadership, resource planning. Responsibilities: Plan and manage technology projects; Coordinate multidisciplinary teams; Control project risks and budgets; Report progress to stakeholders; Ensure timely delivery of project objectives.",2,0.56,0.7143663167953491,0.8571831583976746,49.61869953606748,0.7383098950386047
CAND069,JOB005,Digital Marketing Specialist,"Candidate identifier: CAND069. Professional profile: IT Project Manager. Education: Bachelor's degree in Business. Professional experience: 1 years. Skills: Scrum, leadership, communication, Agile, PRINCE2, project management, resource planning. Experience evidence: maintained project-risk registers; planned technology projects; managed project schedules; monitored budgets and resources; coordinated multidisciplinary teams. The candidate has worked with team members, communicated with stakeholders and completed assigned professional tasks.","Job title: Digital Marketing Specialist. Sector: Marketing. Minimum experience: 2 years. Education: Bachelor's degree in Marketing, Business or related subject. Required skills: digital marketing, SEO, social media marketing, content marketing, Google Analytics, campaign management. Preferred skills: Google Ads, email marketing, Canva, copywriting, conversion optimisation. Responsibilities: Plan and deliver digital marketing campaigns; Optimise website content for search engines; Manage social media channels; Analyse campaign performance; Prepare marketing-performance reports.",1,0.0,0.46156561374664307,0.7307828068733215,7.798031312716777,0.4384696841239929
CAND070,JOB001,Software Engineer,"Candidate identifier: CAND070. Professional profile: Project Coordinator. Education: Professional diploma with relevant training. Professional experience: 5 years. Skills: resource planning, budget management, leadership, Agile, risk management, communication, project management. Experience evidence: maintained project-risk registers; reported progress to stakeholders. The candidate has worked with team members, communicated with stakeholders and completed assigned professional tasks.","Job title: Software Engineer. Sector: Technology. Minimum experience: 2 years. Education: Bachelor's degree in Computer Science or related subject. Required skills: Python, JavaScript, Git, SQL, REST APIs, software testing. Preferred skills: Docker, AWS, React, Agile, CI/CD. Responsibilities: Develop and maintain web applications; Design and integrate REST APIs; Write automated tests; Participate in code reviews; Work within an Agile development team.",0,0.04000000000000001,0.4143289625644684,0.7071644812822342,6.692156044117085,0.44029868876934053
CAND070,JOB002,Data Analyst,"Candidate identifier: CAND070. Professional profile: Project Coordinator. Education: Professional diploma with relevant training. Professional experience: 5 years. Skills: resource planning, budget management, leadership, Agile, risk management, communication, project management. Experience evidence: maintained project-risk registers; reported progress to stakeholders. The candidate has worked with team members, communicated with stakeholders and completed assigned professional tasks.","Job title: Data Analyst. Sector: Data and Analytics. Minimum experience: 2 years. Education: Bachelor's degree in Data Science, Statistics or related subject. Required skills: Python, SQL, Excel, data analysis, data visualisation, statistics. Preferred skills: Power BI, Tableau, Pandas, machine learning, dashboard development. Responsibilities: Clean and analyse organisational data; Create reports and dashboards; Identify trends and patterns; Communicate findings to stakeholders; Support evidence-based decision making.",0,0.0,0.3521188497543335,0.6760594248771667,8.469009005236362,0.40563565492630005
CAND070,JOB003,Cybersecurity Analyst,"Candidate identifier: CAND070. Professional profile: Project Coordinator. Education: Professional diploma with relevant training. Professional experience: 5 years. Skills: resource planning, budget management, leadership, Agile, risk management, communication, project management. Experience evidence: maintained project-risk registers; reported progress to stakeholders. The candidate has worked with team members, communicated with stakeholders and completed assigned professional tasks.","Job title: Cybersecurity Analyst. Sector: Cybersecurity. Minimum experience: 2 years. Education: Bachelor's degree in Cybersecurity, Computing or related subject. Required skills: network security, risk assessment, incident response, vulnerability assessment, SIEM, security monitoring. Preferred skills: penetration testing, Splunk, ISO 27001, NIST, Python, cloud security. Responsibilities: Monitor networks for security threats; Investigate security incidents; Conduct vulnerability assessments; Prepare risk and incident reports; Support security-policy implementation.",0,0.0,0.4241306483745575,0.7120653241872787,4.961768734300452,0.42723919451236725
CAND070,JOB004,IT Project Manager,"Candidate identifier: CAND070. Professional profile: Project Coordinator. Education: Professional diploma with relevant training. Professional experience: 5 years. Skills: resource planning, budget management, leadership, Agile, risk management, communication, project management. Experience evidence: maintained project-risk registers; reported progress to stakeholders. The candidate has worked with team members, communicated with stakeholders and completed assigned professional tasks.","Job title: IT Project Manager. Sector: Information Technology. Minimum experience: 3 years. Education: Bachelor's degree in IT, Business or related subject. Required skills: project management, stakeholder management, risk management, budget management, Agile, communication. Preferred skills: Scrum, Jira, PRINCE2, leadership, resource planning. Responsibilities: Plan and manage technology projects; Coordinate multidisciplinary teams; Control project risks and budgets; Report progress to stakeholders; Ensure timely delivery of project objectives.",3,0.7466666666666668,0.5435913801193237,0.7717956900596619,31.11632246474743,0.7617440807024638
CAND070,JOB005,Digital Marketing Specialist,"Candidate identifier: CAND070. Professional profile: Project Coordinator. Education: Professional diploma with relevant training. Professional experience: 5 years. Skills: resource planning, budget management, leadership, Agile, risk management, communication, project management. Experience evidence: maintained project-risk registers; reported progress to stakeholders. The candidate has worked with team members, communicated with stakeholders and completed assigned professional tasks.","Job title: Digital Marketing Specialist. Sector: Marketing. Minimum experience: 2 years. Education: Bachelor's degree in Marketing, Business or related subject. Required skills: digital marketing, SEO, social media marketing, content marketing, Google Analytics, campaign management. Preferred skills: Google Ads, email marketing, Canva, copywriting, conversion optimisation. Responsibilities: Plan and deliver digital marketing campaigns; Optimise website content for search engines; Manage social media channels; Analyse campaign performance; Prepare marketing-performance reports.",0,0.0,0.3903810381889343,0.6951905190944672,3.9397191510301663,0.41711431145668026
CAND071,JOB001,Software Engineer,"Candidate identifier: CAND071. Professional profile: IT Project Manager. Education: Master's degree in Information Technology. Professional experience: 5 years. Skills: stakeholder management, Agile, communication, Scrum, risk management, project scheduling, PRINCE2. Experience evidence: managed project schedules; monitored budgets and resources; maintained project-risk registers; planned technology projects. The candidate has worked with team members, communicated with stakeholders and completed assigned professional tasks.","Job title: Software Engineer. Sector: Technology. Minimum experience: 2 years. Education: Bachelor's degree in Computer Science or related subject. Required skills: Python, JavaScript, Git, SQL, REST APIs, software testing. Preferred skills: Docker, AWS, React, Agile, CI/CD. Responsibilities: Develop and maintain web applications; Design and integrate REST APIs; Write automated tests; Participate in code reviews; Work within an Agile development team.",1,0.04000000000000001,0.5143808126449585,0.7571904063224792,10.085326821177086,0.4703142437934875
CAND071,JOB002,Data Analyst,"Candidate identifier: CAND071. Professional profile: IT Project Manager. Education: Master's degree in Information Technology. Professional experience: 5 years. Skills: stakeholder management, Agile, communication, Scrum, risk management, project scheduling, PRINCE2. Experience evidence: managed project schedules; monitored budgets and resources; maintained project-risk registers; planned technology projects. The candidate has worked with team members, communicated with stakeholders and completed assigned professional tasks.","Job title: Data Analyst. Sector: Data and Analytics. Minimum experience: 2 years. Education: Bachelor's degree in Data Science, Statistics or related subject. Required skills: Python, SQL, Excel, data analysis, data visualisation, statistics. Preferred skills: Power BI, Tableau, Pandas, machine learning, dashboard development. Responsibilities: Clean and analyse organisational data; Create reports and dashboards; Identify trends and patterns; Communicate findings to stakeholders; Support evidence-based decision making.",0,0.0,0.45597532391548157,0.7279876619577408,8.439030139558215,0.43679259717464447
CAND071,JOB003,Cybersecurity Analyst,"Candidate identifier: CAND071. Professional profile: IT Project Manager. Education: Master's degree in Information Technology. Professional experience: 5 years. Skills: stakeholder management, Agile, communication, Scrum, risk management, project scheduling, PRINCE2. Experience evidence: managed project schedules; monitored budgets and resources; maintained project-risk registers; planned technology projects. The candidate has worked with team members, communicated with stakeholders and completed assigned professional tasks.","Job title: Cybersecurity Analyst. Sector: Cybersecurity. Minimum experience: 2 years. Education: Bachelor's degree in Cybersecurity, Computing or related subject. Required skills: network security, risk assessment, incident response, vulnerability assessment, SIEM, security monitoring. Preferred skills: penetration testing, Splunk, ISO 27001, NIST, Python, cloud security. Responsibilities: Monitor networks for security threats; Investigate security incidents; Conduct vulnerability assessments; Prepare risk and incident reports; Support security-policy implementation.",1,0.0,0.5210233926773071,0.7605116963386536,6.528111345465821,0.4563070178031921
CAND071,JOB004,IT Project Manager,"Candidate identifier: CAND071. Professional profile: IT Project Manager. Education: Master's degree in Information Technology. Professional experience: 5 years. Skills: stakeholder management, Agile, communication, Scrum, risk management, project scheduling, PRINCE2. Experience evidence: managed project schedules; monitored budgets and resources; maintained project-risk registers; planned technology projects. The candidate has worked with team members, communicated with stakeholders and completed assigned professional tasks.","Job title: IT Project Manager. Sector: Information Technology. Minimum experience: 3 years. Education: Bachelor's degree in IT, Business or related subject. Required skills: project management, stakeholder management, risk management, budget management, Agile, communication. Preferred skills: Scrum, Jira, PRINCE2, leadership, resource planning. Responsibilities: Plan and manage technology projects; Coordinate multidisciplinary teams; Control project risks and budgets; Report progress to stakeholders; Ensure timely delivery of project objectives.",3,0.6133333333333333,0.7225192189216614,0.8612596094608307,41.95269591620306,0.7620890990098317
CAND071,JOB005,Digital Marketing Specialist,"Candidate identifier: CAND071. Professional profile: IT Project Manager. Education: Master's degree in Information Technology. Professional experience: 5 years. Skills: stakeholder management, Agile, communication, Scrum, risk management, project scheduling, PRINCE2. Experience evidence: managed project schedules; monitored budgets and resources; maintained project-risk registers; planned technology projects. The candidate has worked with team members, communicated with stakeholders and completed assigned professional tasks.","Job title: Digital Marketing Specialist. Sector: Marketing. Minimum experience: 2 years. Education: Bachelor's degree in Marketing, Business or related subject. Required skills: digital marketing, SEO, social media marketing, content marketing, Google Analytics, campaign management. Preferred skills: Google Ads, email marketing, Canva, copywriting, conversion optimisation. Responsibilities: Plan and deliver digital marketing campaigns; Optimise website content for search engines; Manage social media channels; Analyse campaign performance; Prepare marketing-performance reports.",0,0.0,0.46542245149612427,0.7327112257480621,5.490546810842668,0.4396267354488373
CAND072,JOB001,Software Engineer,"Candidate identifier: CAND072. Professional profile: Project Coordinator. Education: Master's degree in Information Technology. Professional experience: 4 years. Skills: stakeholder management, Jira, project scheduling, risk management, budget management, Scrum, communication, resource planning. Experience evidence: planned technology projects; reported progress to stakeholders; monitored budgets and resources; coordinated multidisciplinary teams. The candidate has worked with team members, communicated with stakeholders and completed assigned professional tasks.","Job title: Software Engineer. Sector: Technology. Minimum experience: 2 years. Education: Bachelor's degree in Computer Science or related subject. Required skills: Python, JavaScript, Git, SQL, REST APIs, software testing. Preferred skills: Docker, AWS, React, Agile, CI/CD. Responsibilities: Develop and maintain web applications; Design and integrate REST APIs; Write automated tests; Participate in code reviews; Work within an Agile development team.",1,0.0,0.5135014057159424,0.7567507028579712,8.028877825192996,0.4540504217147827
CAND072,JOB002,Data Analyst,"Candidate identifier: CAND072. Professional profile: Project Coordinator. Education: Master's degree in Information Technology. Professional experience: 4 years. Skills: stakeholder management, Jira, project scheduling, risk management, budget management, Scrum, communication, resource planning. Experience evidence: planned technology projects; reported progress to stakeholders; monitored budgets and resources; coordinated multidisciplinary teams. The candidate has worked with team members, communicated with stakeholders and completed assigned professional tasks.","Job title: Data Analyst. Sector: Data and Analytics. Minimum experience: 2 years. Education: Bachelor's degree in Data Science, Statistics or related subject. Required skills: Python, SQL, Excel, data analysis, data visualisation, statistics. Preferred skills: Power BI, Tableau, Pandas, machine learning, dashboard development. Responsibilities: Clean and analyse organisational data; Create reports and dashboards; Identify trends and patterns; Communicate findings to stakeholders; Support evidence-based decision making.",0,0.0,0.46174120903015137,0.7308706045150757,10.38340150337128,0.4385223627090454
CAND072,JOB003,Cybersecurity Analyst,"Candidate identifier: CAND072. Professional profile: Project Coordinator. Education: Master's degree in Information Technology. Professional experience: 4 years. Skills: stakeholder management, Jira, project scheduling, risk management, budget management, Scrum, communication, resource planning. Experience evidence: planned technology projects; reported progress to stakeholders; monitored budgets and resources; coordinated multidisciplinary teams. The candidate has worked with team members, communicated with stakeholders and completed assigned professional tasks.","Job title: Cybersecurity Analyst. Sector: Cybersecurity. Minimum experience: 2 years. Education: Bachelor's degree in Cybersecurity, Computing or related subject. Required skills: network security, risk assessment, incident response, vulnerability assessment, SIEM, security monitoring. Preferred skills: penetration testing, Splunk, ISO 27001, NIST, Python, cloud security. Responsibilities: Monitor networks for security threats; Investigate security incidents; Conduct vulnerability assessments; Prepare risk and incident reports; Support security-policy implementation.",1,0.0,0.5102565288543701,0.7551282644271851,6.029461186277462,0.45307695865631104
CAND072,JOB004,IT Project Manager,"Candidate identifier: CAND072. Professional profile: Project Coordinator. Education: Master's degree in Information Technology. Professional experience: 4 years. Skills: stakeholder management, Jira, project scheduling, risk management, budget management, Scrum, communication, resource planning. Experience evidence: planned technology projects; reported progress to stakeholders; monitored budgets and resources; coordinated multidisciplinary teams. The candidate has worked with team members, communicated with stakeholders and completed assigned professional tasks.","Job title: IT Project Manager. Sector: Information Technology. Minimum experience: 3 years. Education: Bachelor's degree in IT, Business or related subject. Required skills: project management, stakeholder management, risk management, budget management, Agile, communication. Preferred skills: Scrum, Jira, PRINCE2, leadership, resource planning. Responsibilities: Plan and manage technology projects; Coordinate multidisciplinary teams; Control project risks and budgets; Report progress to stakeholders; Ensure timely delivery of project objectives.",3,0.6533333333333333,0.7038378715515137,0.8519189357757568,44.36578760998216,0.7724846947987873
CAND072,JOB005,Digital Marketing Specialist,"Candidate identifier: CAND072. Professional profile: Project Coordinator. Education: Master's degree in Information Technology. Professional experience: 4 years. Skills: stakeholder management, Jira, project scheduling, risk management, budget management, Scrum, communication, resource planning. Experience evidence: planned technology projects; reported progress to stakeholders; monitored budgets and resources; coordinated multidisciplinary teams. The candidate has worked with team members, communicated with stakeholders and completed assigned professional tasks.","Job title: Digital Marketing Specialist. Sector: Marketing. Minimum experience: 2 years. Education: Bachelor's degree in Marketing, Business or related subject. Required skills: digital marketing, SEO, social media marketing, content marketing, Google Analytics, campaign management. Preferred skills: Google Ads, email marketing, Canva, copywriting, conversion optimisation. Responsibilities: Plan and deliver digital marketing campaigns; Optimise website content for search engines; Manage social media channels; Analyse campaign performance; Prepare marketing-performance reports.",0,0.0,0.45754683017730713,0.7287734150886536,5.474886191614438,0.4372640490531921
CAND073,JOB001,Software Engineer,"Candidate identifier: CAND073. Professional profile: Project Coordinator. Education: Master's degree in Information Technology. Professional experience: 5 years. Skills: leadership, Scrum, communication, stakeholder management, budget management. Experience evidence: planned technology projects; managed project schedules; maintained project-risk registers; reported progress to stakeholders; monitored budgets and resources. The candidate has worked with team members, communicated with stakeholders and completed assigned professional tasks.","Job title: Software Engineer. Sector: Technology. Minimum experience: 2 years. Education: Bachelor's degree in Computer Science or related subject. Required skills: Python, JavaScript, Git, SQL, REST APIs, software testing. Preferred skills: Docker, AWS, React, Agile, CI/CD. Responsibilities: Develop and maintain web applications; Design and integrate REST APIs; Write automated tests; Participate in code reviews; Work within an Agile development team.",1,0.0,0.5066254138946533,0.7533127069473267,8.134060185238535,0.451987624168396
CAND073,JOB002,Data Analyst,"Candidate identifier: CAND073. Professional profile: Project Coordinator. Education: Master's degree in Information Technology. Professional experience: 5 years. Skills: leadership, Scrum, communication, stakeholder management, budget management. Experience evidence: planned technology projects; managed project schedules; maintained project-risk registers; reported progress to stakeholders; monitored budgets and resources. The candidate has worked with team members, communicated with stakeholders and completed assigned professional tasks.","Job title: Data Analyst. Sector: Data and Analytics. Minimum experience: 2 years. Education: Bachelor's degree in Data Science, Statistics or related subject. Required skills: Python, SQL, Excel, data analysis, data visualisation, statistics. Preferred skills: Power BI, Tableau, Pandas, machine learning, dashboard development. Responsibilities: Clean and analyse organisational data; Create reports and dashboards; Identify trends and patterns; Communicate findings to stakeholders; Support evidence-based decision making.",0,0.0,0.43907245993614197,0.719536229968071,10.519237751733382,0.43172173798084257
CAND073,JOB003,Cybersecurity Analyst,"Candidate identifier: CAND073. Professional profile: Project Coordinator. Education: Master's degree in Information Technology. Professional experience: 5 years. Skills: leadership, Scrum, communication, stakeholder management, budget management. Experience evidence: planned technology projects; managed project schedules; maintained project-risk registers; reported progress to stakeholders; monitored budgets and resources. The candidate has worked with team members, communicated with stakeholders and completed assigned professional tasks.","Job title: Cybersecurity Analyst. Sector: Cybersecurity. Minimum experience: 2 years. Education: Bachelor's degree in Cybersecurity, Computing or related subject. Required skills: network security, risk assessment, incident response, vulnerability assessment, SIEM, security monitoring. Preferred skills: penetration testing, Splunk, ISO 27001, NIST, Python, cloud security. Responsibilities: Monitor networks for security threats; Investigate security incidents; Conduct vulnerability assessments; Prepare risk and incident reports; Support security-policy implementation.",1,0.0,0.48400944471359253,0.7420047223567963,6.112985019479379,0.44520283341407774
CAND073,JOB004,IT Project Manager,"Candidate identifier: CAND073. Professional profile: Project Coordinator. Education: Master's degree in Information Technology. Professional experience: 5 years. Skills: leadership, Scrum, communication, stakeholder management, budget management. Experience evidence: planned technology projects; managed project schedules; maintained project-risk registers; reported progress to stakeholders; monitored budgets and resources. The candidate has worked with team members, communicated with stakeholders and completed assigned professional tasks.","Job title: IT Project Manager. Sector: Information Technology. Minimum experience: 3 years. Education: Bachelor's degree in IT, Business or related subject. Required skills: project management, stakeholder management, risk management, budget management, Agile, communication. Preferred skills: Scrum, Jira, PRINCE2, leadership, resource planning. Responsibilities: Plan and manage technology projects; Coordinate multidisciplinary teams; Control project risks and budgets; Report progress to stakeholders; Ensure timely delivery of project objectives.",2,0.48000000000000004,0.6809177398681641,0.840458869934082,37.8643496173322,0.6962753219604493
CAND073,JOB005,Digital Marketing Specialist,"Candidate identifier: CAND073. Professional profile: Project Coordinator. Education: Master's degree in Information Technology. Professional experience: 5 years. Skills: leadership, Scrum, communication, stakeholder management, budget management. Experience evidence: planned technology projects; managed project schedules; maintained project-risk registers; reported progress to stakeholders; monitored budgets and resources. The candidate has worked with team members, communicated with stakeholders and completed assigned professional tasks.","Job title: Digital Marketing Specialist. Sector: Marketing. Minimum experience: 2 years. Education: Bachelor's degree in Marketing, Business or related subject. Required skills: digital marketing, SEO, social media marketing, content marketing, Google Analytics, campaign management. Preferred skills: Google Ads, email marketing, Canva, copywriting, conversion optimisation. Responsibilities: Plan and deliver digital marketing campaigns; Optimise website content for search engines; Manage social media channels; Analyse campaign performance; Prepare marketing-performance reports.",0,0.0,0.4780808687210083,0.7390404343605042,5.490546810842668,0.44342426061630247
CAND074,JOB001,Software Engineer,"Candidate identifier: CAND074. Professional profile: Assistant Project Manager. Education: Master's degree in Information Technology. Professional experience: 4 years. Skills: stakeholder management, risk management, project management, leadership, Agile, budget management. Experience evidence: planned technology projects; coordinated multidisciplinary teams. The candidate has worked with team members, communicated with stakeholders and completed assigned professional tasks.","Job title: Software Engineer. Sector: Technology. Minimum experience: 2 years. Education: Bachelor's degree in Computer Science or related subject. Required skills: Python, JavaScript, Git, SQL, REST APIs, software testing. Preferred skills: Docker, AWS, React, Agile, CI/CD. Responsibilities: Develop and maintain web applications; Design and integrate REST APIs; Write automated tests; Participate in code reviews; Work within an Agile development team.",1,0.04000000000000001,0.49536263942718506,0.7476813197135925,10.208199088080415,0.4646087918281555
CAND074,JOB002,Data Analyst,"Candidate identifier: CAND074. Professional profile: Assistant Project Manager. Education: Master's degree in Information Technology. Professional experience: 4 years. Skills: stakeholder management, risk management, project management, leadership, Agile, budget management. Experience evidence: planned technology projects; coordinated multidisciplinary teams. The candidate has worked with team members, communicated with stakeholders and completed assigned professional tasks.","Job title: Data Analyst. Sector: Data and Analytics. Minimum experience: 2 years. Education: Bachelor's degree in Data Science, Statistics or related subject. Required skills: Python, SQL, Excel, data analysis, data visualisation, statistics. Preferred skills: Power BI, Tableau, Pandas, machine learning, dashboard development. Responsibilities: Clean and analyse organisational data; Create reports and dashboards; Identify trends and patterns; Communicate findings to stakeholders; Support evidence-based decision making.",0,0.0,0.41289520263671875,0.7064476013183594,8.0005483997826,0.4238685607910156
CAND074,JOB003,Cybersecurity Analyst,"Candidate identifier: CAND074. Professional profile: Assistant Project Manager. Education: Master's degree in Information Technology. Professional experience: 4 years. Skills: stakeholder management, risk management, project management, leadership, Agile, budget management. Experience evidence: planned technology projects; coordinated multidisciplinary teams. The candidate has worked with team members, communicated with stakeholders and completed assigned professional tasks.","Job title: Cybersecurity Analyst. Sector: Cybersecurity. Minimum experience: 2 years. Education: Bachelor's degree in Cybersecurity, Computing or related subject. Required skills: network security, risk assessment, incident response, vulnerability assessment, SIEM, security monitoring. Preferred skills: penetration testing, Splunk, ISO 27001, NIST, Python, cloud security. Responsibilities: Monitor networks for security threats; Investigate security incidents; Conduct vulnerability assessments; Prepare risk and incident reports; Support security-policy implementation.",1,0.0,0.4612171947956085,0.7306085973978043,6.24637362762514,0.43836515843868257
CAND074,JOB004,IT Project Manager,"Candidate identifier: CAND074. Professional profile: Assistant Project Manager. Education: Master's degree in Information Technology. Professional experience: 4 years. Skills: stakeholder management, risk management, project management, leadership, Agile, budget management. Experience evidence: planned technology projects; coordinated multidisciplinary teams. The candidate has worked with team members, communicated with stakeholders and completed assigned professional tasks.","Job title: IT Project Manager. Sector: Information Technology. Minimum experience: 3 years. Education: Bachelor's degree in IT, Business or related subject. Required skills: project management, stakeholder management, risk management, budget management, Agile, communication. Preferred skills: Scrum, Jira, PRINCE2, leadership, resource planning. Responsibilities: Plan and manage technology projects; Coordinate multidisciplinary teams; Control project risks and budgets; Report progress to stakeholders; Ensure timely delivery of project objectives.",3,0.7066666666666668,0.6342756748199463,0.8171378374099731,35.270202495005904,0.7729493691126506
CAND074,JOB005,Digital Marketing Specialist,"Candidate identifier: CAND074. Professional profile: Assistant Project Manager. Education: Master's degree in Information Technology. Professional experience: 4 years. Skills: stakeholder management, risk management, project management, leadership, Agile, budget management. Experience evidence: planned technology projects; coordinated multidisciplinary teams. The candidate has worked with team members, communicated with stakeholders and completed assigned professional tasks.","Job title: Digital Marketing Specialist. Sector: Marketing. Minimum experience: 2 years. Education: Bachelor's degree in Marketing, Business or related subject. Required skills: digital marketing, SEO, social media marketing, content marketing, Google Analytics, campaign management. Preferred skills: Google Ads, email marketing, Canva, copywriting, conversion optimisation. Responsibilities: Plan and deliver digital marketing campaigns; Optimise website content for search engines; Manage social media channels; Analyse campaign performance; Prepare marketing-performance reports.",0,0.0,0.4625850319862366,0.7312925159931183,5.668486223815787,0.43877550959587097
CAND075,JOB001,Software Engineer,"Candidate identifier: CAND075. Professional profile: Technical Project Manager. Education: Bachelor's degree in Data Science. Professional experience: 7 years. Skills: resource planning, PRINCE2, Scrum, risk management, leadership. Experience evidence: reported progress to stakeholders; managed project schedules. The candidate has worked with team members, communicated with stakeholders and completed assigned professional tasks.","Job title: Software Engineer. Sector: Technology. Minimum experience: 2 years. Education: Bachelor's degree in Computer Science or related subject. Required skills: Python, JavaScript, Git, SQL, REST APIs, software testing. Preferred skills: Docker, AWS, React, Agile, CI/CD. Responsibilities: Develop and maintain web applications; Design and integrate REST APIs; Write automated tests; Participate in code reviews; Work within an Agile development team.",1,0.0,0.509412944316864,0.754706472158432,9.094718544388064,0.4528238832950592
CAND075,JOB002,Data Analyst,"Candidate identifier: CAND075. Professional profile: Technical Project Manager. Education: Bachelor's degree in Data Science. Professional experience: 7 years. Skills: resource planning, PRINCE2, Scrum, risk management, leadership. Experience evidence: reported progress to stakeholders; managed project schedules. The candidate has worked with team members, communicated with stakeholders and completed assigned professional tasks.","Job title: Data Analyst. Sector: Data and Analytics. Minimum experience: 2 years. Education: Bachelor's degree in Data Science, Statistics or related subject. Required skills: Python, SQL, Excel, data analysis, data visualisation, statistics. Preferred skills: Power BI, Tableau, Pandas, machine learning, dashboard development. Responsibilities: Clean and analyse organisational data; Create reports and dashboards; Identify trends and patterns; Communicate findings to stakeholders; Support evidence-based decision making.",1,0.0,0.4935159981250763,0.7467579990625381,16.67467470658336,0.44805479943752285
CAND075,JOB003,Cybersecurity Analyst,"Candidate identifier: CAND075. Professional profile: Technical Project Manager. Education: Bachelor's degree in Data Science. Professional experience: 7 years. Skills: resource planning, PRINCE2, Scrum, risk management, leadership. Experience evidence: reported progress to stakeholders; managed project schedules. The candidate has worked with team members, communicated with stakeholders and completed assigned professional tasks.","Job title: Cybersecurity Analyst. Sector: Cybersecurity. Minimum experience: 2 years. Education: Bachelor's degree in Cybersecurity, Computing or related subject. Required skills: network security, risk assessment, incident response, vulnerability assessment, SIEM, security monitoring. Preferred skills: penetration testing, Splunk, ISO 27001, NIST, Python, cloud security. Responsibilities: Monitor networks for security threats; Investigate security incidents; Conduct vulnerability assessments; Prepare risk and incident reports; Support security-policy implementation.",0,0.0,0.483349084854126,0.741674542427063,6.907382581538499,0.44500472545623776
CAND075,JOB004,IT Project Manager,"Candidate identifier: CAND075. Professional profile: Technical Project Manager. Education: Bachelor's degree in Data Science. Professional experience: 7 years. Skills: resource planning, PRINCE2, Scrum, risk management, leadership. Experience evidence: reported progress to stakeholders; managed project schedules. The candidate has worked with team members, communicated with stakeholders and completed assigned professional tasks.","Job title: IT Project Manager. Sector: Information Technology. Minimum experience: 3 years. Education: Bachelor's degree in IT, Business or related subject. Required skills: project management, stakeholder management, risk management, budget management, Agile, communication. Preferred skills: Scrum, Jira, PRINCE2, leadership, resource planning. Responsibilities: Plan and manage technology projects; Coordinate multidisciplinary teams; Control project risks and budgets; Report progress to stakeholders; Ensure timely delivery of project objectives.",2,0.29333333333333333,0.6176131963729858,0.8088065981864929,33.40131230531095,0.6026172922452291
CAND075,JOB005,Digital Marketing Specialist,"Candidate identifier: CAND075. Professional profile: Technical Project Manager. Education: Bachelor's degree in Data Science. Professional experience: 7 years. Skills: resource planning, PRINCE2, Scrum, risk management, leadership. Experience evidence: reported progress to stakeholders; managed project schedules. The candidate has worked with team members, communicated with stakeholders and completed assigned professional tasks.","Job title: Digital Marketing Specialist. Sector: Marketing. Minimum experience: 2 years. Education: Bachelor's degree in Marketing, Business or related subject. Required skills: digital marketing, SEO, social media marketing, content marketing, Google Analytics, campaign management. Preferred skills: Google Ads, email marketing, Canva, copywriting, conversion optimisation. Responsibilities: Plan and deliver digital marketing campaigns; Optimise website content for search engines; Manage social media channels; Analyse campaign performance; Prepare marketing-performance reports.",0,0.0,0.474128782749176,0.737064391374588,6.124363478383568,0.4422386348247528
CAND076,JOB001,Software Engineer,"Candidate identifier: CAND076. Professional profile: IT Project Manager. Education: Bachelor's degree in Computing. Professional experience: 0 years. Skills: budget management, Jira, resource planning, project scheduling, communication. Experience evidence: monitored budgets and resources; maintained project-risk registers. The candidate has worked with team members, communicated with stakeholders and completed assigned professional tasks.","Job title: Software Engineer. Sector: Technology. Minimum experience: 2 years. Education: Bachelor's degree in Computer Science or related subject. Required skills: Python, JavaScript, Git, SQL, REST APIs, software testing. Preferred skills: Docker, AWS, React, Agile, CI/CD. Responsibilities: Develop and maintain web applications; Design and integrate REST APIs; Write automated tests; Participate in code reviews; Work within an Agile development team.",1,0.0,0.48378661274909973,0.7418933063745499,7.953985503469467,0.4451359838247299
CAND076,JOB002,Data Analyst,"Candidate identifier: CAND076. Professional profile: IT Project Manager. Education: Bachelor's degree in Computing. Professional experience: 0 years. Skills: budget management, Jira, resource planning, project scheduling, communication. Experience evidence: monitored budgets and resources; maintained project-risk registers. The candidate has worked with team members, communicated with stakeholders and completed assigned professional tasks.","Job title: Data Analyst. Sector: Data and Analytics. Minimum experience: 2 years. Education: Bachelor's degree in Data Science, Statistics or related subject. Required skills: Python, SQL, Excel, data analysis, data visualisation, statistics. Preferred skills: Power BI, Tableau, Pandas, machine learning, dashboard development. Responsibilities: Clean and analyse organisational data; Create reports and dashboards; Identify trends and patterns; Communicate findings to stakeholders; Support evidence-based decision making.",1,0.0,0.4700266122817993,0.7350133061408997,9.524776186798853,0.4410079836845398
CAND076,JOB003,Cybersecurity Analyst,"Candidate identifier: CAND076. Professional profile: IT Project Manager. Education: Bachelor's degree in Computing. Professional experience: 0 years. Skills: budget management, Jira, resource planning, project scheduling, communication. Experience evidence: monitored budgets and resources; maintained project-risk registers. The candidate has worked with team members, communicated with stakeholders and completed assigned professional tasks.","Job title: Cybersecurity Analyst. Sector: Cybersecurity. Minimum experience: 2 years. Education: Bachelor's degree in Cybersecurity, Computing or related subject. Required skills: network security, risk assessment, incident response, vulnerability assessment, SIEM, security monitoring. Preferred skills: penetration testing, Splunk, ISO 27001, NIST, Python, cloud security. Responsibilities: Monitor networks for security threats; Investigate security incidents; Conduct vulnerability assessments; Prepare risk and incident reports; Support security-policy implementation.",1,0.0,0.5110833048820496,0.7555416524410248,8.179236653471923,0.45332499146461486
CAND076,JOB004,IT Project Manager,"Candidate identifier: CAND076. Professional profile: IT Project Manager. Education: Bachelor's degree in Computing. Professional experience: 0 years. Skills: budget management, Jira, resource planning, project scheduling, communication. Experience evidence: monitored budgets and resources; maintained project-risk registers. The candidate has worked with team members, communicated with stakeholders and completed assigned professional tasks.","Job title: IT Project Manager. Sector: Information Technology. Minimum experience: 3 years. Education: Bachelor's degree in IT, Business or related subject. Required skills: project management, stakeholder management, risk management, budget management, Agile, communication. Preferred skills: Scrum, Jira, PRINCE2, leadership, resource planning. Responsibilities: Plan and manage technology projects; Coordinate multidisciplinary teams; Control project risks and budgets; Report progress to stakeholders; Ensure timely delivery of project objectives.",2,0.3466666666666667,0.7124161720275879,0.856208086013794,38.899055105463624,0.652391518274943
CAND076,JOB005,Digital Marketing Specialist,"Candidate identifier: CAND076. Professional profile: IT Project Manager. Education: Bachelor's degree in Computing. Professional experience: 0 years. Skills: budget management, Jira, resource planning, project scheduling, communication. Experience evidence: monitored budgets and resources; maintained project-risk registers. The candidate has worked with team members, communicated with stakeholders and completed assigned professional tasks.","Job title: Digital Marketing Specialist. Sector: Marketing. Minimum experience: 2 years. Education: Bachelor's degree in Marketing, Business or related subject. Required skills: digital marketing, SEO, social media marketing, content marketing, Google Analytics, campaign management. Preferred skills: Google Ads, email marketing, Canva, copywriting, conversion optimisation. Responsibilities: Plan and deliver digital marketing campaigns; Optimise website content for search engines; Manage social media channels; Analyse campaign performance; Prepare marketing-performance reports.",0,0.0,0.4451051950454712,0.7225525975227356,6.30298603602639,0.43353155851364134
CAND077,JOB001,Software Engineer,"Candidate identifier: CAND077. Professional profile: Assistant Project Manager. Education: Bachelor's degree in Business. Professional experience: 6 years. Skills: budget management, stakeholder management, Jira, resource planning, project scheduling. Experience evidence: planned technology projects; maintained project-risk registers. The candidate has worked with team members, communicated with stakeholders and completed assigned professional tasks.","Job title: Software Engineer. Sector: Technology. Minimum experience: 2 years. Education: Bachelor's degree in Computer Science or related subject. Required skills: Python, JavaScript, Git, SQL, REST APIs, software testing. Preferred skills: Docker, AWS, React, Agile, CI/CD. Responsibilities: Develop and maintain web applications; Design and integrate REST APIs; Write automated tests; Participate in code reviews; Work within an Agile development team.",0,0.0,0.47903114557266235,0.7395155727863312,8.393999530457998,0.4437093436717987
CAND077,JOB002,Data Analyst,"Candidate identifier: CAND077. Professional profile: Assistant Project Manager. Education: Bachelor's degree in Business. Professional experience: 6 years. Skills: budget management, stakeholder management, Jira, resource planning, project scheduling. Experience evidence: planned technology projects; maintained project-risk registers. The candidate has worked with team members, communicated with stakeholders and completed assigned professional tasks.","Job title: Data Analyst. Sector: Data and Analytics. Minimum experience: 2 years. Education: Bachelor's degree in Data Science, Statistics or related subject. Required skills: Python, SQL, Excel, data analysis, data visualisation, statistics. Preferred skills: Power BI, Tableau, Pandas, machine learning, dashboard development. Responsibilities: Clean and analyse organisational data; Create reports and dashboards; Identify trends and patterns; Communicate findings to stakeholders; Support evidence-based decision making.",0,0.0,0.42685467004776,0.71342733502388,8.622314611530236,0.428056401014328
CAND077,JOB003,Cybersecurity Analyst,"Candidate identifier: CAND077. Professional profile: Assistant Project Manager. Education: Bachelor's degree in Business. Professional experience: 6 years. Skills: budget management, stakeholder management, Jira, resource planning, project scheduling. Experience evidence: planned technology projects; maintained project-risk registers. The candidate has worked with team members, communicated with stakeholders and completed assigned professional tasks.","Job title: Cybersecurity Analyst. Sector: Cybersecurity. Minimum experience: 2 years. Education: Bachelor's degree in Cybersecurity, Computing or related subject. Required skills: network security, risk assessment, incident response, vulnerability assessment, SIEM, security monitoring. Preferred skills: penetration testing, Splunk, ISO 27001, NIST, Python, cloud security. Responsibilities: Monitor networks for security threats; Investigate security incidents; Conduct vulnerability assessments; Prepare risk and incident reports; Support security-policy implementation.",0,0.0,0.44161468744277954,0.7208073437213898,6.854141033799506,0.43248440623283385
CAND077,JOB004,IT Project Manager,"Candidate identifier: CAND077. Professional profile: Assistant Project Manager. Education: Bachelor's degree in Business. Professional experience: 6 years. Skills: budget management, stakeholder management, Jira, resource planning, project scheduling. Experience evidence: planned technology projects; maintained project-risk registers. The candidate has worked with team members, communicated with stakeholders and completed assigned professional tasks.","Job title: IT Project Manager. Sector: Information Technology. Minimum experience: 3 years. Education: Bachelor's degree in IT, Business or related subject. Required skills: project management, stakeholder management, risk management, budget management, Agile, communication. Preferred skills: Scrum, Jira, PRINCE2, leadership, resource planning. Responsibilities: Plan and manage technology projects; Coordinate multidisciplinary teams; Control project risks and budgets; Report progress to stakeholders; Ensure timely delivery of project objectives.",2,0.3466666666666667,0.6325836777687073,0.8162918388843536,36.540763737899674,0.6284417699972789
CAND077,JOB005,Digital Marketing Specialist,"Candidate identifier: CAND077. Professional profile: Assistant Project Manager. Education: Bachelor's degree in Business. Professional experience: 6 years. Skills: budget management, stakeholder management, Jira, resource planning, project scheduling. Experience evidence: planned technology projects; maintained project-risk registers. The candidate has worked with team members, communicated with stakeholders and completed assigned professional tasks.","Job title: Digital Marketing Specialist. Sector: Marketing. Minimum experience: 2 years. Education: Bachelor's degree in Marketing, Business or related subject. Required skills: digital marketing, SEO, social media marketing, content marketing, Google Analytics, campaign management. Preferred skills: Google Ads, email marketing, Canva, copywriting, conversion optimisation. Responsibilities: Plan and deliver digital marketing campaigns; Optimise website content for search engines; Manage social media channels; Analyse campaign performance; Prepare marketing-performance reports.",1,0.0,0.4586939215660095,0.7293469607830048,8.261644003453096,0.4376081764698028
CAND078,JOB001,Software Engineer,"Candidate identifier: CAND078. Professional profile: Project Coordinator. Education: Bachelor's degree in Data Science. Professional experience: 3 years. Skills: PRINCE2, budget management, leadership. Experience evidence: coordinated multidisciplinary teams; maintained project-risk registers; monitored budgets and resources. The candidate has worked with team members, communicated with stakeholders and completed assigned professional tasks.","Job title: Software Engineer. Sector: Technology. Minimum experience: 2 years. Education: Bachelor's degree in Computer Science or related subject. Required skills: Python, JavaScript, Git, SQL, REST APIs, software testing. Preferred skills: Docker, AWS, React, Agile, CI/CD. Responsibilities: Develop and maintain web applications; Design and integrate REST APIs; Write automated tests; Participate in code reviews; Work within an Agile development team.",1,0.0,0.4552086591720581,0.727604329586029,9.545786383130883,0.43656259775161743
CAND078,JOB002,Data Analyst,"Candidate identifier: CAND078. Professional profile: Project Coordinator. Education: Bachelor's degree in Data Science. Professional experience: 3 years. Skills: PRINCE2, budget management, leadership. Experience evidence: coordinated multidisciplinary teams; maintained project-risk registers; monitored budgets and resources. The candidate has worked with team members, communicated with stakeholders and completed assigned professional tasks.","Job title: Data Analyst. Sector: Data and Analytics. Minimum experience: 2 years. Education: Bachelor's degree in Data Science, Statistics or related subject. Required skills: Python, SQL, Excel, data analysis, data visualisation, statistics. Preferred skills: Power BI, Tableau, Pandas, machine learning, dashboard development. Responsibilities: Clean and analyse organisational data; Create reports and dashboards; Identify trends and patterns; Communicate findings to stakeholders; Support evidence-based decision making.",1,0.0,0.5005324482917786,0.7502662241458893,15.347315587796096,0.45015973448753355
CAND078,JOB003,Cybersecurity Analyst,"Candidate identifier: CAND078. Professional profile: Project Coordinator. Education: Bachelor's degree in Data Science. Professional experience: 3 years. Skills: PRINCE2, budget management, leadership. Experience evidence: coordinated multidisciplinary teams; maintained project-risk registers; monitored budgets and resources. The candidate has worked with team members, communicated with stakeholders and completed assigned professional tasks.","Job title: Cybersecurity Analyst. Sector: Cybersecurity. Minimum experience: 2 years. Education: Bachelor's degree in Cybersecurity, Computing or related subject. Required skills: network security, risk assessment, incident response, vulnerability assessment, SIEM, security monitoring. Preferred skills: penetration testing, Splunk, ISO 27001, NIST, Python, cloud security. Responsibilities: Monitor networks for security threats; Investigate security incidents; Conduct vulnerability assessments; Prepare risk and incident reports; Support security-policy implementation.",0,0.0,0.4509035646915436,0.7254517823457718,7.132916500909909,0.4352710694074631
CAND078,JOB004,IT Project Manager,"Candidate identifier: CAND078. Professional profile: Project Coordinator. Education: Bachelor's degree in Data Science. Professional experience: 3 years. Skills: PRINCE2, budget management, leadership. Experience evidence: coordinated multidisciplinary teams; maintained project-risk registers; monitored budgets and resources. The candidate has worked with team members, communicated with stakeholders and completed assigned professional tasks.","Job title: IT Project Manager. Sector: Information Technology. Minimum experience: 3 years. Education: Bachelor's degree in IT, Business or related subject. Required skills: project management, stakeholder management, risk management, budget management, Agile, communication. Preferred skills: Scrum, Jira, PRINCE2, leadership, resource planning. Responsibilities: Plan and manage technology projects; Coordinate multidisciplinary teams; Control project risks and budgets; Report progress to stakeholders; Ensure timely delivery of project objectives.",1,0.21333333333333335,0.6058991551399231,0.8029495775699615,32.257351595412835,0.5671030798753103
CAND078,JOB005,Digital Marketing Specialist,"Candidate identifier: CAND078. Professional profile: Project Coordinator. Education: Bachelor's degree in Data Science. Professional experience: 3 years. Skills: PRINCE2, budget management, leadership. Experience evidence: coordinated multidisciplinary teams; maintained project-risk registers; monitored budgets and resources. The candidate has worked with team members, communicated with stakeholders and completed assigned professional tasks.","Job title: Digital Marketing Specialist. Sector: Marketing. Minimum experience: 2 years. Education: Bachelor's degree in Marketing, Business or related subject. Required skills: digital marketing, SEO, social media marketing, content marketing, Google Analytics, campaign management. Preferred skills: Google Ads, email marketing, Canva, copywriting, conversion optimisation. Responsibilities: Plan and deliver digital marketing campaigns; Optimise website content for search engines; Manage social media channels; Analyse campaign performance; Prepare marketing-performance reports.",0,0.0,0.46243101358413696,0.7312155067920685,6.349897397754978,0.4387293040752411
CAND079,JOB001,Software Engineer,"Candidate identifier: CAND079. Professional profile: IT Project Manager. Education: Bachelor's degree in Business. Professional experience: 2 years. Skills: PRINCE2, Agile, risk management, stakeholder management. Experience evidence: coordinated multidisciplinary teams; planned technology projects. The candidate has worked with team members, communicated with stakeholders and completed assigned professional tasks.","Job title: Software Engineer. Sector: Technology. Minimum experience: 2 years. Education: Bachelor's degree in Computer Science or related subject. Required skills: Python, JavaScript, Git, SQL, REST APIs, software testing. Preferred skills: Docker, AWS, React, Agile, CI/CD. Responsibilities: Develop and maintain web applications; Design and integrate REST APIs; Write automated tests; Participate in code reviews; Work within an Agile development team.",0,0.04000000000000001,0.4818750023841858,0.7409375011920929,13.446134232668266,0.46056250071525573
CAND079,JOB002,Data Analyst,"Candidate identifier: CAND079. Professional profile: IT Project Manager. Education: Bachelor's degree in Business. Professional experience: 2 years. Skills: PRINCE2, Agile, risk management, stakeholder management. Experience evidence: coordinated multidisciplinary teams; planned technology projects. The candidate has worked with team members, communicated with stakeholders and completed assigned professional tasks.","Job title: Data Analyst. Sector: Data and Analytics. Minimum experience: 2 years. Education: Bachelor's degree in Data Science, Statistics or related subject. Required skills: Python, SQL, Excel, data analysis, data visualisation, statistics. Preferred skills: Power BI, Tableau, Pandas, machine learning, dashboard development. Responsibilities: Clean and analyse organisational data; Create reports and dashboards; Identify trends and patterns; Communicate findings to stakeholders; Support evidence-based decision making.",0,0.0,0.446746289730072,0.723373144865036,11.521604655227616,0.4340238869190216
CAND079,JOB003,Cybersecurity Analyst,"Candidate identifier: CAND079. Professional profile: IT Project Manager. Education: Bachelor's degree in Business. Professional experience: 2 years. Skills: PRINCE2, Agile, risk management, stakeholder management. Experience evidence: coordinated multidisciplinary teams; planned technology projects. The candidate has worked with team members, communicated with stakeholders and completed assigned professional tasks.","Job title: Cybersecurity Analyst. Sector: Cybersecurity. Minimum experience: 2 years. Education: Bachelor's degree in Cybersecurity, Computing or related subject. Required skills: network security, risk assessment, incident response, vulnerability assessment, SIEM, security monitoring. Preferred skills: penetration testing, Splunk, ISO 27001, NIST, Python, cloud security. Responsibilities: Monitor networks for security threats; Investigate security incidents; Conduct vulnerability assessments; Prepare risk and incident reports; Support security-policy implementation.",0,0.0,0.496454119682312,0.748227059841156,9.695127894805957,0.4489362359046936
CAND079,JOB004,IT Project Manager,"Candidate identifier: CAND079. Professional profile: IT Project Manager. Education: Bachelor's degree in Business. Professional experience: 2 years. Skills: PRINCE2, Agile, risk management, stakeholder management. Experience evidence: coordinated multidisciplinary teams; planned technology projects. The candidate has worked with team members, communicated with stakeholders and completed assigned professional tasks.","Job title: IT Project Manager. Sector: Information Technology. Minimum experience: 3 years. Education: Bachelor's degree in IT, Business or related subject. Required skills: project management, stakeholder management, risk management, budget management, Agile, communication. Preferred skills: Scrum, Jira, PRINCE2, leadership, resource planning. Responsibilities: Plan and manage technology projects; Coordinate multidisciplinary teams; Control project risks and budgets; Report progress to stakeholders; Ensure timely delivery of project objectives.",2,0.44000000000000006,0.7040650844573975,0.8520325422286987,39.63560906401869,0.6872195253372193
CAND079,JOB005,Digital Marketing Specialist,"Candidate identifier: CAND079. Professional profile: IT Project Manager. Education: Bachelor's degree in Business. Professional experience: 2 years. Skills: PRINCE2, Agile, risk management, stakeholder management. Experience evidence: coordinated multidisciplinary teams; planned technology projects. The candidate has worked with team members, communicated with stakeholders and completed assigned professional tasks.","Job title: Digital Marketing Specialist. Sector: Marketing. Minimum experience: 2 years. Education: Bachelor's degree in Marketing, Business or related subject. Required skills: digital marketing, SEO, social media marketing, content marketing, Google Analytics, campaign management. Preferred skills: Google Ads, email marketing, Canva, copywriting, conversion optimisation. Responsibilities: Plan and deliver digital marketing campaigns; Optimise website content for search engines; Manage social media channels; Analyse campaign performance; Prepare marketing-performance reports.",1,0.0,0.4668056070804596,0.7334028035402298,11.145454296072655,0.44004168212413786
CAND080,JOB001,Software Engineer,"Candidate identifier: CAND080. Professional profile: Project Coordinator. Education: Master's degree in Information Technology. Professional experience: 5 years. Skills: risk management, Agile, project management. Experience evidence: monitored budgets and resources; reported progress to stakeholders; planned technology projects. The candidate has worked with team members, communicated with stakeholders and completed assigned professional tasks.","Job title: Software Engineer. Sector: Technology. Minimum experience: 2 years. Education: Bachelor's degree in Computer Science or related subject. Required skills: Python, JavaScript, Git, SQL, REST APIs, software testing. Preferred skills: Docker, AWS, React, Agile, CI/CD. Responsibilities: Develop and maintain web applications; Design and integrate REST APIs; Write automated tests; Participate in code reviews; Work within an Agile development team.",1,0.04000000000000001,0.4746973514556885,0.7373486757278442,10.73607188105154,0.45840920543670655
CAND080,JOB002,Data Analyst,"Candidate identifier: CAND080. Professional profile: Project Coordinator. Education: Master's degree in Information Technology. Professional experience: 5 years. Skills: risk management, Agile, project management. Experience evidence: monitored budgets and resources; reported progress to stakeholders; planned technology projects. The candidate has worked with team members, communicated with stakeholders and completed assigned professional tasks.","Job title: Data Analyst. Sector: Data and Analytics. Minimum experience: 2 years. Education: Bachelor's degree in Data Science, Statistics or related subject. Required skills: Python, SQL, Excel, data analysis, data visualisation, statistics. Preferred skills: Power BI, Tableau, Pandas, machine learning, dashboard development. Responsibilities: Clean and analyse organisational data; Create reports and dashboards; Identify trends and patterns; Communicate findings to stakeholders; Support evidence-based decision making.",0,0.0,0.39987871050834656,0.6999393552541733,11.178580341080245,0.41996361315250397
CAND080,JOB003,Cybersecurity Analyst,"Candidate identifier: CAND080. Professional profile: Project Coordinator. Education: Master's degree in Information Technology. Professional experience: 5 years. Skills: risk management, Agile, project management. Experience evidence: monitored budgets and resources; reported progress to stakeholders; planned technology projects. The candidate has worked with team members, communicated with stakeholders and completed assigned professional tasks.","Job title: Cybersecurity Analyst. Sector: Cybersecurity. Minimum experience: 2 years. Education: Bachelor's degree in Cybersecurity, Computing or related subject. Required skills: network security, risk assessment, incident response, vulnerability assessment, SIEM, security monitoring. Preferred skills: penetration testing, Splunk, ISO 27001, NIST, Python, cloud security. Responsibilities: Monitor networks for security threats; Investigate security incidents; Conduct vulnerability assessments; Prepare risk and incident reports; Support security-policy implementation.",1,0.0,0.470217227935791,0.7351086139678955,6.519976479769121,0.4410651683807373
CAND080,JOB004,IT Project Manager,"Candidate identifier: CAND080. Professional profile: Project Coordinator. Education: Master's degree in Information Technology. Professional experience: 5 years. Skills: risk management, Agile, project management. Experience evidence: monitored budgets and resources; reported progress to stakeholders; planned technology projects. The candidate has worked with team members, communicated with stakeholders and completed assigned professional tasks.","Job title: IT Project Manager. Sector: Information Technology. Minimum experience: 3 years. Education: Bachelor's degree in IT, Business or related subject. Required skills: project management, stakeholder management, risk management, budget management, Agile, communication. Preferred skills: Scrum, Jira, PRINCE2, leadership, resource planning. Responsibilities: Plan and manage technology projects; Coordinate multidisciplinary teams; Control project risks and budgets; Report progress to stakeholders; Ensure timely delivery of project objectives.",2,0.4,0.5891571640968323,0.7945785820484161,29.760759985297568,0.6367471492290497
CAND080,JOB005,Digital Marketing Specialist,"Candidate identifier: CAND080. Professional profile: Project Coordinator. Education: Master's degree in Information Technology. Professional experience: 5 years. Skills: risk management, Agile, project management. Experience evidence: monitored budgets and resources; reported progress to stakeholders; planned technology projects. The candidate has worked with team members, communicated with stakeholders and completed assigned professional tasks.","Job title: Digital Marketing Specialist. Sector: Marketing. Minimum experience: 2 years. Education: Bachelor's degree in Marketing, Business or related subject. Required skills: digital marketing, SEO, social media marketing, content marketing, Google Analytics, campaign management. Preferred skills: Google Ads, email marketing, Canva, copywriting, conversion optimisation. Responsibilities: Plan and deliver digital marketing campaigns; Optimise website content for search engines; Manage social media channels; Analyse campaign performance; Prepare marketing-performance reports.",0,0.0,0.43840286135673523,0.7192014306783676,5.845561185502735,0.43152085840702054
CAND081,JOB001,Software Engineer,"Candidate identifier: CAND081. Professional profile: Marketing Assistant. Education: Bachelor's degree in Computing. Professional experience: 7 years. Skills: Canva, copywriting, SEO, email marketing, content marketing, Google Analytics, digital marketing, Google Ads, social media marketing, conversion optimisation, campaign management, keyword research. Experience evidence: analysed campaign performance; prepared performance reports; delivered digital marketing campaigns; optimised website content for search engines; managed social media channels. The candidate has worked with team members, communicated with stakeholders and completed assigned professional tasks.","Job title: Software Engineer. Sector: Technology. Minimum experience: 2 years. Education: Bachelor's degree in Computer Science or related subject. Required skills: Python, JavaScript, Git, SQL, REST APIs, software testing. Preferred skills: Docker, AWS, React, Agile, CI/CD. Responsibilities: Develop and maintain web applications; Design and integrate REST APIs; Write automated tests; Participate in code reviews; Work within an Agile development team.",1,0.0,0.4389208257198334,0.7194604128599167,6.289068599285933,0.43167624771595
CAND081,JOB002,Data Analyst,"Candidate identifier: CAND081. Professional profile: Marketing Assistant. Education: Bachelor's degree in Computing. Professional experience: 7 years. Skills: Canva, copywriting, SEO, email marketing, content marketing, Google Analytics, digital marketing, Google Ads, social media marketing, conversion optimisation, campaign management, keyword research. Experience evidence: analysed campaign performance; prepared performance reports; delivered digital marketing campaigns; optimised website content for search engines; managed social media channels. The candidate has worked with team members, communicated with stakeholders and completed assigned professional tasks.","Job title: Data Analyst. Sector: Data and Analytics. Minimum experience: 2 years. Education: Bachelor's degree in Data Science, Statistics or related subject. Required skills: Python, SQL, Excel, data analysis, data visualisation, statistics. Preferred skills: Power BI, Tableau, Pandas, machine learning, dashboard development. Responsibilities: Clean and analyse organisational data; Create reports and dashboards; Identify trends and patterns; Communicate findings to stakeholders; Support evidence-based decision making.",1,0.0,0.45836374163627625,0.7291818708181381,9.350667490263016,0.43750912249088286
CAND081,JOB003,Cybersecurity Analyst,"Candidate identifier: CAND081. Professional profile: Marketing Assistant. Education: Bachelor's degree in Computing. Professional experience: 7 years. Skills: Canva, copywriting, SEO, email marketing, content marketing, Google Analytics, digital marketing, Google Ads, social media marketing, conversion optimisation, campaign management, keyword research. Experience evidence: analysed campaign performance; prepared performance reports; delivered digital marketing campaigns; optimised website content for search engines; managed social media channels. The candidate has worked with team members, communicated with stakeholders and completed assigned professional tasks.","Job title: Cybersecurity Analyst. Sector: Cybersecurity. Minimum experience: 2 years. Education: Bachelor's degree in Cybersecurity, Computing or related subject. Required skills: network security, risk assessment, incident response, vulnerability assessment, SIEM, security monitoring. Preferred skills: penetration testing, Splunk, ISO 27001, NIST, Python, cloud security. Responsibilities: Monitor networks for security threats; Investigate security incidents; Conduct vulnerability assessments; Prepare risk and incident reports; Support security-policy implementation.",1,0.0,0.4223088026046753,0.7111544013023376,6.741417508689686,0.42669264078140257
CAND081,JOB004,IT Project Manager,"Candidate identifier: CAND081. Professional profile: Marketing Assistant. Education: Bachelor's degree in Computing. Professional experience: 7 years. Skills: Canva, copywriting, SEO, email marketing, content marketing, Google Analytics, digital marketing, Google Ads, social media marketing, conversion optimisation, campaign management, keyword research. Experience evidence: analysed campaign performance; prepared performance reports; delivered digital marketing campaigns; optimised website content for search engines; managed social media channels. The candidate has worked with team members, communicated with stakeholders and completed assigned professional tasks.","Job title: IT Project Manager. Sector: Information Technology. Minimum experience: 3 years. Education: Bachelor's degree in IT, Business or related subject. Required skills: project management, stakeholder management, risk management, budget management, Agile, communication. Preferred skills: Scrum, Jira, PRINCE2, leadership, resource planning. Responsibilities: Plan and manage technology projects; Coordinate multidisciplinary teams; Control project risks and budgets; Report progress to stakeholders; Ensure timely delivery of project objectives.",1,0.0,0.43352851271629333,0.7167642563581467,6.669260739325777,0.430058553814888
CAND081,JOB005,Digital Marketing Specialist,"Candidate identifier: CAND081. Professional profile: Marketing Assistant. Education: Bachelor's degree in Computing. Professional experience: 7 years. Skills: Canva, copywriting, SEO, email marketing, content marketing, Google Analytics, digital marketing, Google Ads, social media marketing, conversion optimisation, campaign management, keyword research. Experience evidence: analysed campaign performance; prepared performance reports; delivered digital marketing campaigns; optimised website content for search engines; managed social media channels. The candidate has worked with team members, communicated with stakeholders and completed assigned professional tasks.","Job title: Digital Marketing Specialist. Sector: Marketing. Minimum experience: 2 years. Education: Bachelor's degree in Marketing, Business or related subject. Required skills: digital marketing, SEO, social media marketing, content marketing, Google Analytics, campaign management. Preferred skills: Google Ads, email marketing, Canva, copywriting, conversion optimisation. Responsibilities: Plan and deliver digital marketing campaigns; Optimise website content for search engines; Manage social media channels; Analyse campaign performance; Prepare marketing-performance reports.",3,1.0,0.7126226425170898,0.8563113212585449,83.52656071718482,0.913786792755127
CAND082,JOB001,Software Engineer,"Candidate identifier: CAND082. Professional profile: Digital Marketing Executive. Education: Master's degree in Information Technology. Professional experience: 5 years. Skills: SEO, social media marketing, Google Analytics, Canva, campaign management, content marketing, copywriting, email marketing, conversion optimisation, keyword research, Google Ads. Experience evidence: prepared performance reports; delivered digital marketing campaigns. The candidate has worked with team members, communicated with stakeholders and completed assigned professional tasks.","Job title: Software Engineer. Sector: Technology. Minimum experience: 2 years. Education: Bachelor's degree in Computer Science or related subject. Required skills: Python, JavaScript, Git, SQL, REST APIs, software testing. Preferred skills: Docker, AWS, React, Agile, CI/CD. Responsibilities: Develop and maintain web applications; Design and integrate REST APIs; Write automated tests; Participate in code reviews; Work within an Agile development team.",1,0.0,0.4525967836380005,0.7262983918190002,7.168751828047217,0.43577903509140015
CAND082,JOB002,Data Analyst,"Candidate identifier: CAND082. Professional profile: Digital Marketing Executive. Education: Master's degree in Information Technology. Professional experience: 5 years. Skills: SEO, social media marketing, Google Analytics, Canva, campaign management, content marketing, copywriting, email marketing, conversion optimisation, keyword research, Google Ads. Experience evidence: prepared performance reports; delivered digital marketing campaigns. The candidate has worked with team members, communicated with stakeholders and completed assigned professional tasks.","Job title: Data Analyst. Sector: Data and Analytics. Minimum experience: 2 years. Education: Bachelor's degree in Data Science, Statistics or related subject. Required skills: Python, SQL, Excel, data analysis, data visualisation, statistics. Preferred skills: Power BI, Tableau, Pandas, machine learning, dashboard development. Responsibilities: Clean and analyse organisational data; Create reports and dashboards; Identify trends and patterns; Communicate findings to stakeholders; Support evidence-based decision making.",0,0.0,0.46557366847991943,0.7327868342399597,9.706858668019246,0.4396721005439758
CAND082,JOB003,Cybersecurity Analyst,"Candidate identifier: CAND082. Professional profile: Digital Marketing Executive. Education: Master's degree in Information Technology. Professional experience: 5 years. Skills: SEO, social media marketing, Google Analytics, Canva, campaign management, content marketing, copywriting, email marketing, conversion optimisation, keyword research, Google Ads. Experience evidence: prepared performance reports; delivered digital marketing campaigns. The candidate has worked with team members, communicated with stakeholders and completed assigned professional tasks.","Job title: Cybersecurity Analyst. Sector: Cybersecurity. Minimum experience: 2 years. Education: Bachelor's degree in Cybersecurity, Computing or related subject. Required skills: network security, risk assessment, incident response, vulnerability assessment, SIEM, security monitoring. Preferred skills: penetration testing, Splunk, ISO 27001, NIST, Python, cloud security. Responsibilities: Monitor networks for security threats; Investigate security incidents; Conduct vulnerability assessments; Prepare risk and incident reports; Support security-policy implementation.",1,0.0,0.44250327348709106,0.7212516367435455,5.252595831914793,0.43275098204612733
CAND082,JOB004,IT Project Manager,"Candidate identifier: CAND082. Professional profile: Digital Marketing Executive. Education: Master's degree in Information Technology. Professional experience: 5 years. Skills: SEO, social media marketing, Google Analytics, Canva, campaign management, content marketing, copywriting, email marketing, conversion optimisation, keyword research, Google Ads. Experience evidence: prepared performance reports; delivered digital marketing campaigns. The candidate has worked with team members, communicated with stakeholders and completed assigned professional tasks.","Job title: IT Project Manager. Sector: Information Technology. Minimum experience: 3 years. Education: Bachelor's degree in IT, Business or related subject. Required skills: project management, stakeholder management, risk management, budget management, Agile, communication. Preferred skills: Scrum, Jira, PRINCE2, leadership, resource planning. Responsibilities: Plan and manage technology projects; Coordinate multidisciplinary teams; Control project risks and budgets; Report progress to stakeholders; Ensure timely delivery of project objectives.",1,0.0,0.4784655272960663,0.7392327636480331,9.122059495993824,0.44353965818881985
CAND082,JOB005,Digital Marketing Specialist,"Candidate identifier: CAND082. Professional profile: Digital Marketing Executive. Education: Master's degree in Information Technology. Professional experience: 5 years. Skills: SEO, social media marketing, Google Analytics, Canva, campaign management, content marketing, copywriting, email marketing, conversion optimisation, keyword research, Google Ads. Experience evidence: prepared performance reports; delivered digital marketing campaigns. The candidate has worked with team members, communicated with stakeholders and completed assigned professional tasks.","Job title: Digital Marketing Specialist. Sector: Marketing. Minimum experience: 2 years. Education: Bachelor's degree in Marketing, Business or related subject. Required skills: digital marketing, SEO, social media marketing, content marketing, Google Analytics, campaign management. Preferred skills: Google Ads, email marketing, Canva, copywriting, conversion optimisation. Responsibilities: Plan and deliver digital marketing campaigns; Optimise website content for search engines; Manage social media channels; Analyse campaign performance; Prepare marketing-performance reports.",3,1.0,0.7443234920501709,0.8721617460250854,72.86806798293854,0.9232970476150513
CAND083,JOB001,Software Engineer,"Candidate identifier: CAND083. Professional profile: Marketing Assistant. Education: Bachelor's degree in Computing. Professional experience: 7 years. Skills: Google Ads, campaign management, email marketing, keyword research, Canva, conversion optimisation, digital marketing, social media marketing, content marketing, SEO, Google Analytics. Experience evidence: optimised website content for search engines; analysed campaign performance; delivered digital marketing campaigns; created marketing content. The candidate has worked with team members, communicated with stakeholders and completed assigned professional tasks.","Job title: Software Engineer. Sector: Technology. Minimum experience: 2 years. Education: Bachelor's degree in Computer Science or related subject. Required skills: Python, JavaScript, Git, SQL, REST APIs, software testing. Preferred skills: Docker, AWS, React, Agile, CI/CD. Responsibilities: Develop and maintain web applications; Design and integrate REST APIs; Write automated tests; Participate in code reviews; Work within an Agile development team.",1,0.0,0.46106863021850586,0.7305343151092529,6.499108502431739,0.43832058906555177
CAND083,JOB002,Data Analyst,"Candidate identifier: CAND083. Professional profile: Marketing Assistant. Education: Bachelor's degree in Computing. Professional experience: 7 years. Skills: Google Ads, campaign management, email marketing, keyword research, Canva, conversion optimisation, digital marketing, social media marketing, content marketing, SEO, Google Analytics. Experience evidence: optimised website content for search engines; analysed campaign performance; delivered digital marketing campaigns; created marketing content. The candidate has worked with team members, communicated with stakeholders and completed assigned professional tasks.","Job title: Data Analyst. Sector: Data and Analytics. Minimum experience: 2 years. Education: Bachelor's degree in Data Science, Statistics or related subject. Required skills: Python, SQL, Excel, data analysis, data visualisation, statistics. Preferred skills: Power BI, Tableau, Pandas, machine learning, dashboard development. Responsibilities: Clean and analyse organisational data; Create reports and dashboards; Identify trends and patterns; Communicate findings to stakeholders; Support evidence-based decision making.",1,0.0,0.4795847535133362,0.7397923767566681,9.259942158590011,0.4438754260540008
CAND083,JOB003,Cybersecurity Analyst,"Candidate identifier: CAND083. Professional profile: Marketing Assistant. Education: Bachelor's degree in Computing. Professional experience: 7 years. Skills: Google Ads, campaign management, email marketing, keyword research, Canva, conversion optimisation, digital marketing, social media marketing, content marketing, SEO, Google Analytics. Experience evidence: optimised website content for search engines; analysed campaign performance; delivered digital marketing campaigns; created marketing content. The candidate has worked with team members, communicated with stakeholders and completed assigned professional tasks.","Job title: Cybersecurity Analyst. Sector: Cybersecurity. Minimum experience: 2 years. Education: Bachelor's degree in Cybersecurity, Computing or related subject. Required skills: network security, risk assessment, incident response, vulnerability assessment, SIEM, security monitoring. Preferred skills: penetration testing, Splunk, ISO 27001, NIST, Python, cloud security. Responsibilities: Monitor networks for security threats; Investigate security incidents; Conduct vulnerability assessments; Prepare risk and incident reports; Support security-policy implementation.",1,0.0,0.440326452255249,0.7201632261276245,6.560909301325969,0.4320979356765747
CAND083,JOB004,IT Project Manager,"Candidate identifier: CAND083. Professional profile: Marketing Assistant. Education: Bachelor's degree in Computing. Professional experience: 7 years. Skills: Google Ads, campaign management, email marketing, keyword research, Canva, conversion optimisation, digital marketing, social media marketing, content marketing, SEO, Google Analytics. Experience evidence: optimised website content for search engines; analysed campaign performance; delivered digital marketing campaigns; created marketing content. The candidate has worked with team members, communicated with stakeholders and completed assigned professional tasks.","Job title: IT Project Manager. Sector: Information Technology. Minimum experience: 3 years. Education: Bachelor's degree in IT, Business or related subject. Required skills: project management, stakeholder management, risk management, budget management, Agile, communication. Preferred skills: Scrum, Jira, PRINCE2, leadership, resource planning. Responsibilities: Plan and manage technology projects; Coordinate multidisciplinary teams; Control project risks and budgets; Report progress to stakeholders; Ensure timely delivery of project objectives.",1,0.0,0.4375215768814087,0.7187607884407043,6.892382847660369,0.4312564730644226
CAND083,JOB005,Digital Marketing Specialist,"Candidate identifier: CAND083. Professional profile: Marketing Assistant. Education: Bachelor's degree in Computing. Professional experience: 7 years. Skills: Google Ads, campaign management, email marketing, keyword research, Canva, conversion optimisation, digital marketing, social media marketing, content marketing, SEO, Google Analytics. Experience evidence: optimised website content for search engines; analysed campaign performance; delivered digital marketing campaigns; created marketing content. The candidate has worked with team members, communicated with stakeholders and completed assigned professional tasks.","Job title: Digital Marketing Specialist. Sector: Marketing. Minimum experience: 2 years. Education: Bachelor's degree in Marketing, Business or related subject. Required skills: digital marketing, SEO, social media marketing, content marketing, Google Analytics, campaign management. Preferred skills: Google Ads, email marketing, Canva, copywriting, conversion optimisation. Responsibilities: Plan and deliver digital marketing campaigns; Optimise website content for search engines; Manage social media channels; Analyse campaign performance; Prepare marketing-performance reports.",3,0.9600000000000001,0.7489274740219116,0.8744637370109558,79.0606147393227,0.9086782422065736
CAND084,JOB001,Software Engineer,"Candidate identifier: CAND084. Professional profile: SEO Specialist. Education: Bachelor's degree in Computing. Professional experience: 6 years. Skills: keyword research, campaign management, social media marketing, Canva, digital marketing, Google Analytics, Google Ads, conversion optimisation, copywriting, content marketing. Experience evidence: analysed campaign performance; managed social media channels. The candidate has worked with team members, communicated with stakeholders and completed assigned professional tasks.","Job title: Software Engineer. Sector: Technology. Minimum experience: 2 years. Education: Bachelor's degree in Computer Science or related subject. Required skills: Python, JavaScript, Git, SQL, REST APIs, software testing. Preferred skills: Docker, AWS, React, Agile, CI/CD. Responsibilities: Develop and maintain web applications; Design and integrate REST APIs; Write automated tests; Participate in code reviews; Work within an Agile development team.",1,0.0,0.42823734879493713,0.7141186743974686,7.014952424900071,0.42847120463848115
CAND084,JOB002,Data Analyst,"Candidate identifier: CAND084. Professional profile: SEO Specialist. Education: Bachelor's degree in Computing. Professional experience: 6 years. Skills: keyword research, campaign management, social media marketing, Canva, digital marketing, Google Analytics, Google Ads, conversion optimisation, copywriting, content marketing. Experience evidence: analysed campaign performance; managed social media channels. The candidate has worked with team members, communicated with stakeholders and completed assigned professional tasks.","Job title: Data Analyst. Sector: Data and Analytics. Minimum experience: 2 years. Education: Bachelor's degree in Data Science, Statistics or related subject. Required skills: Python, SQL, Excel, data analysis, data visualisation, statistics. Preferred skills: Power BI, Tableau, Pandas, machine learning, dashboard development. Responsibilities: Clean and analyse organisational data; Create reports and dashboards; Identify trends and patterns; Communicate findings to stakeholders; Support evidence-based decision making.",1,0.0,0.45017576217651367,0.7250878810882568,10.00190045419462,0.4350527286529541
CAND084,JOB003,Cybersecurity Analyst,"Candidate identifier: CAND084. Professional profile: SEO Specialist. Education: Bachelor's degree in Computing. Professional experience: 6 years. Skills: keyword research, campaign management, social media marketing, Canva, digital marketing, Google Analytics, Google Ads, conversion optimisation, copywriting, content marketing. Experience evidence: analysed campaign performance; managed social media channels. The candidate has worked with team members, communicated with stakeholders and completed assigned professional tasks.","Job title: Cybersecurity Analyst. Sector: Cybersecurity. Minimum experience: 2 years. Education: Bachelor's degree in Cybersecurity, Computing or related subject. Required skills: network security, risk assessment, incident response, vulnerability assessment, SIEM, security monitoring. Preferred skills: penetration testing, Splunk, ISO 27001, NIST, Python, cloud security. Responsibilities: Monitor networks for security threats; Investigate security incidents; Conduct vulnerability assessments; Prepare risk and incident reports; Support security-policy implementation.",1,0.0,0.40968871116638184,0.7048443555831909,6.473949033352026,0.42290661334991453
CAND084,JOB004,IT Project Manager,"Candidate identifier: CAND084. Professional profile: SEO Specialist. Education: Bachelor's degree in Computing. Professional experience: 6 years. Skills: keyword research, campaign management, social media marketing, Canva, digital marketing, Google Analytics, Google Ads, conversion optimisation, copywriting, content marketing. Experience evidence: analysed campaign performance; managed social media channels. The candidate has worked with team members, communicated with stakeholders and completed assigned professional tasks.","Job title: IT Project Manager. Sector: Information Technology. Minimum experience: 3 years. Education: Bachelor's degree in IT, Business or related subject. Required skills: project management, stakeholder management, risk management, budget management, Agile, communication. Preferred skills: Scrum, Jira, PRINCE2, leadership, resource planning. Responsibilities: Plan and manage technology projects; Coordinate multidisciplinary teams; Control project risks and budgets; Report progress to stakeholders; Ensure timely delivery of project objectives.",1,0.0,0.40283823013305664,0.7014191150665283,7.440436237672533,0.420851469039917
CAND084,JOB005,Digital Marketing Specialist,"Candidate identifier: CAND084. Professional profile: SEO Specialist. Education: Bachelor's degree in Computing. Professional experience: 6 years. Skills: keyword research, campaign management, social media marketing, Canva, digital marketing, Google Analytics, Google Ads, conversion optimisation, copywriting, content marketing. Experience evidence: analysed campaign performance; managed social media channels. The candidate has worked with team members, communicated with stakeholders and completed assigned professional tasks.","Job title: Digital Marketing Specialist. Sector: Marketing. Minimum experience: 2 years. Education: Bachelor's degree in Marketing, Business or related subject. Required skills: digital marketing, SEO, social media marketing, content marketing, Google Analytics, campaign management. Preferred skills: Google Ads, email marketing, Canva, copywriting, conversion optimisation. Responsibilities: Plan and deliver digital marketing campaigns; Optimise website content for search engines; Manage social media channels; Analyse campaign performance; Prepare marketing-performance reports.",3,0.9600000000000001,0.7047446966171265,0.8523723483085632,73.1255511685271,0.8954234089851381
CAND085,JOB001,Software Engineer,"Candidate identifier: CAND085. Professional profile: Digital Marketing Executive. Education: Master's degree in Information Technology. Professional experience: 4 years. Skills: campaign management, SEO, copywriting, Canva, content marketing, conversion optimisation, keyword research, email marketing, Google Ads, digital marketing, Google Analytics, social media marketing. Experience evidence: managed social media channels; created marketing content. The candidate has worked with team members, communicated with stakeholders and completed assigned professional tasks.","Job title: Software Engineer. Sector: Technology. Minimum experience: 2 years. Education: Bachelor's degree in Computer Science or related subject. Required skills: Python, JavaScript, Git, SQL, REST APIs, software testing. Preferred skills: Docker, AWS, React, Agile, CI/CD. Responsibilities: Develop and maintain web applications; Design and integrate REST APIs; Write automated tests; Participate in code reviews; Work within an Agile development team.",1,0.0,0.44560396671295166,0.7228019833564758,7.068757479034222,0.4336811900138855
CAND085,JOB002,Data Analyst,"Candidate identifier: CAND085. Professional profile: Digital Marketing Executive. Education: Master's degree in Information Technology. Professional experience: 4 years. Skills: campaign management, SEO, copywriting, Canva, content marketing, conversion optimisation, keyword research, email marketing, Google Ads, digital marketing, Google Analytics, social media marketing. Experience evidence: managed social media channels; created marketing content. The candidate has worked with team members, communicated with stakeholders and completed assigned professional tasks.","Job title: Data Analyst. Sector: Data and Analytics. Minimum experience: 2 years. Education: Bachelor's degree in Data Science, Statistics or related subject. Required skills: Python, SQL, Excel, data analysis, data visualisation, statistics. Preferred skills: Power BI, Tableau, Pandas, machine learning, dashboard development. Responsibilities: Clean and analyse organisational data; Create reports and dashboards; Identify trends and patterns; Communicate findings to stakeholders; Support evidence-based decision making.",0,0.0,0.43910372257232666,0.7195518612861633,9.146821383240155,0.431731116771698
CAND085,JOB003,Cybersecurity Analyst,"Candidate identifier: CAND085. Professional profile: Digital Marketing Executive. Education: Master's degree in Information Technology. Professional experience: 4 years. Skills: campaign management, SEO, copywriting, Canva, content marketing, conversion optimisation, keyword research, email marketing, Google Ads, digital marketing, Google Analytics, social media marketing. Experience evidence: managed social media channels; created marketing content. The candidate has worked with team members, communicated with stakeholders and completed assigned professional tasks.","Job title: Cybersecurity Analyst. Sector: Cybersecurity. Minimum experience: 2 years. Education: Bachelor's degree in Cybersecurity, Computing or related subject. Required skills: network security, risk assessment, incident response, vulnerability assessment, SIEM, security monitoring. Preferred skills: penetration testing, Splunk, ISO 27001, NIST, Python, cloud security. Responsibilities: Monitor networks for security threats; Investigate security incidents; Conduct vulnerability assessments; Prepare risk and incident reports; Support security-policy implementation.",1,0.0,0.43342483043670654,0.7167124152183533,4.756506553205261,0.43002744913101193
CAND085,JOB004,IT Project Manager,"Candidate identifier: CAND085. Professional profile: Digital Marketing Executive. Education: Master's degree in Information Technology. Professional experience: 4 years. Skills: campaign management, SEO, copywriting, Canva, content marketing, conversion optimisation, keyword research, email marketing, Google Ads, digital marketing, Google Analytics, social media marketing. Experience evidence: managed social media channels; created marketing content. The candidate has worked with team members, communicated with stakeholders and completed assigned professional tasks.","Job title: IT Project Manager. Sector: Information Technology. Minimum experience: 3 years. Education: Bachelor's degree in IT, Business or related subject. Required skills: project management, stakeholder management, risk management, budget management, Agile, communication. Preferred skills: Scrum, Jira, PRINCE2, leadership, resource planning. Responsibilities: Plan and manage technology projects; Coordinate multidisciplinary teams; Control project risks and budgets; Report progress to stakeholders; Ensure timely delivery of project objectives.",1,0.0,0.4647952914237976,0.7323976457118988,8.994022318077002,0.43943858742713926
CAND085,JOB005,Digital Marketing Specialist,"Candidate identifier: CAND085. Professional profile: Digital Marketing Executive. Education: Master's degree in Information Technology. Professional experience: 4 years. Skills: campaign management, SEO, copywriting, Canva, content marketing, conversion optimisation, keyword research, email marketing, Google Ads, digital marketing, Google Analytics, social media marketing. Experience evidence: managed social media channels; created marketing content. The candidate has worked with team members, communicated with stakeholders and completed assigned professional tasks.","Job title: Digital Marketing Specialist. Sector: Marketing. Minimum experience: 2 years. Education: Bachelor's degree in Marketing, Business or related subject. Required skills: digital marketing, SEO, social media marketing, content marketing, Google Analytics, campaign management. Preferred skills: Google Ads, email marketing, Canva, copywriting, conversion optimisation. Responsibilities: Plan and deliver digital marketing campaigns; Optimise website content for search engines; Manage social media channels; Analyse campaign performance; Prepare marketing-performance reports.",3,1.0,0.7069804668426514,0.8534902334213257,73.65504343801747,0.9120941400527954
CAND086,JOB001,Software Engineer,"Candidate identifier: CAND086. Professional profile: Digital Marketing Executive. Education: Professional diploma with relevant training. Professional experience: 8 years. Skills: copywriting, conversion optimisation, Google Analytics, digital marketing, social media marketing, email marketing. Experience evidence: managed social media channels; prepared performance reports; delivered digital marketing campaigns; analysed campaign performance. The candidate has worked with team members, communicated with stakeholders and completed assigned professional tasks.","Job title: Software Engineer. Sector: Technology. Minimum experience: 2 years. Education: Bachelor's degree in Computer Science or related subject. Required skills: Python, JavaScript, Git, SQL, REST APIs, software testing. Preferred skills: Docker, AWS, React, Agile, CI/CD. Responsibilities: Develop and maintain web applications; Design and integrate REST APIs; Write automated tests; Participate in code reviews; Work within an Agile development team.",0,0.0,0.4079565405845642,0.7039782702922821,4.372623270057359,0.42238696217536925
CAND086,JOB002,Data Analyst,"Candidate identifier: CAND086. Professional profile: Digital Marketing Executive. Education: Professional diploma with relevant training. Professional experience: 8 years. Skills: copywriting, conversion optimisation, Google Analytics, digital marketing, social media marketing, email marketing. Experience evidence: managed social media channels; prepared performance reports; delivered digital marketing campaigns; analysed campaign performance. The candidate has worked with team members, communicated with stakeholders and completed assigned professional tasks.","Job title: Data Analyst. Sector: Data and Analytics. Minimum experience: 2 years. Education: Bachelor's degree in Data Science, Statistics or related subject. Required skills: Python, SQL, Excel, data analysis, data visualisation, statistics. Preferred skills: Power BI, Tableau, Pandas, machine learning, dashboard development. Responsibilities: Clean and analyse organisational data; Create reports and dashboards; Identify trends and patterns; Communicate findings to stakeholders; Support evidence-based decision making.",0,0.0,0.43883946537971497,0.7194197326898575,8.292032668568972,0.43165183961391446
CAND086,JOB003,Cybersecurity Analyst,"Candidate identifier: CAND086. Professional profile: Digital Marketing Executive. Education: Professional diploma with relevant training. Professional experience: 8 years. Skills: copywriting, conversion optimisation, Google Analytics, digital marketing, social media marketing, email marketing. Experience evidence: managed social media channels; prepared performance reports; delivered digital marketing campaigns; analysed campaign performance. The candidate has worked with team members, communicated with stakeholders and completed assigned professional tasks.","Job title: Cybersecurity Analyst. Sector: Cybersecurity. Minimum experience: 2 years. Education: Bachelor's degree in Cybersecurity, Computing or related subject. Required skills: network security, risk assessment, incident response, vulnerability assessment, SIEM, security monitoring. Preferred skills: penetration testing, Splunk, ISO 27001, NIST, Python, cloud security. Responsibilities: Monitor networks for security threats; Investigate security incidents; Conduct vulnerability assessments; Prepare risk and incident reports; Support security-policy implementation.",0,0.0,0.42169779539108276,0.7108488976955414,3.771931396088595,0.4265093386173248
CAND086,JOB004,IT Project Manager,"Candidate identifier: CAND086. Professional profile: Digital Marketing Executive. Education: Professional diploma with relevant training. Professional experience: 8 years. Skills: copywriting, conversion optimisation, Google Analytics, digital marketing, social media marketing, email marketing. Experience evidence: managed social media channels; prepared performance reports; delivered digital marketing campaigns; analysed campaign performance. The candidate has worked with team members, communicated with stakeholders and completed assigned professional tasks.","Job title: IT Project Manager. Sector: Information Technology. Minimum experience: 3 years. Education: Bachelor's degree in IT, Business or related subject. Required skills: project management, stakeholder management, risk management, budget management, Agile, communication. Preferred skills: Scrum, Jira, PRINCE2, leadership, resource planning. Responsibilities: Plan and manage technology projects; Coordinate multidisciplinary teams; Control project risks and budgets; Report progress to stakeholders; Ensure timely delivery of project objectives.",0,0.0,0.4522707462310791,0.7261353731155396,4.372623270057359,0.43568122386932373
CAND086,JOB005,Digital Marketing Specialist,"Candidate identifier: CAND086. Professional profile: Digital Marketing Executive. Education: Professional diploma with relevant training. Professional experience: 8 years. Skills: copywriting, conversion optimisation, Google Analytics, digital marketing, social media marketing, email marketing. Experience evidence: managed social media channels; prepared performance reports; delivered digital marketing campaigns; analysed campaign performance. The candidate has worked with team members, communicated with stakeholders and completed assigned professional tasks.","Job title: Digital Marketing Specialist. Sector: Marketing. Minimum experience: 2 years. Education: Bachelor's degree in Marketing, Business or related subject. Required skills: digital marketing, SEO, social media marketing, content marketing, Google Analytics, campaign management. Preferred skills: Google Ads, email marketing, Canva, copywriting, conversion optimisation. Responsibilities: Plan and deliver digital marketing campaigns; Optimise website content for search engines; Manage social media channels; Analyse campaign performance; Prepare marketing-performance reports.",2,0.6533333333333333,0.6923215389251709,0.8461607694625854,68.46407658133883,0.7690297950108846
CAND087,JOB001,Software Engineer,"Candidate identifier: CAND087. Professional profile: Digital Marketing Specialist. Education: Professional diploma with relevant training. Professional experience: 6 years. Skills: social media marketing, conversion optimisation, digital marketing, SEO, content marketing, email marketing. Experience evidence: analysed campaign performance; managed social media channels; optimised website content for search engines; prepared performance reports; created marketing content. The candidate has worked with team members, communicated with stakeholders and completed assigned professional tasks.","Job title: Software Engineer. Sector: Technology. Minimum experience: 2 years. Education: Bachelor's degree in Computer Science or related subject. Required skills: Python, JavaScript, Git, SQL, REST APIs, software testing. Preferred skills: Docker, AWS, React, Agile, CI/CD. Responsibilities: Develop and maintain web applications; Design and integrate REST APIs; Write automated tests; Participate in code reviews; Work within an Agile development team.",0,0.0,0.42832499742507935,0.7141624987125397,4.224100049546661,0.4284974992275238
CAND087,JOB002,Data Analyst,"Candidate identifier: CAND087. Professional profile: Digital Marketing Specialist. Education: Professional diploma with relevant training. Professional experience: 6 years. Skills: social media marketing, conversion optimisation, digital marketing, SEO, content marketing, email marketing. Experience evidence: analysed campaign performance; managed social media channels; optimised website content for search engines; prepared performance reports; created marketing content. The candidate has worked with team members, communicated with stakeholders and completed assigned professional tasks.","Job title: Data Analyst. Sector: Data and Analytics. Minimum experience: 2 years. Education: Bachelor's degree in Data Science, Statistics or related subject. Required skills: Python, SQL, Excel, data analysis, data visualisation, statistics. Preferred skills: Power BI, Tableau, Pandas, machine learning, dashboard development. Responsibilities: Clean and analyse organisational data; Create reports and dashboards; Identify trends and patterns; Communicate findings to stakeholders; Support evidence-based decision making.",0,0.0,0.43941009044647217,0.7197050452232361,6.144492039945466,0.43182302713394166
CAND087,JOB003,Cybersecurity Analyst,"Candidate identifier: CAND087. Professional profile: Digital Marketing Specialist. Education: Professional diploma with relevant training. Professional experience: 6 years. Skills: social media marketing, conversion optimisation, digital marketing, SEO, content marketing, email marketing. Experience evidence: analysed campaign performance; managed social media channels; optimised website content for search engines; prepared performance reports; created marketing content. The candidate has worked with team members, communicated with stakeholders and completed assigned professional tasks.","Job title: Cybersecurity Analyst. Sector: Cybersecurity. Minimum experience: 2 years. Education: Bachelor's degree in Cybersecurity, Computing or related subject. Required skills: network security, risk assessment, incident response, vulnerability assessment, SIEM, security monitoring. Preferred skills: penetration testing, Splunk, ISO 27001, NIST, Python, cloud security. Responsibilities: Monitor networks for security threats; Investigate security incidents; Conduct vulnerability assessments; Prepare risk and incident reports; Support security-policy implementation.",0,0.0,0.4392896294593811,0.7196448147296906,4.226685914172058,0.4317868888378143
CAND087,JOB004,IT Project Manager,"Candidate identifier: CAND087. Professional profile: Digital Marketing Specialist. Education: Professional diploma with relevant training. Professional experience: 6 years. Skills: social media marketing, conversion optimisation, digital marketing, SEO, content marketing, email marketing. Experience evidence: analysed campaign performance; managed social media channels; optimised website content for search engines; prepared performance reports; created marketing content. The candidate has worked with team members, communicated with stakeholders and completed assigned professional tasks.","Job title: IT Project Manager. Sector: Information Technology. Minimum experience: 3 years. Education: Bachelor's degree in IT, Business or related subject. Required skills: project management, stakeholder management, risk management, budget management, Agile, communication. Preferred skills: Scrum, Jira, PRINCE2, leadership, resource planning. Responsibilities: Plan and manage technology projects; Coordinate multidisciplinary teams; Control project risks and budgets; Report progress to stakeholders; Ensure timely delivery of project objectives.",0,0.0,0.46820491552352905,0.7341024577617645,4.224100049546661,0.4404614746570587
CAND087,JOB005,Digital Marketing Specialist,"Candidate identifier: CAND087. Professional profile: Digital Marketing Specialist. Education: Professional diploma with relevant training. Professional experience: 6 years. Skills: social media marketing, conversion optimisation, digital marketing, SEO, content marketing, email marketing. Experience evidence: analysed campaign performance; managed social media channels; optimised website content for search engines; prepared performance reports; created marketing content. The candidate has worked with team members, communicated with stakeholders and completed assigned professional tasks.","Job title: Digital Marketing Specialist. Sector: Marketing. Minimum experience: 2 years. Education: Bachelor's degree in Marketing, Business or related subject. Required skills: digital marketing, SEO, social media marketing, content marketing, Google Analytics, campaign management. Preferred skills: Google Ads, email marketing, Canva, copywriting, conversion optimisation. Responsibilities: Plan and deliver digital marketing campaigns; Optimise website content for search engines; Manage social media channels; Analyse campaign performance; Prepare marketing-performance reports.",3,0.6133333333333333,0.7228730916976929,0.8614365458488464,72.07747086891504,0.7621952608426411
CAND088,JOB001,Software Engineer,"Candidate identifier: CAND088. Professional profile: SEO Specialist. Education: Bachelor's degree in Data Science. Professional experience: 1 years. Skills: social media marketing, keyword research, copywriting, digital marketing, SEO, conversion optimisation. Experience evidence: prepared performance reports; analysed campaign performance; created marketing content; managed social media channels; optimised website content for search engines. The candidate has worked with team members, communicated with stakeholders and completed assigned professional tasks.","Job title: Software Engineer. Sector: Technology. Minimum experience: 2 years. Education: Bachelor's degree in Computer Science or related subject. Required skills: Python, JavaScript, Git, SQL, REST APIs, software testing. Preferred skills: Docker, AWS, React, Agile, CI/CD. Responsibilities: Develop and maintain web applications; Design and integrate REST APIs; Write automated tests; Participate in code reviews; Work within an Agile development team.",1,0.0,0.4489673972129822,0.7244836986064911,8.138988893428149,0.43469021916389466
CAND088,JOB002,Data Analyst,"Candidate identifier: CAND088. Professional profile: SEO Specialist. Education: Bachelor's degree in Data Science. Professional experience: 1 years. Skills: social media marketing, keyword research, copywriting, digital marketing, SEO, conversion optimisation. Experience evidence: prepared performance reports; analysed campaign performance; created marketing content; managed social media channels; optimised website content for search engines. The candidate has worked with team members, communicated with stakeholders and completed assigned professional tasks.","Job title: Data Analyst. Sector: Data and Analytics. Minimum experience: 2 years. Education: Bachelor's degree in Data Science, Statistics or related subject. Required skills: Python, SQL, Excel, data analysis, data visualisation, statistics. Preferred skills: Power BI, Tableau, Pandas, machine learning, dashboard development. Responsibilities: Clean and analyse organisational data; Create reports and dashboards; Identify trends and patterns; Communicate findings to stakeholders; Support evidence-based decision making.",1,0.0,0.4707164466381073,0.7353582233190536,13.336946968889524,0.4412149339914322
CAND088,JOB003,Cybersecurity Analyst,"Candidate identifier: CAND088. Professional profile: SEO Specialist. Education: Bachelor's degree in Data Science. Professional experience: 1 years. Skills: social media marketing, keyword research, copywriting, digital marketing, SEO, conversion optimisation. Experience evidence: prepared performance reports; analysed campaign performance; created marketing content; managed social media channels; optimised website content for search engines. The candidate has worked with team members, communicated with stakeholders and completed assigned professional tasks.","Job title: Cybersecurity Analyst. Sector: Cybersecurity. Minimum experience: 2 years. Education: Bachelor's degree in Cybersecurity, Computing or related subject. Required skills: network security, risk assessment, incident response, vulnerability assessment, SIEM, security monitoring. Preferred skills: penetration testing, Splunk, ISO 27001, NIST, Python, cloud security. Responsibilities: Monitor networks for security threats; Investigate security incidents; Conduct vulnerability assessments; Prepare risk and incident reports; Support security-policy implementation.",0,0.0,0.437467098236084,0.718733549118042,6.269683718961734,0.4312401294708252
CAND088,JOB004,IT Project Manager,"Candidate identifier: CAND088. Professional profile: SEO Specialist. Education: Bachelor's degree in Data Science. Professional experience: 1 years. Skills: social media marketing, keyword research, copywriting, digital marketing, SEO, conversion optimisation. Experience evidence: prepared performance reports; analysed campaign performance; created marketing content; managed social media channels; optimised website content for search engines. The candidate has worked with team members, communicated with stakeholders and completed assigned professional tasks.","Job title: IT Project Manager. Sector: Information Technology. Minimum experience: 3 years. Education: Bachelor's degree in IT, Business or related subject. Required skills: project management, stakeholder management, risk management, budget management, Agile, communication. Preferred skills: Scrum, Jira, PRINCE2, leadership, resource planning. Responsibilities: Plan and manage technology projects; Coordinate multidisciplinary teams; Control project risks and budgets; Report progress to stakeholders; Ensure timely delivery of project objectives.",0,0.0,0.41879600286483765,0.7093980014324188,6.267079292242803,0.42563880085945127
CAND088,JOB005,Digital Marketing Specialist,"Candidate identifier: CAND088. Professional profile: SEO Specialist. Education: Bachelor's degree in Data Science. Professional experience: 1 years. Skills: social media marketing, keyword research, copywriting, digital marketing, SEO, conversion optimisation. Experience evidence: prepared performance reports; analysed campaign performance; created marketing content; managed social media channels; optimised website content for search engines. The candidate has worked with team members, communicated with stakeholders and completed assigned professional tasks.","Job title: Digital Marketing Specialist. Sector: Marketing. Minimum experience: 2 years. Education: Bachelor's degree in Marketing, Business or related subject. Required skills: digital marketing, SEO, social media marketing, content marketing, Google Analytics, campaign management. Preferred skills: Google Ads, email marketing, Canva, copywriting, conversion optimisation. Responsibilities: Plan and deliver digital marketing campaigns; Optimise website content for search engines; Manage social media channels; Analyse campaign performance; Prepare marketing-performance reports.",2,0.6133333333333333,0.679490327835083,0.8397451639175415,68.16748923018405,0.7491804316838582
CAND089,JOB001,Software Engineer,"Candidate identifier: CAND089. Professional profile: Marketing Assistant. Education: Bachelor's degree in Computing. Professional experience: 3 years. Skills: campaign management, Google Ads, SEO, Google Analytics, email marketing, Canva. Experience evidence: delivered digital marketing campaigns; optimised website content for search engines; analysed campaign performance; managed social media channels. The candidate has worked with team members, communicated with stakeholders and completed assigned professional tasks.","Job title: Software Engineer. Sector: Technology. Minimum experience: 2 years. Education: Bachelor's degree in Computer Science or related subject. Required skills: Python, JavaScript, Git, SQL, REST APIs, software testing. Preferred skills: Docker, AWS, React, Agile, CI/CD. Responsibilities: Develop and maintain web applications; Design and integrate REST APIs; Write automated tests; Participate in code reviews; Work within an Agile development team.",1,0.0,0.44779980182647705,0.7238999009132385,6.9646703950860855,0.4343399405479431
CAND089,JOB002,Data Analyst,"Candidate identifier: CAND089. Professional profile: Marketing Assistant. Education: Bachelor's degree in Computing. Professional experience: 3 years. Skills: campaign management, Google Ads, SEO, Google Analytics, email marketing, Canva. Experience evidence: delivered digital marketing campaigns; optimised website content for search engines; analysed campaign performance; managed social media channels. The candidate has worked with team members, communicated with stakeholders and completed assigned professional tasks.","Job title: Data Analyst. Sector: Data and Analytics. Minimum experience: 2 years. Education: Bachelor's degree in Data Science, Statistics or related subject. Required skills: Python, SQL, Excel, data analysis, data visualisation, statistics. Preferred skills: Power BI, Tableau, Pandas, machine learning, dashboard development. Responsibilities: Clean and analyse organisational data; Create reports and dashboards; Identify trends and patterns; Communicate findings to stakeholders; Support evidence-based decision making.",1,0.0,0.47012895345687866,0.7350644767284393,9.929543392549228,0.4410386860370636
CAND089,JOB003,Cybersecurity Analyst,"Candidate identifier: CAND089. Professional profile: Marketing Assistant. Education: Bachelor's degree in Computing. Professional experience: 3 years. Skills: campaign management, Google Ads, SEO, Google Analytics, email marketing, Canva. Experience evidence: delivered digital marketing campaigns; optimised website content for search engines; analysed campaign performance; managed social media channels. The candidate has worked with team members, communicated with stakeholders and completed assigned professional tasks.","Job title: Cybersecurity Analyst. Sector: Cybersecurity. Minimum experience: 2 years. Education: Bachelor's degree in Cybersecurity, Computing or related subject. Required skills: network security, risk assessment, incident response, vulnerability assessment, SIEM, security monitoring. Preferred skills: penetration testing, Splunk, ISO 27001, NIST, Python, cloud security. Responsibilities: Monitor networks for security threats; Investigate security incidents; Conduct vulnerability assessments; Prepare risk and incident reports; Support security-policy implementation.",1,0.0,0.42694956064224243,0.7134747803211212,7.031038580454458,0.4280848681926727
CAND089,JOB004,IT Project Manager,"Candidate identifier: CAND089. Professional profile: Marketing Assistant. Education: Bachelor's degree in Computing. Professional experience: 3 years. Skills: campaign management, Google Ads, SEO, Google Analytics, email marketing, Canva. Experience evidence: delivered digital marketing campaigns; optimised website content for search engines; analysed campaign performance; managed social media channels. The candidate has worked with team members, communicated with stakeholders and completed assigned professional tasks.","Job title: IT Project Manager. Sector: Information Technology. Minimum experience: 3 years. Education: Bachelor's degree in IT, Business or related subject. Required skills: project management, stakeholder management, risk management, budget management, Agile, communication. Preferred skills: Scrum, Jira, PRINCE2, leadership, resource planning. Responsibilities: Plan and manage technology projects; Coordinate multidisciplinary teams; Control project risks and budgets; Report progress to stakeholders; Ensure timely delivery of project objectives.",1,0.0,0.42793071269989014,0.7139653563499451,9.508827997950776,0.428379213809967
CAND089,JOB005,Digital Marketing Specialist,"Candidate identifier: CAND089. Professional profile: Marketing Assistant. Education: Bachelor's degree in Computing. Professional experience: 3 years. Skills: campaign management, Google Ads, SEO, Google Analytics, email marketing, Canva. Experience evidence: delivered digital marketing campaigns; optimised website content for search engines; analysed campaign performance; managed social media channels. The candidate has worked with team members, communicated with stakeholders and completed assigned professional tasks.","Job title: Digital Marketing Specialist. Sector: Marketing. Minimum experience: 2 years. Education: Bachelor's degree in Marketing, Business or related subject. Required skills: digital marketing, SEO, social media marketing, content marketing, Google Analytics, campaign management. Preferred skills: Google Ads, email marketing, Canva, copywriting, conversion optimisation. Responsibilities: Plan and deliver digital marketing campaigns; Optimise website content for search engines; Manage social media channels; Analyse campaign performance; Prepare marketing-performance reports.",2,0.6533333333333333,0.7127330303192139,0.8563665151596069,72.4097377256651,0.7751532424290974
CAND090,JOB001,Software Engineer,"Candidate identifier: CAND090. Professional profile: Digital Marketing Specialist. Education: Bachelor's degree in Computing. Professional experience: 3 years. Skills: content marketing, social media marketing, Google Analytics, copywriting, campaign management, digital marketing, Google Ads, keyword research. Experience evidence: optimised website content for search engines; prepared performance reports; analysed campaign performance; managed social media channels; delivered digital marketing campaigns. The candidate has worked with team members, communicated with stakeholders and completed assigned professional tasks.","Job title: Software Engineer. Sector: Technology. Minimum experience: 2 years. Education: Bachelor's degree in Computer Science or related subject. Required skills: Python, JavaScript, Git, SQL, REST APIs, software testing. Preferred skills: Docker, AWS, React, Agile, CI/CD. Responsibilities: Develop and maintain web applications; Design and integrate REST APIs; Write automated tests; Participate in code reviews; Work within an Agile development team.",1,0.0,0.43524694442749023,0.7176234722137451,6.499108502431739,0.43057408332824704
CAND090,JOB002,Data Analyst,"Candidate identifier: CAND090. Professional profile: Digital Marketing Specialist. Education: Bachelor's degree in Computing. Professional experience: 3 years. Skills: content marketing, social media marketing, Google Analytics, copywriting, campaign management, digital marketing, Google Ads, keyword research. Experience evidence: optimised website content for search engines; prepared performance reports; analysed campaign performance; managed social media channels; delivered digital marketing campaigns. The candidate has worked with team members, communicated with stakeholders and completed assigned professional tasks.","Job title: Data Analyst. Sector: Data and Analytics. Minimum experience: 2 years. Education: Bachelor's degree in Data Science, Statistics or related subject. Required skills: Python, SQL, Excel, data analysis, data visualisation, statistics. Preferred skills: Power BI, Tableau, Pandas, machine learning, dashboard development. Responsibilities: Clean and analyse organisational data; Create reports and dashboards; Identify trends and patterns; Communicate findings to stakeholders; Support evidence-based decision making.",1,0.0,0.4646989107131958,0.7323494553565979,9.666055349558917,0.43940967321395874
CAND090,JOB003,Cybersecurity Analyst,"Candidate identifier: CAND090. Professional profile: Digital Marketing Specialist. Education: Bachelor's degree in Computing. Professional experience: 3 years. Skills: content marketing, social media marketing, Google Analytics, copywriting, campaign management, digital marketing, Google Ads, keyword research. Experience evidence: optimised website content for search engines; prepared performance reports; analysed campaign performance; managed social media channels; delivered digital marketing campaigns. The candidate has worked with team members, communicated with stakeholders and completed assigned professional tasks.","Job title: Cybersecurity Analyst. Sector: Cybersecurity. Minimum experience: 2 years. Education: Bachelor's degree in Cybersecurity, Computing or related subject. Required skills: network security, risk assessment, incident response, vulnerability assessment, SIEM, security monitoring. Preferred skills: penetration testing, Splunk, ISO 27001, NIST, Python, cloud security. Responsibilities: Monitor networks for security threats; Investigate security incidents; Conduct vulnerability assessments; Prepare risk and incident reports; Support security-policy implementation.",1,0.0,0.4504687190055847,0.7252343595027924,6.967022492294873,0.4351406157016754
CAND090,JOB004,IT Project Manager,"Candidate identifier: CAND090. Professional profile: Digital Marketing Specialist. Education: Bachelor's degree in Computing. Professional experience: 3 years. Skills: content marketing, social media marketing, Google Analytics, copywriting, campaign management, digital marketing, Google Ads, keyword research. Experience evidence: optimised website content for search engines; prepared performance reports; analysed campaign performance; managed social media channels; delivered digital marketing campaigns. The candidate has worked with team members, communicated with stakeholders and completed assigned professional tasks.","Job title: IT Project Manager. Sector: Information Technology. Minimum experience: 3 years. Education: Bachelor's degree in IT, Business or related subject. Required skills: project management, stakeholder management, risk management, budget management, Agile, communication. Preferred skills: Scrum, Jira, PRINCE2, leadership, resource planning. Responsibilities: Plan and manage technology projects; Coordinate multidisciplinary teams; Control project risks and budgets; Report progress to stakeholders; Ensure timely delivery of project objectives.",1,0.0,0.44865161180496216,0.7243258059024811,8.868179940759719,0.43459548354148864
CAND090,JOB005,Digital Marketing Specialist,"Candidate identifier: CAND090. Professional profile: Digital Marketing Specialist. Education: Bachelor's degree in Computing. Professional experience: 3 years. Skills: content marketing, social media marketing, Google Analytics, copywriting, campaign management, digital marketing, Google Ads, keyword research. Experience evidence: optimised website content for search engines; prepared performance reports; analysed campaign performance; managed social media channels; delivered digital marketing campaigns. The candidate has worked with team members, communicated with stakeholders and completed assigned professional tasks.","Job title: Digital Marketing Specialist. Sector: Marketing. Minimum experience: 2 years. Education: Bachelor's degree in Marketing, Business or related subject. Required skills: digital marketing, SEO, social media marketing, content marketing, Google Analytics, campaign management. Preferred skills: Google Ads, email marketing, Canva, copywriting, conversion optimisation. Responsibilities: Plan and deliver digital marketing campaigns; Optimise website content for search engines; Manage social media channels; Analyse campaign performance; Prepare marketing-performance reports.",3,0.7466666666666668,0.7460888028144836,0.8730444014072418,78.68880214996317,0.8224933075110118
CAND091,JOB001,Software Engineer,"Candidate identifier: CAND091. Professional profile: SEO Specialist. Education: Bachelor's degree in Computing. Professional experience: 6 years. Skills: Google Ads, digital marketing, email marketing, SEO, campaign management, Google Analytics. Experience evidence: created marketing content; analysed campaign performance; prepared performance reports; optimised website content for search engines; delivered digital marketing campaigns. The candidate has worked with team members, communicated with stakeholders and completed assigned professional tasks.","Job title: Software Engineer. Sector: Technology. Minimum experience: 2 years. Education: Bachelor's degree in Computer Science or related subject. Required skills: Python, JavaScript, Git, SQL, REST APIs, software testing. Preferred skills: Docker, AWS, React, Agile, CI/CD. Responsibilities: Develop and maintain web applications; Design and integrate REST APIs; Write automated tests; Participate in code reviews; Work within an Agile development team.",1,0.0,0.4498995542526245,0.7249497771263123,6.818091199095423,0.4349698662757873
CAND091,JOB002,Data Analyst,"Candidate identifier: CAND091. Professional profile: SEO Specialist. Education: Bachelor's degree in Computing. Professional experience: 6 years. Skills: Google Ads, digital marketing, email marketing, SEO, campaign management, Google Analytics. Experience evidence: created marketing content; analysed campaign performance; prepared performance reports; optimised website content for search engines; delivered digital marketing campaigns. The candidate has worked with team members, communicated with stakeholders and completed assigned professional tasks.","Job title: Data Analyst. Sector: Data and Analytics. Minimum experience: 2 years. Education: Bachelor's degree in Data Science, Statistics or related subject. Required skills: Python, SQL, Excel, data analysis, data visualisation, statistics. Preferred skills: Power BI, Tableau, Pandas, machine learning, dashboard development. Responsibilities: Clean and analyse organisational data; Create reports and dashboards; Identify trends and patterns; Communicate findings to stakeholders; Support evidence-based decision making.",1,0.0,0.4778129458427429,0.7389064729213715,10.145321511066998,0.44334388375282285
CAND091,JOB003,Cybersecurity Analyst,"Candidate identifier: CAND091. Professional profile: SEO Specialist. Education: Bachelor's degree in Computing. Professional experience: 6 years. Skills: Google Ads, digital marketing, email marketing, SEO, campaign management, Google Analytics. Experience evidence: created marketing content; analysed campaign performance; prepared performance reports; optimised website content for search engines; delivered digital marketing campaigns. The candidate has worked with team members, communicated with stakeholders and completed assigned professional tasks.","Job title: Cybersecurity Analyst. Sector: Cybersecurity. Minimum experience: 2 years. Education: Bachelor's degree in Cybersecurity, Computing or related subject. Required skills: network security, risk assessment, incident response, vulnerability assessment, SIEM, security monitoring. Preferred skills: penetration testing, Splunk, ISO 27001, NIST, Python, cloud security. Responsibilities: Monitor networks for security threats; Investigate security incidents; Conduct vulnerability assessments; Prepare risk and incident reports; Support security-policy implementation.",1,0.0,0.4405261278152466,0.7202630639076233,7.309686949077917,0.43215783834457394
CAND091,JOB004,IT Project Manager,"Candidate identifier: CAND091. Professional profile: SEO Specialist. Education: Bachelor's degree in Computing. Professional experience: 6 years. Skills: Google Ads, digital marketing, email marketing, SEO, campaign management, Google Analytics. Experience evidence: created marketing content; analysed campaign performance; prepared performance reports; optimised website content for search engines; delivered digital marketing campaigns. The candidate has worked with team members, communicated with stakeholders and completed assigned professional tasks.","Job title: IT Project Manager. Sector: Information Technology. Minimum experience: 3 years. Education: Bachelor's degree in IT, Business or related subject. Required skills: project management, stakeholder management, risk management, budget management, Agile, communication. Preferred skills: Scrum, Jira, PRINCE2, leadership, resource planning. Responsibilities: Plan and manage technology projects; Coordinate multidisciplinary teams; Control project risks and budgets; Report progress to stakeholders; Ensure timely delivery of project objectives.",1,0.0,0.41140851378440857,0.7057042568922043,7.2312696910402625,0.42342255413532254
CAND091,JOB005,Digital Marketing Specialist,"Candidate identifier: CAND091. Professional profile: SEO Specialist. Education: Bachelor's degree in Computing. Professional experience: 6 years. Skills: Google Ads, digital marketing, email marketing, SEO, campaign management, Google Analytics. Experience evidence: created marketing content; analysed campaign performance; prepared performance reports; optimised website content for search engines; delivered digital marketing campaigns. The candidate has worked with team members, communicated with stakeholders and completed assigned professional tasks.","Job title: Digital Marketing Specialist. Sector: Marketing. Minimum experience: 2 years. Education: Bachelor's degree in Marketing, Business or related subject. Required skills: digital marketing, SEO, social media marketing, content marketing, Google Analytics, campaign management. Preferred skills: Google Ads, email marketing, Canva, copywriting, conversion optimisation. Responsibilities: Plan and deliver digital marketing campaigns; Optimise website content for search engines; Manage social media channels; Analyse campaign performance; Prepare marketing-performance reports.",3,0.7466666666666668,0.720046877861023,0.8600234389305115,70.41647523812546,0.8146807300249737
CAND092,JOB001,Software Engineer,"Candidate identifier: CAND092. Professional profile: Marketing Assistant. Education: Master's degree in Information Technology. Professional experience: 5 years. Skills: copywriting, email marketing, campaign management, SEO, Google Ads, conversion optimisation, digital marketing. Experience evidence: analysed campaign performance; created marketing content; prepared performance reports. The candidate has worked with team members, communicated with stakeholders and completed assigned professional tasks.","Job title: Software Engineer. Sector: Technology. Minimum experience: 2 years. Education: Bachelor's degree in Computer Science or related subject. Required skills: Python, JavaScript, Git, SQL, REST APIs, software testing. Preferred skills: Docker, AWS, React, Agile, CI/CD. Responsibilities: Develop and maintain web applications; Design and integrate REST APIs; Write automated tests; Participate in code reviews; Work within an Agile development team.",1,0.0,0.46044349670410156,0.7302217483520508,7.542367688904024,0.43813304901123046
CAND092,JOB002,Data Analyst,"Candidate identifier: CAND092. Professional profile: Marketing Assistant. Education: Master's degree in Information Technology. Professional experience: 5 years. Skills: copywriting, email marketing, campaign management, SEO, Google Ads, conversion optimisation, digital marketing. Experience evidence: analysed campaign performance; created marketing content; prepared performance reports. The candidate has worked with team members, communicated with stakeholders and completed assigned professional tasks.","Job title: Data Analyst. Sector: Data and Analytics. Minimum experience: 2 years. Education: Bachelor's degree in Data Science, Statistics or related subject. Required skills: Python, SQL, Excel, data analysis, data visualisation, statistics. Preferred skills: Power BI, Tableau, Pandas, machine learning, dashboard development. Responsibilities: Clean and analyse organisational data; Create reports and dashboards; Identify trends and patterns; Communicate findings to stakeholders; Support evidence-based decision making.",0,0.0,0.44979584217071533,0.7248979210853577,8.21478356487135,0.43493875265121457
CAND092,JOB003,Cybersecurity Analyst,"Candidate identifier: CAND092. Professional profile: Marketing Assistant. Education: Master's degree in Information Technology. Professional experience: 5 years. Skills: copywriting, email marketing, campaign management, SEO, Google Ads, conversion optimisation, digital marketing. Experience evidence: analysed campaign performance; created marketing content; prepared performance reports. The candidate has worked with team members, communicated with stakeholders and completed assigned professional tasks.","Job title: Cybersecurity Analyst. Sector: Cybersecurity. Minimum experience: 2 years. Education: Bachelor's degree in Cybersecurity, Computing or related subject. Required skills: network security, risk assessment, incident response, vulnerability assessment, SIEM, security monitoring. Preferred skills: penetration testing, Splunk, ISO 27001, NIST, Python, cloud security. Responsibilities: Monitor networks for security threats; Investigate security incidents; Conduct vulnerability assessments; Prepare risk and incident reports; Support security-policy implementation.",1,0.0,0.42091450095176697,0.7104572504758835,5.523278638186479,0.42627435028553007
CAND092,JOB004,IT Project Manager,"Candidate identifier: CAND092. Professional profile: Marketing Assistant. Education: Master's degree in Information Technology. Professional experience: 5 years. Skills: copywriting, email marketing, campaign management, SEO, Google Ads, conversion optimisation, digital marketing. Experience evidence: analysed campaign performance; created marketing content; prepared performance reports. The candidate has worked with team members, communicated with stakeholders and completed assigned professional tasks.","Job title: IT Project Manager. Sector: Information Technology. Minimum experience: 3 years. Education: Bachelor's degree in IT, Business or related subject. Required skills: project management, stakeholder management, risk management, budget management, Agile, communication. Preferred skills: Scrum, Jira, PRINCE2, leadership, resource planning. Responsibilities: Plan and manage technology projects; Coordinate multidisciplinary teams; Control project risks and budgets; Report progress to stakeholders; Ensure timely delivery of project objectives.",1,0.0,0.4710072875022888,0.7355036437511444,9.600604144074692,0.4413021862506866
CAND092,JOB005,Digital Marketing Specialist,"Candidate identifier: CAND092. Professional profile: Marketing Assistant. Education: Master's degree in Information Technology. Professional experience: 5 years. Skills: copywriting, email marketing, campaign management, SEO, Google Ads, conversion optimisation, digital marketing. Experience evidence: analysed campaign performance; created marketing content; prepared performance reports. The candidate has worked with team members, communicated with stakeholders and completed assigned professional tasks.","Job title: Digital Marketing Specialist. Sector: Marketing. Minimum experience: 2 years. Education: Bachelor's degree in Marketing, Business or related subject. Required skills: digital marketing, SEO, social media marketing, content marketing, Google Analytics, campaign management. Preferred skills: Google Ads, email marketing, Canva, copywriting, conversion optimisation. Responsibilities: Plan and deliver digital marketing campaigns; Optimise website content for search engines; Manage social media channels; Analyse campaign performance; Prepare marketing-performance reports.",2,0.6933333333333334,0.7203930616378784,0.8601965308189392,60.321756751153494,0.7934512518246968
CAND093,JOB001,Software Engineer,"Candidate identifier: CAND093. Professional profile: Digital Marketing Executive. Education: Bachelor's degree in Computing. Professional experience: 4 years. Skills: content marketing, campaign management, social media marketing, SEO, Canva. Experience evidence: managed social media channels; prepared performance reports; optimised website content for search engines. The candidate has worked with team members, communicated with stakeholders and completed assigned professional tasks.","Job title: Software Engineer. Sector: Technology. Minimum experience: 2 years. Education: Bachelor's degree in Computer Science or related subject. Required skills: Python, JavaScript, Git, SQL, REST APIs, software testing. Preferred skills: Docker, AWS, React, Agile, CI/CD. Responsibilities: Develop and maintain web applications; Design and integrate REST APIs; Write automated tests; Participate in code reviews; Work within an Agile development team.",1,0.0,0.45346394181251526,0.7267319709062576,7.170289051824292,0.43603918254375457
CAND093,JOB002,Data Analyst,"Candidate identifier: CAND093. Professional profile: Digital Marketing Executive. Education: Bachelor's degree in Computing. Professional experience: 4 years. Skills: content marketing, campaign management, social media marketing, SEO, Canva. Experience evidence: managed social media channels; prepared performance reports; optimised website content for search engines. The candidate has worked with team members, communicated with stakeholders and completed assigned professional tasks.","Job title: Data Analyst. Sector: Data and Analytics. Minimum experience: 2 years. Education: Bachelor's degree in Data Science, Statistics or related subject. Required skills: Python, SQL, Excel, data analysis, data visualisation, statistics. Preferred skills: Power BI, Tableau, Pandas, machine learning, dashboard development. Responsibilities: Clean and analyse organisational data; Create reports and dashboards; Identify trends and patterns; Communicate findings to stakeholders; Support evidence-based decision making.",1,0.0,0.44002240896224976,0.7200112044811249,8.688104523445327,0.4320067226886749
CAND093,JOB003,Cybersecurity Analyst,"Candidate identifier: CAND093. Professional profile: Digital Marketing Executive. Education: Bachelor's degree in Computing. Professional experience: 4 years. Skills: content marketing, campaign management, social media marketing, SEO, Canva. Experience evidence: managed social media channels; prepared performance reports; optimised website content for search engines. The candidate has worked with team members, communicated with stakeholders and completed assigned professional tasks.","Job title: Cybersecurity Analyst. Sector: Cybersecurity. Minimum experience: 2 years. Education: Bachelor's degree in Cybersecurity, Computing or related subject. Required skills: network security, risk assessment, incident response, vulnerability assessment, SIEM, security monitoring. Preferred skills: penetration testing, Splunk, ISO 27001, NIST, Python, cloud security. Responsibilities: Monitor networks for security threats; Investigate security incidents; Conduct vulnerability assessments; Prepare risk and incident reports; Support security-policy implementation.",1,0.0,0.44582849740982056,0.7229142487049103,7.688091483464031,0.43374854922294614
CAND093,JOB004,IT Project Manager,"Candidate identifier: CAND093. Professional profile: Digital Marketing Executive. Education: Bachelor's degree in Computing. Professional experience: 4 years. Skills: content marketing, campaign management, social media marketing, SEO, Canva. Experience evidence: managed social media channels; prepared performance reports; optimised website content for search engines. The candidate has worked with team members, communicated with stakeholders and completed assigned professional tasks.","Job title: IT Project Manager. Sector: Information Technology. Minimum experience: 3 years. Education: Bachelor's degree in IT, Business or related subject. Required skills: project management, stakeholder management, risk management, budget management, Agile, communication. Preferred skills: Scrum, Jira, PRINCE2, leadership, resource planning. Responsibilities: Plan and manage technology projects; Coordinate multidisciplinary teams; Control project risks and budgets; Report progress to stakeholders; Ensure timely delivery of project objectives.",1,0.0,0.45925503969192505,0.7296275198459625,7.60549384730492,0.4377765119075775
CAND093,JOB005,Digital Marketing Specialist,"Candidate identifier: CAND093. Professional profile: Digital Marketing Executive. Education: Bachelor's degree in Computing. Professional experience: 4 years. Skills: content marketing, campaign management, social media marketing, SEO, Canva. Experience evidence: managed social media channels; prepared performance reports; optimised website content for search engines. The candidate has worked with team members, communicated with stakeholders and completed assigned professional tasks.","Job title: Digital Marketing Specialist. Sector: Marketing. Minimum experience: 2 years. Education: Bachelor's degree in Marketing, Business or related subject. Required skills: digital marketing, SEO, social media marketing, content marketing, Google Analytics, campaign management. Preferred skills: Google Ads, email marketing, Canva, copywriting, conversion optimisation. Responsibilities: Plan and deliver digital marketing campaigns; Optimise website content for search engines; Manage social media channels; Analyse campaign performance; Prepare marketing-performance reports.",3,0.7066666666666668,0.6560904383659363,0.8280452191829681,63.71623724041911,0.7794937981764476
CAND094,JOB001,Software Engineer,"Candidate identifier: CAND094. Professional profile: SEO Specialist. Education: Professional diploma with relevant training. Professional experience: 2 years. Skills: content marketing, social media marketing, copywriting, conversion optimisation, SEO. Experience evidence: prepared performance reports; analysed campaign performance; created marketing content. The candidate has worked with team members, communicated with stakeholders and completed assigned professional tasks.","Job title: Software Engineer. Sector: Technology. Minimum experience: 2 years. Education: Bachelor's degree in Computer Science or related subject. Required skills: Python, JavaScript, Git, SQL, REST APIs, software testing. Preferred skills: Docker, AWS, React, Agile, CI/CD. Responsibilities: Develop and maintain web applications; Design and integrate REST APIs; Write automated tests; Participate in code reviews; Work within an Agile development team.",0,0.0,0.4096781611442566,0.7048390805721283,7.187518915390845,0.422903448343277
CAND094,JOB002,Data Analyst,"Candidate identifier: CAND094. Professional profile: SEO Specialist. Education: Professional diploma with relevant training. Professional experience: 2 years. Skills: content marketing, social media marketing, copywriting, conversion optimisation, SEO. Experience evidence: prepared performance reports; analysed campaign performance; created marketing content. The candidate has worked with team members, communicated with stakeholders and completed assigned professional tasks.","Job title: Data Analyst. Sector: Data and Analytics. Minimum experience: 2 years. Education: Bachelor's degree in Data Science, Statistics or related subject. Required skills: Python, SQL, Excel, data analysis, data visualisation, statistics. Preferred skills: Power BI, Tableau, Pandas, machine learning, dashboard development. Responsibilities: Clean and analyse organisational data; Create reports and dashboards; Identify trends and patterns; Communicate findings to stakeholders; Support evidence-based decision making.",0,0.0,0.4105287790298462,0.7052643895149231,9.320765979586032,0.42315863370895385
CAND094,JOB003,Cybersecurity Analyst,"Candidate identifier: CAND094. Professional profile: SEO Specialist. Education: Professional diploma with relevant training. Professional experience: 2 years. Skills: content marketing, social media marketing, copywriting, conversion optimisation, SEO. Experience evidence: prepared performance reports; analysed campaign performance; created marketing content. The candidate has worked with team members, communicated with stakeholders and completed assigned professional tasks.","Job title: Cybersecurity Analyst. Sector: Cybersecurity. Minimum experience: 2 years. Education: Bachelor's degree in Cybersecurity, Computing or related subject. Required skills: network security, risk assessment, incident response, vulnerability assessment, SIEM, security monitoring. Preferred skills: penetration testing, Splunk, ISO 27001, NIST, Python, cloud security. Responsibilities: Monitor networks for security threats; Investigate security incidents; Conduct vulnerability assessments; Prepare risk and incident reports; Support security-policy implementation.",0,0.0,0.39420086145401,0.697100430727005,6.544025407164381,0.418260258436203
CAND094,JOB004,IT Project Manager,"Candidate identifier: CAND094. Professional profile: SEO Specialist. Education: Professional diploma with relevant training. Professional experience: 2 years. Skills: content marketing, social media marketing, copywriting, conversion optimisation, SEO. Experience evidence: prepared performance reports; analysed campaign performance; created marketing content. The candidate has worked with team members, communicated with stakeholders and completed assigned professional tasks.","Job title: IT Project Manager. Sector: Information Technology. Minimum experience: 3 years. Education: Bachelor's degree in IT, Business or related subject. Required skills: project management, stakeholder management, risk management, budget management, Agile, communication. Preferred skills: Scrum, Jira, PRINCE2, leadership, resource planning. Responsibilities: Plan and manage technology projects; Coordinate multidisciplinary teams; Control project risks and budgets; Report progress to stakeholders; Ensure timely delivery of project objectives.",0,0.0,0.3930596709251404,0.6965298354625702,4.66845971287662,0.4179179012775421
CAND094,JOB005,Digital Marketing Specialist,"Candidate identifier: CAND094. Professional profile: SEO Specialist. Education: Professional diploma with relevant training. Professional experience: 2 years. Skills: content marketing, social media marketing, copywriting, conversion optimisation, SEO. Experience evidence: prepared performance reports; analysed campaign performance; created marketing content. The candidate has worked with team members, communicated with stakeholders and completed assigned professional tasks.","Job title: Digital Marketing Specialist. Sector: Marketing. Minimum experience: 2 years. Education: Bachelor's degree in Marketing, Business or related subject. Required skills: digital marketing, SEO, social media marketing, content marketing, Google Analytics, campaign management. Preferred skills: Google Ads, email marketing, Canva, copywriting, conversion optimisation. Responsibilities: Plan and deliver digital marketing campaigns; Optimise website content for search engines; Manage social media channels; Analyse campaign performance; Prepare marketing-performance reports.",2,0.48000000000000004,0.6432090401649475,0.8216045200824738,57.47497526881529,0.6849627120494842
CAND095,JOB001,Software Engineer,"Candidate identifier: CAND095. Professional profile: Marketing Assistant. Education: Bachelor's degree in Data Science. Professional experience: 5 years. Skills: social media marketing, email marketing, SEO, conversion optimisation, Canva. Experience evidence: managed social media channels; created marketing content; delivered digital marketing campaigns; optimised website content for search engines. The candidate has worked with team members, communicated with stakeholders and completed assigned professional tasks.","Job title: Software Engineer. Sector: Technology. Minimum experience: 2 years. Education: Bachelor's degree in Computer Science or related subject. Required skills: Python, JavaScript, Git, SQL, REST APIs, software testing. Preferred skills: Docker, AWS, React, Agile, CI/CD. Responsibilities: Develop and maintain web applications; Design and integrate REST APIs; Write automated tests; Participate in code reviews; Work within an Agile development team.",1,0.0,0.4746418595314026,0.7373209297657013,8.373507943896763,0.4423925578594208
CAND095,JOB002,Data Analyst,"Candidate identifier: CAND095. Professional profile: Marketing Assistant. Education: Bachelor's degree in Data Science. Professional experience: 5 years. Skills: social media marketing, email marketing, SEO, conversion optimisation, Canva. Experience evidence: managed social media channels; created marketing content; delivered digital marketing campaigns; optimised website content for search engines. The candidate has worked with team members, communicated with stakeholders and completed assigned professional tasks.","Job title: Data Analyst. Sector: Data and Analytics. Minimum experience: 2 years. Education: Bachelor's degree in Data Science, Statistics or related subject. Required skills: Python, SQL, Excel, data analysis, data visualisation, statistics. Preferred skills: Power BI, Tableau, Pandas, machine learning, dashboard development. Responsibilities: Clean and analyse organisational data; Create reports and dashboards; Identify trends and patterns; Communicate findings to stakeholders; Support evidence-based decision making.",1,0.0,0.4681587219238281,0.7340793609619141,13.289001027184923,0.4404476165771484
CAND095,JOB003,Cybersecurity Analyst,"Candidate identifier: CAND095. Professional profile: Marketing Assistant. Education: Bachelor's degree in Data Science. Professional experience: 5 years. Skills: social media marketing, email marketing, SEO, conversion optimisation, Canva. Experience evidence: managed social media channels; created marketing content; delivered digital marketing campaigns; optimised website content for search engines. The candidate has worked with team members, communicated with stakeholders and completed assigned professional tasks.","Job title: Cybersecurity Analyst. Sector: Cybersecurity. Minimum experience: 2 years. Education: Bachelor's degree in Cybersecurity, Computing or related subject. Required skills: network security, risk assessment, incident response, vulnerability assessment, SIEM, security monitoring. Preferred skills: penetration testing, Splunk, ISO 27001, NIST, Python, cloud security. Responsibilities: Monitor networks for security threats; Investigate security incidents; Conduct vulnerability assessments; Prepare risk and incident reports; Support security-policy implementation.",0,0.0,0.44972699880599976,0.7248634994029999,6.012815412792773,0.4349180996417999
CAND095,JOB004,IT Project Manager,"Candidate identifier: CAND095. Professional profile: Marketing Assistant. Education: Bachelor's degree in Data Science. Professional experience: 5 years. Skills: social media marketing, email marketing, SEO, conversion optimisation, Canva. Experience evidence: managed social media channels; created marketing content; delivered digital marketing campaigns; optimised website content for search engines. The candidate has worked with team members, communicated with stakeholders and completed assigned professional tasks.","Job title: IT Project Manager. Sector: Information Technology. Minimum experience: 3 years. Education: Bachelor's degree in IT, Business or related subject. Required skills: project management, stakeholder management, risk management, budget management, Agile, communication. Preferred skills: Scrum, Jira, PRINCE2, leadership, resource planning. Responsibilities: Plan and manage technology projects; Coordinate multidisciplinary teams; Control project risks and budgets; Report progress to stakeholders; Ensure timely delivery of project objectives.",0,0.0,0.4518674612045288,0.7259337306022644,6.44626097008034,0.43556023836135865
CAND095,JOB005,Digital Marketing Specialist,"Candidate identifier: CAND095. Professional profile: Marketing Assistant. Education: Bachelor's degree in Data Science. Professional experience: 5 years. Skills: social media marketing, email marketing, SEO, conversion optimisation, Canva. Experience evidence: managed social media channels; created marketing content; delivered digital marketing campaigns; optimised website content for search engines. The candidate has worked with team members, communicated with stakeholders and completed assigned professional tasks.","Job title: Digital Marketing Specialist. Sector: Marketing. Minimum experience: 2 years. Education: Bachelor's degree in Marketing, Business or related subject. Required skills: digital marketing, SEO, social media marketing, content marketing, Google Analytics, campaign management. Preferred skills: Google Ads, email marketing, Canva, copywriting, conversion optimisation. Responsibilities: Plan and deliver digital marketing campaigns; Optimise website content for search engines; Manage social media channels; Analyse campaign performance; Prepare marketing-performance reports.",2,0.7866666666666667,0.7119566202163696,0.8559783101081848,66.97888229267326,0.8282536527315776
CAND096,JOB001,Software Engineer,"Candidate identifier: CAND096. Professional profile: SEO Specialist. Education: Master's degree in Information Technology. Professional experience: 7 years. Skills: digital marketing, keyword research, campaign management, Google Analytics, SEO, copywriting. Experience evidence: created marketing content; prepared performance reports. The candidate has worked with team members, communicated with stakeholders and completed assigned professional tasks.","Job title: Software Engineer. Sector: Technology. Minimum experience: 2 years. Education: Bachelor's degree in Computer Science or related subject. Required skills: Python, JavaScript, Git, SQL, REST APIs, software testing. Preferred skills: Docker, AWS, React, Agile, CI/CD. Responsibilities: Develop and maintain web applications; Design and integrate REST APIs; Write automated tests; Participate in code reviews; Work within an Agile development team.",1,0.0,0.4356525242328644,0.7178262621164322,7.8342195826104595,0.4306957572698593
CAND096,JOB002,Data Analyst,"Candidate identifier: CAND096. Professional profile: SEO Specialist. Education: Master's degree in Information Technology. Professional experience: 7 years. Skills: digital marketing, keyword research, campaign management, Google Analytics, SEO, copywriting. Experience evidence: created marketing content; prepared performance reports. The candidate has worked with team members, communicated with stakeholders and completed assigned professional tasks.","Job title: Data Analyst. Sector: Data and Analytics. Minimum experience: 2 years. Education: Bachelor's degree in Data Science, Statistics or related subject. Required skills: Python, SQL, Excel, data analysis, data visualisation, statistics. Preferred skills: Power BI, Tableau, Pandas, machine learning, dashboard development. Responsibilities: Clean and analyse organisational data; Create reports and dashboards; Identify trends and patterns; Communicate findings to stakeholders; Support evidence-based decision making.",0,0.0,0.4469630718231201,0.7234815359115601,10.615384056799247,0.434088921546936
CAND096,JOB003,Cybersecurity Analyst,"Candidate identifier: CAND096. Professional profile: SEO Specialist. Education: Master's degree in Information Technology. Professional experience: 7 years. Skills: digital marketing, keyword research, campaign management, Google Analytics, SEO, copywriting. Experience evidence: created marketing content; prepared performance reports. The candidate has worked with team members, communicated with stakeholders and completed assigned professional tasks.","Job title: Cybersecurity Analyst. Sector: Cybersecurity. Minimum experience: 2 years. Education: Bachelor's degree in Cybersecurity, Computing or related subject. Required skills: network security, risk assessment, incident response, vulnerability assessment, SIEM, security monitoring. Preferred skills: penetration testing, Splunk, ISO 27001, NIST, Python, cloud security. Responsibilities: Monitor networks for security threats; Investigate security incidents; Conduct vulnerability assessments; Prepare risk and incident reports; Support security-policy implementation.",1,0.0,0.42389142513275146,0.7119457125663757,5.734566053641578,0.42716742753982545
CAND096,JOB004,IT Project Manager,"Candidate identifier: CAND096. Professional profile: SEO Specialist. Education: Master's degree in Information Technology. Professional experience: 7 years. Skills: digital marketing, keyword research, campaign management, Google Analytics, SEO, copywriting. Experience evidence: created marketing content; prepared performance reports. The candidate has worked with team members, communicated with stakeholders and completed assigned professional tasks.","Job title: IT Project Manager. Sector: Information Technology. Minimum experience: 3 years. Education: Bachelor's degree in IT, Business or related subject. Required skills: project management, stakeholder management, risk management, budget management, Agile, communication. Preferred skills: Scrum, Jira, PRINCE2, leadership, resource planning. Responsibilities: Plan and manage technology projects; Coordinate multidisciplinary teams; Control project risks and budgets; Report progress to stakeholders; Ensure timely delivery of project objectives.",1,0.0,0.4122422933578491,0.7061211466789246,9.974582552245543,0.42367268800735475
CAND096,JOB005,Digital Marketing Specialist,"Candidate identifier: CAND096. Professional profile: SEO Specialist. Education: Master's degree in Information Technology. Professional experience: 7 years. Skills: digital marketing, keyword research, campaign management, Google Analytics, SEO, copywriting. Experience evidence: created marketing content; prepared performance reports. The candidate has worked with team members, communicated with stakeholders and completed assigned professional tasks.","Job title: Digital Marketing Specialist. Sector: Marketing. Minimum experience: 2 years. Education: Bachelor's degree in Marketing, Business or related subject. Required skills: digital marketing, SEO, social media marketing, content marketing, Google Analytics, campaign management. Preferred skills: Google Ads, email marketing, Canva, copywriting, conversion optimisation. Responsibilities: Plan and deliver digital marketing campaigns; Optimise website content for search engines; Manage social media channels; Analyse campaign performance; Prepare marketing-performance reports.",3,0.7066666666666668,0.6616664528846741,0.830833226442337,51.52150894443932,0.7811666025320689
CAND097,JOB001,Software Engineer,"Candidate identifier: CAND097. Professional profile: SEO Specialist. Education: Bachelor's degree in Computing. Professional experience: 8 years. Skills: email marketing, copywriting, content marketing. Experience evidence: created marketing content; analysed campaign performance; optimised website content for search engines; delivered digital marketing campaigns. The candidate has worked with team members, communicated with stakeholders and completed assigned professional tasks.","Job title: Software Engineer. Sector: Technology. Minimum experience: 2 years. Education: Bachelor's degree in Computer Science or related subject. Required skills: Python, JavaScript, Git, SQL, REST APIs, software testing. Preferred skills: Docker, AWS, React, Agile, CI/CD. Responsibilities: Develop and maintain web applications; Design and integrate REST APIs; Write automated tests; Participate in code reviews; Work within an Agile development team.",1,0.0,0.4571419954299927,0.7285709977149963,7.277759645236951,0.4371425986289978
CAND097,JOB002,Data Analyst,"Candidate identifier: CAND097. Professional profile: SEO Specialist. Education: Bachelor's degree in Computing. Professional experience: 8 years. Skills: email marketing, copywriting, content marketing. Experience evidence: created marketing content; analysed campaign performance; optimised website content for search engines; delivered digital marketing campaigns. The candidate has worked with team members, communicated with stakeholders and completed assigned professional tasks.","Job title: Data Analyst. Sector: Data and Analytics. Minimum experience: 2 years. Education: Bachelor's degree in Data Science, Statistics or related subject. Required skills: Python, SQL, Excel, data analysis, data visualisation, statistics. Preferred skills: Power BI, Tableau, Pandas, machine learning, dashboard development. Responsibilities: Clean and analyse organisational data; Create reports and dashboards; Identify trends and patterns; Communicate findings to stakeholders; Support evidence-based decision making.",1,0.0,0.45636069774627686,0.7281803488731384,8.362687431559962,0.436908209323883
CAND097,JOB003,Cybersecurity Analyst,"Candidate identifier: CAND097. Professional profile: SEO Specialist. Education: Bachelor's degree in Computing. Professional experience: 8 years. Skills: email marketing, copywriting, content marketing. Experience evidence: created marketing content; analysed campaign performance; optimised website content for search engines; delivered digital marketing campaigns. The candidate has worked with team members, communicated with stakeholders and completed assigned professional tasks.","Job title: Cybersecurity Analyst. Sector: Cybersecurity. Minimum experience: 2 years. Education: Bachelor's degree in Cybersecurity, Computing or related subject. Required skills: network security, risk assessment, incident response, vulnerability assessment, SIEM, security monitoring. Preferred skills: penetration testing, Splunk, ISO 27001, NIST, Python, cloud security. Responsibilities: Monitor networks for security threats; Investigate security incidents; Conduct vulnerability assessments; Prepare risk and incident reports; Support security-policy implementation.",1,0.0,0.4384954571723938,0.7192477285861969,7.347207349079513,0.43154863715171815
CAND097,JOB004,IT Project Manager,"Candidate identifier: CAND097. Professional profile: SEO Specialist. Education: Bachelor's degree in Computing. Professional experience: 8 years. Skills: email marketing, copywriting, content marketing. Experience evidence: created marketing content; analysed campaign performance; optimised website content for search engines; delivered digital marketing campaigns. The candidate has worked with team members, communicated with stakeholders and completed assigned professional tasks.","Job title: IT Project Manager. Sector: Information Technology. Minimum experience: 3 years. Education: Bachelor's degree in IT, Business or related subject. Required skills: project management, stakeholder management, risk management, budget management, Agile, communication. Preferred skills: Scrum, Jira, PRINCE2, leadership, resource planning. Responsibilities: Plan and manage technology projects; Coordinate multidisciplinary teams; Control project risks and budgets; Report progress to stakeholders; Ensure timely delivery of project objectives.",1,0.0,0.42812347412109375,0.7140617370605469,6.735295752075445,0.4284370422363281
CAND097,JOB005,Digital Marketing Specialist,"Candidate identifier: CAND097. Professional profile: SEO Specialist. Education: Bachelor's degree in Computing. Professional experience: 8 years. Skills: email marketing, copywriting, content marketing. Experience evidence: created marketing content; analysed campaign performance; optimised website content for search engines; delivered digital marketing campaigns. The candidate has worked with team members, communicated with stakeholders and completed assigned professional tasks.","Job title: Digital Marketing Specialist. Sector: Marketing. Minimum experience: 2 years. Education: Bachelor's degree in Marketing, Business or related subject. Required skills: digital marketing, SEO, social media marketing, content marketing, Google Analytics, campaign management. Preferred skills: Google Ads, email marketing, Canva, copywriting, conversion optimisation. Responsibilities: Plan and deliver digital marketing campaigns; Optimise website content for search engines; Manage social media channels; Analyse campaign performance; Prepare marketing-performance reports.",2,0.6133333333333333,0.6873010396957397,0.8436505198478699,61.11735784536255,0.7515236452420552
CAND098,JOB001,Software Engineer,"Candidate identifier: CAND098. Professional profile: SEO Specialist. Education: Professional diploma with relevant training. Professional experience: 5 years. Skills: Canva, conversion optimisation, social media marketing. Experience evidence: optimised website content for search engines; analysed campaign performance. The candidate has worked with team members, communicated with stakeholders and completed assigned professional tasks.","Job title: Software Engineer. Sector: Technology. Minimum experience: 2 years. Education: Bachelor's degree in Computer Science or related subject. Required skills: Python, JavaScript, Git, SQL, REST APIs, software testing. Preferred skills: Docker, AWS, React, Agile, CI/CD. Responsibilities: Develop and maintain web applications; Design and integrate REST APIs; Write automated tests; Participate in code reviews; Work within an Agile development team.",0,0.0,0.3932715058326721,0.6966357529163361,4.776303555279197,0.4179814517498016
CAND098,JOB002,Data Analyst,"Candidate identifier: CAND098. Professional profile: SEO Specialist. Education: Professional diploma with relevant training. Professional experience: 5 years. Skills: Canva, conversion optimisation, social media marketing. Experience evidence: optimised website content for search engines; analysed campaign performance. The candidate has worked with team members, communicated with stakeholders and completed assigned professional tasks.","Job title: Data Analyst. Sector: Data and Analytics. Minimum experience: 2 years. Education: Bachelor's degree in Data Science, Statistics or related subject. Required skills: Python, SQL, Excel, data analysis, data visualisation, statistics. Preferred skills: Power BI, Tableau, Pandas, machine learning, dashboard development. Responsibilities: Clean and analyse organisational data; Create reports and dashboards; Identify trends and patterns; Communicate findings to stakeholders; Support evidence-based decision making.",0,0.0,0.38458454608917236,0.6922922730445862,6.482881335335147,0.4153753638267517
CAND098,JOB003,Cybersecurity Analyst,"Candidate identifier: CAND098. Professional profile: SEO Specialist. Education: Professional diploma with relevant training. Professional experience: 5 years. Skills: Canva, conversion optimisation, social media marketing. Experience evidence: optimised website content for search engines; analysed campaign performance. The candidate has worked with team members, communicated with stakeholders and completed assigned professional tasks.","Job title: Cybersecurity Analyst. Sector: Cybersecurity. Minimum experience: 2 years. Education: Bachelor's degree in Cybersecurity, Computing or related subject. Required skills: network security, risk assessment, incident response, vulnerability assessment, SIEM, security monitoring. Preferred skills: penetration testing, Splunk, ISO 27001, NIST, Python, cloud security. Responsibilities: Monitor networks for security threats; Investigate security incidents; Conduct vulnerability assessments; Prepare risk and incident reports; Support security-policy implementation.",0,0.0,0.3889814615249634,0.6944907307624817,4.3006765564563185,0.416694438457489
CAND098,JOB004,IT Project Manager,"Candidate identifier: CAND098. Professional profile: SEO Specialist. Education: Professional diploma with relevant training. Professional experience: 5 years. Skills: Canva, conversion optimisation, social media marketing. Experience evidence: optimised website content for search engines; analysed campaign performance. The candidate has worked with team members, communicated with stakeholders and completed assigned professional tasks.","Job title: IT Project Manager. Sector: Information Technology. Minimum experience: 3 years. Education: Bachelor's degree in IT, Business or related subject. Required skills: project management, stakeholder management, risk management, budget management, Agile, communication. Preferred skills: Scrum, Jira, PRINCE2, leadership, resource planning. Responsibilities: Plan and manage technology projects; Coordinate multidisciplinary teams; Control project risks and budgets; Report progress to stakeholders; Ensure timely delivery of project objectives.",0,0.0,0.3733943700790405,0.6866971850395203,4.776303555279197,0.41201831102371217
CAND098,JOB005,Digital Marketing Specialist,"Candidate identifier: CAND098. Professional profile: SEO Specialist. Education: Professional diploma with relevant training. Professional experience: 5 years. Skills: Canva, conversion optimisation, social media marketing. Experience evidence: optimised website content for search engines; analysed campaign performance. The candidate has worked with team members, communicated with stakeholders and completed assigned professional tasks.","Job title: Digital Marketing Specialist. Sector: Marketing. Minimum experience: 2 years. Education: Bachelor's degree in Marketing, Business or related subject. Required skills: digital marketing, SEO, social media marketing, content marketing, Google Analytics, campaign management. Preferred skills: Google Ads, email marketing, Canva, copywriting, conversion optimisation. Responsibilities: Plan and deliver digital marketing campaigns; Optimise website content for search engines; Manage social media channels; Analyse campaign performance; Prepare marketing-performance reports.",2,0.3466666666666667,0.5665021538734436,0.7832510769367218,51.46662248393539,0.6086173128286998
CAND099,JOB001,Software Engineer,"Candidate identifier: CAND099. Professional profile: Marketing Assistant. Education: Bachelor's degree in Data Science. Professional experience: 8 years. Skills: campaign management, keyword research, Google Analytics, Google Ads. Experience evidence: managed social media channels; created marketing content; delivered digital marketing campaigns; prepared performance reports; optimised website content for search engines. The candidate has worked with team members, communicated with stakeholders and completed assigned professional tasks.","Job title: Software Engineer. Sector: Technology. Minimum experience: 2 years. Education: Bachelor's degree in Computer Science or related subject. Required skills: Python, JavaScript, Git, SQL, REST APIs, software testing. Preferred skills: Docker, AWS, React, Agile, CI/CD. Responsibilities: Develop and maintain web applications; Design and integrate REST APIs; Write automated tests; Participate in code reviews; Work within an Agile development team.",1,0.0,0.4669543504714966,0.7334771752357483,8.254571911507718,0.440086305141449
CAND099,JOB002,Data Analyst,"Candidate identifier: CAND099. Professional profile: Marketing Assistant. Education: Bachelor's degree in Data Science. Professional experience: 8 years. Skills: campaign management, keyword research, Google Analytics, Google Ads. Experience evidence: managed social media channels; created marketing content; delivered digital marketing campaigns; prepared performance reports; optimised website content for search engines. The candidate has worked with team members, communicated with stakeholders and completed assigned professional tasks.","Job title: Data Analyst. Sector: Data and Analytics. Minimum experience: 2 years. Education: Bachelor's degree in Data Science, Statistics or related subject. Required skills: Python, SQL, Excel, data analysis, data visualisation, statistics. Preferred skills: Power BI, Tableau, Pandas, machine learning, dashboard development. Responsibilities: Clean and analyse organisational data; Create reports and dashboards; Identify trends and patterns; Communicate findings to stakeholders; Support evidence-based decision making.",1,0.0,0.5043961405754089,0.7521980702877045,15.428212572091029,0.45131884217262264
CAND099,JOB003,Cybersecurity Analyst,"Candidate identifier: CAND099. Professional profile: Marketing Assistant. Education: Bachelor's degree in Data Science. Professional experience: 8 years. Skills: campaign management, keyword research, Google Analytics, Google Ads. Experience evidence: managed social media channels; created marketing content; delivered digital marketing campaigns; prepared performance reports; optimised website content for search engines. The candidate has worked with team members, communicated with stakeholders and completed assigned professional tasks.","Job title: Cybersecurity Analyst. Sector: Cybersecurity. Minimum experience: 2 years. Education: Bachelor's degree in Cybersecurity, Computing or related subject. Required skills: network security, risk assessment, incident response, vulnerability assessment, SIEM, security monitoring. Preferred skills: penetration testing, Splunk, ISO 27001, NIST, Python, cloud security. Responsibilities: Monitor networks for security threats; Investigate security incidents; Conduct vulnerability assessments; Prepare risk and incident reports; Support security-policy implementation.",0,0.0,0.45059317350387573,0.7252965867519379,6.358038999790012,0.4351779520511627
CAND099,JOB004,IT Project Manager,"Candidate identifier: CAND099. Professional profile: Marketing Assistant. Education: Bachelor's degree in Data Science. Professional experience: 8 years. Skills: campaign management, keyword research, Google Analytics, Google Ads. Experience evidence: managed social media channels; created marketing content; delivered digital marketing campaigns; prepared performance reports; optimised website content for search engines. The candidate has worked with team members, communicated with stakeholders and completed assigned professional tasks.","Job title: IT Project Manager. Sector: Information Technology. Minimum experience: 3 years. Education: Bachelor's degree in IT, Business or related subject. Required skills: project management, stakeholder management, risk management, budget management, Agile, communication. Preferred skills: Scrum, Jira, PRINCE2, leadership, resource planning. Responsibilities: Plan and manage technology projects; Coordinate multidisciplinary teams; Control project risks and budgets; Report progress to stakeholders; Ensure timely delivery of project objectives.",0,0.0,0.45114296674728394,0.725571483373642,7.282442675731471,0.4353428900241852
CAND099,JOB005,Digital Marketing Specialist,"Candidate identifier: CAND099. Professional profile: Marketing Assistant. Education: Bachelor's degree in Data Science. Professional experience: 8 years. Skills: campaign management, keyword research, Google Analytics, Google Ads. Experience evidence: managed social media channels; created marketing content; delivered digital marketing campaigns; prepared performance reports; optimised website content for search engines. The candidate has worked with team members, communicated with stakeholders and completed assigned professional tasks.","Job title: Digital Marketing Specialist. Sector: Marketing. Minimum experience: 2 years. Education: Bachelor's degree in Marketing, Business or related subject. Required skills: digital marketing, SEO, social media marketing, content marketing, Google Analytics, campaign management. Preferred skills: Google Ads, email marketing, Canva, copywriting, conversion optimisation. Responsibilities: Plan and deliver digital marketing campaigns; Optimise website content for search engines; Manage social media channels; Analyse campaign performance; Prepare marketing-performance reports.",2,0.5733333333333334,0.7141634821891785,0.8570817410945892,66.23472087061816,0.7435823779900869
CAND100,JOB001,Software Engineer,"Candidate identifier: CAND100. Professional profile: Digital Marketing Executive. Education: Professional diploma with relevant training. Professional experience: 1 years. Skills: Google Analytics, keyword research, copywriting, social media marketing, campaign management, digital marketing. Experience evidence: managed social media channels; prepared performance reports; analysed campaign performance. The candidate has worked with team members, communicated with stakeholders and completed assigned professional tasks.","Job title: Software Engineer. Sector: Technology. Minimum experience: 2 years. Education: Bachelor's degree in Computer Science or related subject. Required skills: Python, JavaScript, Git, SQL, REST APIs, software testing. Preferred skills: Docker, AWS, React, Agile, CI/CD. Responsibilities: Develop and maintain web applications; Design and integrate REST APIs; Write automated tests; Participate in code reviews; Work within an Agile development team.",0,0.0,0.36055994033813477,0.6802799701690674,4.499281632577492,0.4081679821014404
CAND100,JOB002,Data Analyst,"Candidate identifier: CAND100. Professional profile: Digital Marketing Executive. Education: Professional diploma with relevant training. Professional experience: 1 years. Skills: Google Analytics, keyword research, copywriting, social media marketing, campaign management, digital marketing. Experience evidence: managed social media channels; prepared performance reports; analysed campaign performance. The candidate has worked with team members, communicated with stakeholders and completed assigned professional tasks.","Job title: Data Analyst. Sector: Data and Analytics. Minimum experience: 2 years. Education: Bachelor's degree in Data Science, Statistics or related subject. Required skills: Python, SQL, Excel, data analysis, data visualisation, statistics. Preferred skills: Power BI, Tableau, Pandas, machine learning, dashboard development. Responsibilities: Clean and analyse organisational data; Create reports and dashboards; Identify trends and patterns; Communicate findings to stakeholders; Support evidence-based decision making.",0,0.0,0.3928418755531311,0.6964209377765656,8.538086128608457,0.41785256266593934
CAND100,JOB003,Cybersecurity Analyst,"Candidate identifier: CAND100. Professional profile: Digital Marketing Executive. Education: Professional diploma with relevant training. Professional experience: 1 years. Skills: Google Analytics, keyword research, copywriting, social media marketing, campaign management, digital marketing. Experience evidence: managed social media channels; prepared performance reports; analysed campaign performance. The candidate has worked with team members, communicated with stakeholders and completed assigned professional tasks.","Job title: Cybersecurity Analyst. Sector: Cybersecurity. Minimum experience: 2 years. Education: Bachelor's degree in Cybersecurity, Computing or related subject. Required skills: network security, risk assessment, incident response, vulnerability assessment, SIEM, security monitoring. Preferred skills: penetration testing, Splunk, ISO 27001, NIST, Python, cloud security. Responsibilities: Monitor networks for security threats; Investigate security incidents; Conduct vulnerability assessments; Prepare risk and incident reports; Support security-policy implementation.",0,0.0,0.3787662982940674,0.6893831491470337,3.8802911688010866,0.4136298894882202
CAND100,JOB004,IT Project Manager,"Candidate identifier: CAND100. Professional profile: Digital Marketing Executive. Education: Professional diploma with relevant training. Professional experience: 1 years. Skills: Google Analytics, keyword research, copywriting, social media marketing, campaign management, digital marketing. Experience evidence: managed social media channels; prepared performance reports; analysed campaign performance. The candidate has worked with team members, communicated with stakeholders and completed assigned professional tasks.","Job title: IT Project Manager. Sector: Information Technology. Minimum experience: 3 years. Education: Bachelor's degree in IT, Business or related subject. Required skills: project management, stakeholder management, risk management, budget management, Agile, communication. Preferred skills: Scrum, Jira, PRINCE2, leadership, resource planning. Responsibilities: Plan and manage technology projects; Coordinate multidisciplinary teams; Control project risks and budgets; Report progress to stakeholders; Ensure timely delivery of project objectives.",0,0.0,0.4054177403450012,0.7027088701725006,5.468687911907481,0.42162532210350034
CAND100,JOB005,Digital Marketing Specialist,"Candidate identifier: CAND100. Professional profile: Digital Marketing Executive. Education: Professional diploma with relevant training. Professional experience: 1 years. Skills: Google Analytics, keyword research, copywriting, social media marketing, campaign management, digital marketing. Experience evidence: managed social media channels; prepared performance reports; analysed campaign performance. The candidate has worked with team members, communicated with stakeholders and completed assigned professional tasks.","Job title: Digital Marketing Specialist. Sector: Marketing. Minimum experience: 2 years. Education: Bachelor's degree in Marketing, Business or related subject. Required skills: digital marketing, SEO, social media marketing, content marketing, Google Analytics, campaign management. Preferred skills: Google Ads, email marketing, Canva, copywriting, conversion optimisation. Responsibilities: Plan and deliver digital marketing campaigns; Optimise website content for search engines; Manage social media channels; Analyse campaign performance; Prepare marketing-performance reports.",2,0.5733333333333334,0.6143178939819336,0.8071589469909668,58.92261710192151,0.7136287015279135
