candidate_id,job_id,job_title,final_relevance_score,candidate_experience_years,required_experience_years,candidate_skills,matched_required_skills,missing_required_skills,matched_preferred_skills,required_skill_score,preferred_skill_score,skill_score,experience_score,skill_evidence
CAND001,JOB001,Software Engineer,2,1.0,2.0,"[""Agile"", ""Docker"", ""Git"", ""JavaScript"", ""REST APIs"", ""React"", ""SQL""]","[""Git"", ""JavaScript"", ""REST APIs"", ""SQL""]","[""Python"", ""software testing""]","[""Agile"", ""Docker"", ""React""]",0.6666666666666666,0.6,0.6533333333333333,0.5,"{""Git"": [{""matched_phrase"": ""Git"", ""sentence"": ""Skills: Django, REST APIs, SQL, Flask, Git, JavaScript, React, Agile, HTML, CSS."", ""start_character"": 187, ""end_character"": 190}], ""JavaScript"": [{""matched_phrase"": ""JavaScript"", ""sentence"": ""Skills: Django, REST APIs, SQL, Flask, Git, JavaScript, React, Agile, HTML, CSS."", ""start_character"": 192, ""end_character"": 202}], ""REST APIs"": [{""matched_phrase"": ""REST APIs"", ""sentence"": ""Skills: Django, REST APIs, SQL, Flask, Git, JavaScript, React, Agile, HTML, CSS."", ""start_character"": 164, ""end_character"": 173}], ""SQL"": [{""matched_phrase"": ""SQL"", ""sentence"": ""Skills: Django, REST APIs, SQL, Flask, Git, JavaScript, React, Agile, HTML, CSS."", ""start_character"": 175, ""end_character"": 178}], ""Agile"": [{""matched_phrase"": ""Agile"", ""sentence"": ""Skills: Django, REST APIs, SQL, Flask, Git, JavaScript, React, Agile, HTML, CSS."", ""start_character"": 211, ""end_character"": 216}], ""Docker"": [{""matched_phrase"": ""Docker"", ""sentence"": ""Experience evidence: developed web applications; deployed applications using Docker."", ""start_character"": 306, ""end_character"": 312}], ""React"": [{""matched_phrase"": ""React"", ""sentence"": ""Skills: Django, REST APIs, SQL, Flask, Git, JavaScript, React, Agile, HTML, CSS."", ""start_character"": 204, ""end_character"": 209}]}"
CAND001,JOB002,Data Analyst,1,1.0,2.0,"[""Agile"", ""Docker"", ""Git"", ""JavaScript"", ""REST APIs"", ""React"", ""SQL""]","[""SQL""]","[""Excel"", ""Python"", ""data analysis"", ""data visualisation"", ""statistics""]",[],0.16666666666666666,0.0,0.13333333333333333,0.5,"{""SQL"": [{""matched_phrase"": ""SQL"", ""sentence"": ""Skills: Django, REST APIs, SQL, Flask, Git, JavaScript, React, Agile, HTML, CSS."", ""start_character"": 175, ""end_character"": 178}]}"
CAND001,JOB003,Cybersecurity Analyst,0,1.0,2.0,"[""Agile"", ""Docker"", ""Git"", ""JavaScript"", ""REST APIs"", ""React"", ""SQL""]",[],"[""SIEM"", ""incident response"", ""network security"", ""risk assessment"", ""security monitoring"", ""vulnerability assessment""]",[],0.0,0.0,0.0,0.5,{}
CAND001,JOB004,IT Project Manager,1,1.0,3.0,"[""Agile"", ""Docker"", ""Git"", ""JavaScript"", ""REST APIs"", ""React"", ""SQL""]","[""Agile""]","[""budget management"", ""communication"", ""project management"", ""risk management"", ""stakeholder management""]",[],0.16666666666666666,0.0,0.13333333333333333,0.3333333333333333,"{""Agile"": [{""matched_phrase"": ""Agile"", ""sentence"": ""Skills: Django, REST APIs, SQL, Flask, Git, JavaScript, React, Agile, HTML, CSS."", ""start_character"": 211, ""end_character"": 216}]}"
CAND001,JOB005,Digital Marketing Specialist,1,1.0,2.0,"[""Agile"", ""Docker"", ""Git"", ""JavaScript"", ""REST APIs"", ""React"", ""SQL""]",[],"[""Google Analytics"", ""SEO"", ""campaign management"", ""content marketing"", ""digital marketing"", ""social media marketing""]",[],0.0,0.0,0.0,0.5,{}
CAND002,JOB001,Software Engineer,2,8.0,2.0,"[""AWS"", ""CI/CD"", ""Docker"", ""Git"", ""REST APIs"", ""React"", ""SQL""]","[""Git"", ""REST APIs"", ""SQL""]","[""JavaScript"", ""Python"", ""software testing""]","[""AWS"", ""CI/CD"", ""Docker"", ""React""]",0.5,0.8,0.56,1.0,"{""Git"": [{""matched_phrase"": ""Git"", ""sentence"": ""Skills: React, SQL, Django, CI/CD, CSS, Docker, HTML, AWS, REST APIs, Git."", ""start_character"": 225, ""end_character"": 228}, {""matched_phrase"": ""Git"", ""sentence"": ""Experience evidence: created and integrated REST APIs; managed code using Git."", ""start_character"": 304, ""end_character"": 307}], ""REST APIs"": [{""matched_phrase"": ""REST APIs"", ""sentence"": ""Skills: React, SQL, Django, CI/CD, CSS, Docker, HTML, AWS, REST APIs, Git."", ""start_character"": 214, ""end_character"": 223}, {""matched_phrase"": ""REST APIs"", ""sentence"": ""Experience evidence: created and integrated REST APIs; managed code using Git."", ""start_character"": 274, ""end_character"": 283}], ""SQL"": [{""matched_phrase"": ""SQL"", ""sentence"": ""Skills: React, SQL, Django, CI/CD, CSS, Docker, HTML, AWS, REST APIs, Git."", ""start_character"": 170, ""end_character"": 173}], ""AWS"": [{""matched_phrase"": ""AWS"", ""sentence"": ""Skills: React, SQL, Django, CI/CD, CSS, Docker, HTML, AWS, REST APIs, Git."", ""start_character"": 209, ""end_character"": 212}], ""CI/CD"": [{""matched_phrase"": ""CI/CD"", ""sentence"": ""Skills: React, SQL, Django, CI/CD, CSS, Docker, HTML, AWS, REST APIs, Git."", ""start_character"": 183, ""end_character"": 188}], ""Docker"": [{""matched_phrase"": ""Docker"", ""sentence"": ""Skills: React, SQL, Django, CI/CD, CSS, Docker, HTML, AWS, REST APIs, Git."", ""start_character"": 195, ""end_character"": 201}], ""React"": [{""matched_phrase"": ""React"", ""sentence"": ""Skills: React, SQL, Django, CI/CD, CSS, Docker, HTML, AWS, REST APIs, Git."", ""start_character"": 163, ""end_character"": 168}]}"
CAND002,JOB002,Data Analyst,1,8.0,2.0,"[""AWS"", ""CI/CD"", ""Docker"", ""Git"", ""REST APIs"", ""React"", ""SQL""]","[""SQL""]","[""Excel"", ""Python"", ""data analysis"", ""data visualisation"", ""statistics""]",[],0.16666666666666666,0.0,0.13333333333333333,1.0,"{""SQL"": [{""matched_phrase"": ""SQL"", ""sentence"": ""Skills: React, SQL, Django, CI/CD, CSS, Docker, HTML, AWS, REST APIs, Git."", ""start_character"": 170, ""end_character"": 173}]}"
CAND002,JOB003,Cybersecurity Analyst,0,8.0,2.0,"[""AWS"", ""CI/CD"", ""Docker"", ""Git"", ""REST APIs"", ""React"", ""SQL""]",[],"[""SIEM"", ""incident response"", ""network security"", ""risk assessment"", ""security monitoring"", ""vulnerability assessment""]",[],0.0,0.0,0.0,1.0,{}
CAND002,JOB004,IT Project Manager,0,8.0,3.0,"[""AWS"", ""CI/CD"", ""Docker"", ""Git"", ""REST APIs"", ""React"", ""SQL""]",[],"[""Agile"", ""budget management"", ""communication"", ""project management"", ""risk management"", ""stakeholder management""]",[],0.0,0.0,0.0,1.0,{}
CAND002,JOB005,Digital Marketing Specialist,0,8.0,2.0,"[""AWS"", ""CI/CD"", ""Docker"", ""Git"", ""REST APIs"", ""React"", ""SQL""]",[],"[""Google Analytics"", ""SEO"", ""campaign management"", ""content marketing"", ""digital marketing"", ""social media marketing""]",[],0.0,0.0,0.0,1.0,{}
CAND003,JOB001,Software Engineer,3,2.0,2.0,"[""Agile"", ""Docker"", ""Git"", ""JavaScript"", ""Python"", ""REST APIs"", ""React"", ""software testing""]","[""Git"", ""JavaScript"", ""Python"", ""REST APIs"", ""software testing""]","[""SQL""]","[""Agile"", ""Docker"", ""React""]",0.8333333333333334,0.6,0.7866666666666667,1.0,"{""Git"": [{""matched_phrase"": ""Git"", ""sentence"": ""Skills: Flask, software testing, JavaScript, CSS, Docker, Django, HTML, React, REST APIs, Git, Python."", ""start_character"": 255, ""end_character"": 258}, {""matched_phrase"": ""Git"", ""sentence"": ""Experience evidence: participated in Agile development; developed web applications; managed code using Git; deployed applications using Docker; created and integrated REST APIs."", ""start_character"": 371, ""end_character"": 374}], ""JavaScript"": [{""matched_phrase"": ""JavaScript"", ""sentence"": ""Skills: Flask, software testing, JavaScript, CSS, Docker, Django, HTML, React, REST APIs, Git, Python."", ""start_character"": 198, ""end_character"": 208}], ""Python"": [{""matched_phrase"": ""Python"", ""sentence"": ""Skills: Flask, software testing, JavaScript, CSS, Docker, Django, HTML, React, REST APIs, Git, Python."", ""start_character"": 260, ""end_character"": 266}], ""REST APIs"": [{""matched_phrase"": ""REST APIs"", ""sentence"": ""Skills: Flask, software testing, JavaScript, CSS, Docker, Django, HTML, React, REST APIs, Git, Python."", ""start_character"": 244, ""end_character"": 253}, {""matched_phrase"": ""REST APIs"", ""sentence"": ""Experience evidence: participated in Agile development; developed web applications; managed code using Git; deployed applications using Docker; created and integrated REST APIs."", ""start_character"": 435, ""end_character"": 444}], ""software testing"": [{""matched_phrase"": ""software testing"", ""sentence"": ""Skills: Flask, software testing, JavaScript, CSS, Docker, Django, HTML, React, REST APIs, Git, Python."", ""start_character"": 180, ""end_character"": 196}], ""Agile"": [{""matched_phrase"": ""Agile"", ""sentence"": ""Experience evidence: participated in Agile development; developed web applications; managed code using Git; deployed applications using Docker; created and integrated REST APIs."", ""start_character"": 305, ""end_character"": 310}, {""matched_phrase"": ""Agile development"", ""sentence"": ""Experience evidence: participated in Agile development; developed web applications; managed code using Git; deployed applications using Docker; created and integrated REST APIs."", ""start_character"": 305, ""end_character"": 322}], ""Docker"": [{""matched_phrase"": ""Docker"", ""sentence"": ""Skills: Flask, software testing, JavaScript, CSS, Docker, Django, HTML, React, REST APIs, Git, Python."", ""start_character"": 215, ""end_character"": 221}, {""matched_phrase"": ""Docker"", ""sentence"": ""Experience evidence: participated in Agile development; developed web applications; managed code using Git; deployed applications using Docker; created and integrated REST APIs."", ""start_character"": 404, ""end_character"": 410}], ""React"": [{""matched_phrase"": ""React"", ""sentence"": ""Skills: Flask, software testing, JavaScript, CSS, Docker, Django, HTML, React, REST APIs, Git, Python."", ""start_character"": 237, ""end_character"": 242}]}"
CAND003,JOB002,Data Analyst,1,2.0,2.0,"[""Agile"", ""Docker"", ""Git"", ""JavaScript"", ""Python"", ""REST APIs"", ""React"", ""software testing""]","[""Python""]","[""Excel"", ""SQL"", ""data analysis"", ""data visualisation"", ""statistics""]",[],0.16666666666666666,0.0,0.13333333333333333,1.0,"{""Python"": [{""matched_phrase"": ""Python"", ""sentence"": ""Skills: Flask, software testing, JavaScript, CSS, Docker, Django, HTML, React, REST APIs, Git, Python."", ""start_character"": 260, ""end_character"": 266}]}"
CAND003,JOB003,Cybersecurity Analyst,0,2.0,2.0,"[""Agile"", ""Docker"", ""Git"", ""JavaScript"", ""Python"", ""REST APIs"", ""React"", ""software testing""]",[],"[""SIEM"", ""incident response"", ""network security"", ""risk assessment"", ""security monitoring"", ""vulnerability assessment""]","[""Python""]",0.0,0.16666666666666666,0.03333333333333333,1.0,"{""Python"": [{""matched_phrase"": ""Python"", ""sentence"": ""Skills: Flask, software testing, JavaScript, CSS, Docker, Django, HTML, React, REST APIs, Git, Python."", ""start_character"": 260, ""end_character"": 266}]}"
CAND003,JOB004,IT Project Manager,0,2.0,3.0,"[""Agile"", ""Docker"", ""Git"", ""JavaScript"", ""Python"", ""REST APIs"", ""React"", ""software testing""]","[""Agile""]","[""budget management"", ""communication"", ""project management"", ""risk management"", ""stakeholder management""]",[],0.16666666666666666,0.0,0.13333333333333333,0.6666666666666666,"{""Agile"": [{""matched_phrase"": ""Agile"", ""sentence"": ""Experience evidence: participated in Agile development; developed web applications; managed code using Git; deployed applications using Docker; created and integrated REST APIs."", ""start_character"": 305, ""end_character"": 310}, {""matched_phrase"": ""Agile development"", ""sentence"": ""Experience evidence: participated in Agile development; developed web applications; managed code using Git; deployed applications using Docker; created and integrated REST APIs."", ""start_character"": 305, ""end_character"": 322}]}"
CAND003,JOB005,Digital Marketing Specialist,0,2.0,2.0,"[""Agile"", ""Docker"", ""Git"", ""JavaScript"", ""Python"", ""REST APIs"", ""React"", ""software testing""]",[],"[""Google Analytics"", ""SEO"", ""campaign management"", ""content marketing"", ""digital marketing"", ""social media marketing""]",[],0.0,0.0,0.0,1.0,{}
CAND004,JOB001,Software Engineer,3,3.0,2.0,"[""Agile"", ""CI/CD"", ""Docker"", ""Git"", ""JavaScript"", ""Python"", ""REST APIs"", ""SQL""]","[""Git"", ""JavaScript"", ""Python"", ""REST APIs"", ""SQL""]","[""software testing""]","[""Agile"", ""CI/CD"", ""Docker""]",0.8333333333333334,0.6,0.7866666666666667,1.0,"{""Git"": [{""matched_phrase"": ""Git"", ""sentence"": ""Skills: Python, CI/CD, SQL, REST APIs, JavaScript, Flask, HTML, Docker, Git, Agile."", ""start_character"": 224, ""end_character"": 227}], ""JavaScript"": [{""matched_phrase"": ""JavaScript"", ""sentence"": ""Skills: Python, CI/CD, SQL, REST APIs, JavaScript, Flask, HTML, Docker, Git, Agile."", ""start_character"": 191, ""end_character"": 201}], ""Python"": [{""matched_phrase"": ""Python"", ""sentence"": ""Skills: Python, CI/CD, SQL, REST APIs, JavaScript, Flask, HTML, Docker, Git, Agile."", ""start_character"": 160, ""end_character"": 166}], ""REST APIs"": [{""matched_phrase"": ""REST APIs"", ""sentence"": ""Skills: Python, CI/CD, SQL, REST APIs, JavaScript, Flask, HTML, Docker, Git, Agile."", ""start_character"": 180, ""end_character"": 189}, {""matched_phrase"": ""REST APIs"", ""sentence"": ""Experience evidence: created and integrated REST APIs; wrote automated software tests; participated in Agile development; developed web applications."", ""start_character"": 280, ""end_character"": 289}], ""SQL"": [{""matched_phrase"": ""SQL"", ""sentence"": ""Skills: Python, CI/CD, SQL, REST APIs, JavaScript, Flask, HTML, Docker, Git, Agile."", ""start_character"": 175, ""end_character"": 178}], ""Agile"": [{""matched_phrase"": ""Agile"", ""sentence"": ""Skills: Python, CI/CD, SQL, REST APIs, JavaScript, Flask, HTML, Docker, Git, Agile."", ""start_character"": 229, ""end_character"": 234}, {""matched_phrase"": ""Agile"", ""sentence"": ""Experience evidence: created and integrated REST APIs; wrote automated software tests; participated in Agile development; developed web applications."", ""start_character"": 339, ""end_character"": 344}, {""matched_phrase"": ""Agile development"", ""sentence"": ""Experience evidence: created and integrated REST APIs; wrote automated software tests; participated in Agile development; developed web applications."", ""start_character"": 339, ""end_character"": 356}], ""CI/CD"": [{""matched_phrase"": ""CI/CD"", ""sentence"": ""Skills: Python, CI/CD, SQL, REST APIs, JavaScript, Flask, HTML, Docker, Git, Agile."", ""start_character"": 168, ""end_character"": 173}], ""Docker"": [{""matched_phrase"": ""Docker"", ""sentence"": ""Skills: Python, CI/CD, SQL, REST APIs, JavaScript, Flask, HTML, Docker, Git, Agile."", ""start_character"": 216, ""end_character"": 222}]}"
CAND004,JOB002,Data Analyst,1,3.0,2.0,"[""Agile"", ""CI/CD"", ""Docker"", ""Git"", ""JavaScript"", ""Python"", ""REST APIs"", ""SQL""]","[""Python"", ""SQL""]","[""Excel"", ""data analysis"", ""data visualisation"", ""statistics""]",[],0.3333333333333333,0.0,0.26666666666666666,1.0,"{""Python"": [{""matched_phrase"": ""Python"", ""sentence"": ""Skills: Python, CI/CD, SQL, REST APIs, JavaScript, Flask, HTML, Docker, Git, Agile."", ""start_character"": 160, ""end_character"": 166}], ""SQL"": [{""matched_phrase"": ""SQL"", ""sentence"": ""Skills: Python, CI/CD, SQL, REST APIs, JavaScript, Flask, HTML, Docker, Git, Agile."", ""start_character"": 175, ""end_character"": 178}]}"
CAND004,JOB003,Cybersecurity Analyst,1,3.0,2.0,"[""Agile"", ""CI/CD"", ""Docker"", ""Git"", ""JavaScript"", ""Python"", ""REST APIs"", ""SQL""]",[],"[""SIEM"", ""incident response"", ""network security"", ""risk assessment"", ""security monitoring"", ""vulnerability assessment""]","[""Python""]",0.0,0.16666666666666666,0.03333333333333333,1.0,"{""Python"": [{""matched_phrase"": ""Python"", ""sentence"": ""Skills: Python, CI/CD, SQL, REST APIs, JavaScript, Flask, HTML, Docker, Git, Agile."", ""start_character"": 160, ""end_character"": 166}]}"
CAND004,JOB004,IT Project Manager,1,3.0,3.0,"[""Agile"", ""CI/CD"", ""Docker"", ""Git"", ""JavaScript"", ""Python"", ""REST APIs"", ""SQL""]","[""Agile""]","[""budget management"", ""communication"", ""project management"", ""risk management"", ""stakeholder management""]",[],0.16666666666666666,0.0,0.13333333333333333,1.0,"{""Agile"": [{""matched_phrase"": ""Agile"", ""sentence"": ""Skills: Python, CI/CD, SQL, REST APIs, JavaScript, Flask, HTML, Docker, Git, Agile."", ""start_character"": 229, ""end_character"": 234}, {""matched_phrase"": ""Agile"", ""sentence"": ""Experience evidence: created and integrated REST APIs; wrote automated software tests; participated in Agile development; developed web applications."", ""start_character"": 339, ""end_character"": 344}, {""matched_phrase"": ""Agile development"", ""sentence"": ""Experience evidence: created and integrated REST APIs; wrote automated software tests; participated in Agile development; developed web applications."", ""start_character"": 339, ""end_character"": 356}]}"
CAND004,JOB005,Digital Marketing Specialist,0,3.0,2.0,"[""Agile"", ""CI/CD"", ""Docker"", ""Git"", ""JavaScript"", ""Python"", ""REST APIs"", ""SQL""]",[],"[""Google Analytics"", ""SEO"", ""campaign management"", ""content marketing"", ""digital marketing"", ""social media marketing""]",[],0.0,0.0,0.0,1.0,{}
CAND005,JOB001,Software Engineer,3,2.0,2.0,"[""AWS"", ""CI/CD"", ""Docker"", ""Git"", ""JavaScript"", ""Python"", ""REST APIs"", ""React"", ""SQL"", ""software testing""]","[""Git"", ""JavaScript"", ""Python"", ""REST APIs"", ""SQL"", ""software testing""]",[],"[""AWS"", ""CI/CD"", ""Docker"", ""React""]",1.0,0.8,0.9600000000000001,1.0,"{""Git"": [{""matched_phrase"": ""Git"", ""sentence"": ""Skills: Git, AWS, Docker, REST APIs, CI/CD, React, SQL, software testing, Flask, Python, JavaScript."", ""start_character"": 160, ""end_character"": 163}, {""matched_phrase"": ""Git"", ""sentence"": ""Experience evidence: wrote automated software tests; managed code using Git."", ""start_character"": 325, ""end_character"": 328}], ""JavaScript"": [{""matched_phrase"": ""JavaScript"", ""sentence"": ""Skills: Git, AWS, Docker, REST APIs, CI/CD, React, SQL, software testing, Flask, Python, JavaScript."", ""start_character"": 241, ""end_character"": 251}], ""Python"": [{""matched_phrase"": ""Python"", ""sentence"": ""Skills: Git, AWS, Docker, REST APIs, CI/CD, React, SQL, software testing, Flask, Python, JavaScript."", ""start_character"": 233, ""end_character"": 239}], ""REST APIs"": [{""matched_phrase"": ""REST APIs"", ""sentence"": ""Skills: Git, AWS, Docker, REST APIs, CI/CD, React, SQL, software testing, Flask, Python, JavaScript."", ""start_character"": 178, ""end_character"": 187}], ""SQL"": [{""matched_phrase"": ""SQL"", ""sentence"": ""Skills: Git, AWS, Docker, REST APIs, CI/CD, React, SQL, software testing, Flask, Python, JavaScript."", ""start_character"": 203, ""end_character"": 206}], ""software testing"": [{""matched_phrase"": ""software testing"", ""sentence"": ""Skills: Git, AWS, Docker, REST APIs, CI/CD, React, SQL, software testing, Flask, Python, JavaScript."", ""start_character"": 208, ""end_character"": 224}], ""AWS"": [{""matched_phrase"": ""AWS"", ""sentence"": ""Skills: Git, AWS, Docker, REST APIs, CI/CD, React, SQL, software testing, Flask, Python, JavaScript."", ""start_character"": 165, ""end_character"": 168}], ""CI/CD"": [{""matched_phrase"": ""CI/CD"", ""sentence"": ""Skills: Git, AWS, Docker, REST APIs, CI/CD, React, SQL, software testing, Flask, Python, JavaScript."", ""start_character"": 189, ""end_character"": 194}], ""Docker"": [{""matched_phrase"": ""Docker"", ""sentence"": ""Skills: Git, AWS, Docker, REST APIs, CI/CD, React, SQL, software testing, Flask, Python, JavaScript."", ""start_character"": 170, ""end_character"": 176}], ""React"": [{""matched_phrase"": ""React"", ""sentence"": ""Skills: Git, AWS, Docker, REST APIs, CI/CD, React, SQL, software testing, Flask, Python, JavaScript."", ""start_character"": 196, ""end_character"": 201}]}"
CAND005,JOB002,Data Analyst,1,2.0,2.0,"[""AWS"", ""CI/CD"", ""Docker"", ""Git"", ""JavaScript"", ""Python"", ""REST APIs"", ""React"", ""SQL"", ""software testing""]","[""Python"", ""SQL""]","[""Excel"", ""data analysis"", ""data visualisation"", ""statistics""]",[],0.3333333333333333,0.0,0.26666666666666666,1.0,"{""Python"": [{""matched_phrase"": ""Python"", ""sentence"": ""Skills: Git, AWS, Docker, REST APIs, CI/CD, React, SQL, software testing, Flask, Python, JavaScript."", ""start_character"": 233, ""end_character"": 239}], ""SQL"": [{""matched_phrase"": ""SQL"", ""sentence"": ""Skills: Git, AWS, Docker, REST APIs, CI/CD, React, SQL, software testing, Flask, Python, JavaScript."", ""start_character"": 203, ""end_character"": 206}]}"
CAND005,JOB003,Cybersecurity Analyst,1,2.0,2.0,"[""AWS"", ""CI/CD"", ""Docker"", ""Git"", ""JavaScript"", ""Python"", ""REST APIs"", ""React"", ""SQL"", ""software testing""]",[],"[""SIEM"", ""incident response"", ""network security"", ""risk assessment"", ""security monitoring"", ""vulnerability assessment""]","[""Python""]",0.0,0.16666666666666666,0.03333333333333333,1.0,"{""Python"": [{""matched_phrase"": ""Python"", ""sentence"": ""Skills: Git, AWS, Docker, REST APIs, CI/CD, React, SQL, software testing, Flask, Python, JavaScript."", ""start_character"": 233, ""end_character"": 239}]}"
CAND005,JOB004,IT Project Manager,1,2.0,3.0,"[""AWS"", ""CI/CD"", ""Docker"", ""Git"", ""JavaScript"", ""Python"", ""REST APIs"", ""React"", ""SQL"", ""software testing""]",[],"[""Agile"", ""budget management"", ""communication"", ""project management"", ""risk management"", ""stakeholder management""]",[],0.0,0.0,0.0,0.6666666666666666,{}
CAND005,JOB005,Digital Marketing Specialist,0,2.0,2.0,"[""AWS"", ""CI/CD"", ""Docker"", ""Git"", ""JavaScript"", ""Python"", ""REST APIs"", ""React"", ""SQL"", ""software testing""]",[],"[""Google Analytics"", ""SEO"", ""campaign management"", ""content marketing"", ""digital marketing"", ""social media marketing""]",[],0.0,0.0,0.0,1.0,{}
CAND006,JOB001,Software Engineer,2,3.0,2.0,"[""AWS"", ""Agile"", ""CI/CD"", ""Docker"", ""Git"", ""REST APIs"", ""SQL""]","[""Git"", ""REST APIs"", ""SQL""]","[""JavaScript"", ""Python"", ""software testing""]","[""AWS"", ""Agile"", ""CI/CD"", ""Docker""]",0.5,0.8,0.56,1.0,"{""Git"": [{""matched_phrase"": ""Git"", ""sentence"": ""Skills: SQL, CI/CD, AWS, Docker, HTML, Flask, Git, REST APIs."", ""start_character"": 208, ""end_character"": 211}], ""REST APIs"": [{""matched_phrase"": ""REST APIs"", ""sentence"": ""Skills: SQL, CI/CD, AWS, Docker, HTML, Flask, Git, REST APIs."", ""start_character"": 213, ""end_character"": 222}, {""matched_phrase"": ""REST APIs"", ""sentence"": ""Experience evidence: created and integrated REST APIs; participated in Agile development; wrote automated software tests."", ""start_character"": 268, ""end_character"": 277}], ""SQL"": [{""matched_phrase"": ""SQL"", ""sentence"": ""Skills: SQL, CI/CD, AWS, Docker, HTML, Flask, Git, REST APIs."", ""start_character"": 170, ""end_character"": 173}], ""AWS"": [{""matched_phrase"": ""AWS"", ""sentence"": ""Skills: SQL, CI/CD, AWS, Docker, HTML, Flask, Git, REST APIs."", ""start_character"": 182, ""end_character"": 185}], ""Agile"": [{""matched_phrase"": ""Agile"", ""sentence"": ""Experience evidence: created and integrated REST APIs; participated in Agile development; wrote automated software tests."", ""start_character"": 295, ""end_character"": 300}, {""matched_phrase"": ""Agile development"", ""sentence"": ""Experience evidence: created and integrated REST APIs; participated in Agile development; wrote automated software tests."", ""start_character"": 295, ""end_character"": 312}], ""CI/CD"": [{""matched_phrase"": ""CI/CD"", ""sentence"": ""Skills: SQL, CI/CD, AWS, Docker, HTML, Flask, Git, REST APIs."", ""start_character"": 175, ""end_character"": 180}], ""Docker"": [{""matched_phrase"": ""Docker"", ""sentence"": ""Skills: SQL, CI/CD, AWS, Docker, HTML, Flask, Git, REST APIs."", ""start_character"": 187, ""end_character"": 193}]}"
CAND006,JOB002,Data Analyst,1,3.0,2.0,"[""AWS"", ""Agile"", ""CI/CD"", ""Docker"", ""Git"", ""REST APIs"", ""SQL""]","[""SQL""]","[""Excel"", ""Python"", ""data analysis"", ""data visualisation"", ""statistics""]",[],0.16666666666666666,0.0,0.13333333333333333,1.0,"{""SQL"": [{""matched_phrase"": ""SQL"", ""sentence"": ""Skills: SQL, CI/CD, AWS, Docker, HTML, Flask, Git, REST APIs."", ""start_character"": 170, ""end_character"": 173}]}"
CAND006,JOB003,Cybersecurity Analyst,0,3.0,2.0,"[""AWS"", ""Agile"", ""CI/CD"", ""Docker"", ""Git"", ""REST APIs"", ""SQL""]",[],"[""SIEM"", ""incident response"", ""network security"", ""risk assessment"", ""security monitoring"", ""vulnerability assessment""]",[],0.0,0.0,0.0,1.0,{}
CAND006,JOB004,IT Project Manager,0,3.0,3.0,"[""AWS"", ""Agile"", ""CI/CD"", ""Docker"", ""Git"", ""REST APIs"", ""SQL""]","[""Agile""]","[""budget management"", ""communication"", ""project management"", ""risk management"", ""stakeholder management""]",[],0.16666666666666666,0.0,0.13333333333333333,1.0,"{""Agile"": [{""matched_phrase"": ""Agile"", ""sentence"": ""Experience evidence: created and integrated REST APIs; participated in Agile development; wrote automated software tests."", ""start_character"": 295, ""end_character"": 300}, {""matched_phrase"": ""Agile development"", ""sentence"": ""Experience evidence: created and integrated REST APIs; participated in Agile development; wrote automated software tests."", ""start_character"": 295, ""end_character"": 312}]}"
CAND006,JOB005,Digital Marketing Specialist,0,3.0,2.0,"[""AWS"", ""Agile"", ""CI/CD"", ""Docker"", ""Git"", ""REST APIs"", ""SQL""]",[],"[""Google Analytics"", ""SEO"", ""campaign management"", ""content marketing"", ""digital marketing"", ""social media marketing""]",[],0.0,0.0,0.0,1.0,{}
CAND007,JOB001,Software Engineer,3,6.0,2.0,"[""AWS"", ""CI/CD"", ""Docker"", ""Git"", ""JavaScript"", ""Python"", ""React"", ""SQL""]","[""Git"", ""JavaScript"", ""Python"", ""SQL""]","[""REST APIs"", ""software testing""]","[""AWS"", ""CI/CD"", ""Docker"", ""React""]",0.6666666666666666,0.8,0.6933333333333334,1.0,"{""Git"": [{""matched_phrase"": ""Git"", ""sentence"": ""Skills: SQL, Git, React, AWS, JavaScript, Python, CI/CD, HTML."", ""start_character"": 173, ""end_character"": 176}, {""matched_phrase"": ""Git"", ""sentence"": ""Experience evidence: deployed applications using Docker; managed code using Git; developed web applications."", ""start_character"": 299, ""end_character"": 302}], ""JavaScript"": [{""matched_phrase"": ""JavaScript"", ""sentence"": ""Skills: SQL, Git, React, AWS, JavaScript, Python, CI/CD, HTML."", ""start_character"": 190, ""end_character"": 200}], ""Python"": [{""matched_phrase"": ""Python"", ""sentence"": ""Skills: SQL, Git, React, AWS, JavaScript, Python, CI/CD, HTML."", ""start_character"": 202, ""end_character"": 208}], ""SQL"": [{""matched_phrase"": ""SQL"", ""sentence"": ""Skills: SQL, Git, React, AWS, JavaScript, Python, CI/CD, HTML."", ""start_character"": 168, ""end_character"": 171}], ""AWS"": [{""matched_phrase"": ""AWS"", ""sentence"": ""Skills: SQL, Git, React, AWS, JavaScript, Python, CI/CD, HTML."", ""start_character"": 185, ""end_character"": 188}], ""CI/CD"": [{""matched_phrase"": ""CI/CD"", ""sentence"": ""Skills: SQL, Git, React, AWS, JavaScript, Python, CI/CD, HTML."", ""start_character"": 210, ""end_character"": 215}], ""Docker"": [{""matched_phrase"": ""Docker"", ""sentence"": ""Experience evidence: deployed applications using Docker; managed code using Git; developed web applications."", ""start_character"": 272, ""end_character"": 278}], ""React"": [{""matched_phrase"": ""React"", ""sentence"": ""Skills: SQL, Git, React, AWS, JavaScript, Python, CI/CD, HTML."", ""start_character"": 178, ""end_character"": 183}]}"
CAND007,JOB002,Data Analyst,1,6.0,2.0,"[""AWS"", ""CI/CD"", ""Docker"", ""Git"", ""JavaScript"", ""Python"", ""React"", ""SQL""]","[""Python"", ""SQL""]","[""Excel"", ""data analysis"", ""data visualisation"", ""statistics""]",[],0.3333333333333333,0.0,0.26666666666666666,1.0,"{""Python"": [{""matched_phrase"": ""Python"", ""sentence"": ""Skills: SQL, Git, React, AWS, JavaScript, Python, CI/CD, HTML."", ""start_character"": 202, ""end_character"": 208}], ""SQL"": [{""matched_phrase"": ""SQL"", ""sentence"": ""Skills: SQL, Git, React, AWS, JavaScript, Python, CI/CD, HTML."", ""start_character"": 168, ""end_character"": 171}]}"
CAND007,JOB003,Cybersecurity Analyst,1,6.0,2.0,"[""AWS"", ""CI/CD"", ""Docker"", ""Git"", ""JavaScript"", ""Python"", ""React"", ""SQL""]",[],"[""SIEM"", ""incident response"", ""network security"", ""risk assessment"", ""security monitoring"", ""vulnerability assessment""]","[""Python""]",0.0,0.16666666666666666,0.03333333333333333,1.0,"{""Python"": [{""matched_phrase"": ""Python"", ""sentence"": ""Skills: SQL, Git, React, AWS, JavaScript, Python, CI/CD, HTML."", ""start_character"": 202, ""end_character"": 208}]}"
CAND007,JOB004,IT Project Manager,1,6.0,3.0,"[""AWS"", ""CI/CD"", ""Docker"", ""Git"", ""JavaScript"", ""Python"", ""React"", ""SQL""]",[],"[""Agile"", ""budget management"", ""communication"", ""project management"", ""risk management"", ""stakeholder management""]",[],0.0,0.0,0.0,1.0,{}
CAND007,JOB005,Digital Marketing Specialist,0,6.0,2.0,"[""AWS"", ""CI/CD"", ""Docker"", ""Git"", ""JavaScript"", ""Python"", ""React"", ""SQL""]",[],"[""Google Analytics"", ""SEO"", ""campaign management"", ""content marketing"", ""digital marketing"", ""social media marketing""]",[],0.0,0.0,0.0,1.0,{}
CAND008,JOB001,Software Engineer,3,7.0,2.0,"[""CI/CD"", ""Git"", ""JavaScript"", ""Python"", ""REST APIs"", ""React"", ""software testing""]","[""Git"", ""JavaScript"", ""Python"", ""REST APIs"", ""software testing""]","[""SQL""]","[""CI/CD"", ""React""]",0.8333333333333334,0.4,0.7466666666666668,1.0,"{""Git"": [{""matched_phrase"": ""Git"", ""sentence"": ""Experience evidence: wrote automated software tests; managed code using Git."", ""start_character"": 314, ""end_character"": 317}], ""JavaScript"": [{""matched_phrase"": ""JavaScript"", ""sentence"": ""Skills: React, HTML, Python, CI/CD, JavaScript, CSS, REST APIs, software testing."", ""start_character"": 196, ""end_character"": 206}], ""Python"": [{""matched_phrase"": ""Python"", ""sentence"": ""Skills: React, HTML, Python, CI/CD, JavaScript, CSS, REST APIs, software testing."", ""start_character"": 181, ""end_character"": 187}], ""REST APIs"": [{""matched_phrase"": ""REST APIs"", ""sentence"": ""Skills: React, HTML, Python, CI/CD, JavaScript, CSS, REST APIs, software testing."", ""start_character"": 213, ""end_character"": 222}], ""software testing"": [{""matched_phrase"": ""software testing"", ""sentence"": ""Skills: React, HTML, Python, CI/CD, JavaScript, CSS, REST APIs, software testing."", ""start_character"": 224, ""end_character"": 240}], ""CI/CD"": [{""matched_phrase"": ""CI/CD"", ""sentence"": ""Skills: React, HTML, Python, CI/CD, JavaScript, CSS, REST APIs, software testing."", ""start_character"": 189, ""end_character"": 194}], ""React"": [{""matched_phrase"": ""React"", ""sentence"": ""Skills: React, HTML, Python, CI/CD, JavaScript, CSS, REST APIs, software testing."", ""start_character"": 168, ""end_character"": 173}]}"
CAND008,JOB002,Data Analyst,1,7.0,2.0,"[""CI/CD"", ""Git"", ""JavaScript"", ""Python"", ""REST APIs"", ""React"", ""software testing""]","[""Python""]","[""Excel"", ""SQL"", ""data analysis"", ""data visualisation"", ""statistics""]",[],0.16666666666666666,0.0,0.13333333333333333,1.0,"{""Python"": [{""matched_phrase"": ""Python"", ""sentence"": ""Skills: React, HTML, Python, CI/CD, JavaScript, CSS, REST APIs, software testing."", ""start_character"": 181, ""end_character"": 187}]}"
CAND008,JOB003,Cybersecurity Analyst,1,7.0,2.0,"[""CI/CD"", ""Git"", ""JavaScript"", ""Python"", ""REST APIs"", ""React"", ""software testing""]",[],"[""SIEM"", ""incident response"", ""network security"", ""risk assessment"", ""security monitoring"", ""vulnerability assessment""]","[""Python""]",0.0,0.16666666666666666,0.03333333333333333,1.0,"{""Python"": [{""matched_phrase"": ""Python"", ""sentence"": ""Skills: React, HTML, Python, CI/CD, JavaScript, CSS, REST APIs, software testing."", ""start_character"": 181, ""end_character"": 187}]}"
CAND008,JOB004,IT Project Manager,1,7.0,3.0,"[""CI/CD"", ""Git"", ""JavaScript"", ""Python"", ""REST APIs"", ""React"", ""software testing""]",[],"[""Agile"", ""budget management"", ""communication"", ""project management"", ""risk management"", ""stakeholder management""]",[],0.0,0.0,0.0,1.0,{}
CAND008,JOB005,Digital Marketing Specialist,0,7.0,2.0,"[""CI/CD"", ""Git"", ""JavaScript"", ""Python"", ""REST APIs"", ""React"", ""software testing""]",[],"[""Google Analytics"", ""SEO"", ""campaign management"", ""content marketing"", ""digital marketing"", ""social media marketing""]",[],0.0,0.0,0.0,1.0,{}
CAND009,JOB001,Software Engineer,2,0.0,2.0,"[""Git"", ""JavaScript"", ""REST APIs"", ""React"", ""SQL""]","[""Git"", ""JavaScript"", ""REST APIs"", ""SQL""]","[""Python"", ""software testing""]","[""React""]",0.6666666666666666,0.2,0.5733333333333334,0.0,"{""Git"": [{""matched_phrase"": ""Git"", ""sentence"": ""Skills: React, Flask, Git, CSS, JavaScript, REST APIs, Django, SQL."", ""start_character"": 185, ""end_character"": 188}], ""JavaScript"": [{""matched_phrase"": ""JavaScript"", ""sentence"": ""Skills: React, Flask, Git, CSS, JavaScript, REST APIs, Django, SQL."", ""start_character"": 195, ""end_character"": 205}], ""REST APIs"": [{""matched_phrase"": ""REST APIs"", ""sentence"": ""Skills: React, Flask, Git, CSS, JavaScript, REST APIs, Django, SQL."", ""start_character"": 207, ""end_character"": 216}, {""matched_phrase"": ""REST APIs"", ""sentence"": ""Experience evidence: wrote automated software tests; created and integrated REST APIs; developed web applications."", ""start_character"": 307, ""end_character"": 316}], ""SQL"": [{""matched_phrase"": ""SQL"", ""sentence"": ""Skills: React, Flask, Git, CSS, JavaScript, REST APIs, Django, SQL."", ""start_character"": 226, ""end_character"": 229}], ""React"": [{""matched_phrase"": ""React"", ""sentence"": ""Skills: React, Flask, Git, CSS, JavaScript, REST APIs, Django, SQL."", ""start_character"": 171, ""end_character"": 176}]}"
CAND009,JOB002,Data Analyst,1,0.0,2.0,"[""Git"", ""JavaScript"", ""REST APIs"", ""React"", ""SQL""]","[""SQL""]","[""Excel"", ""Python"", ""data analysis"", ""data visualisation"", ""statistics""]",[],0.16666666666666666,0.0,0.13333333333333333,0.0,"{""SQL"": [{""matched_phrase"": ""SQL"", ""sentence"": ""Skills: React, Flask, Git, CSS, JavaScript, REST APIs, Django, SQL."", ""start_character"": 226, ""end_character"": 229}]}"
CAND009,JOB003,Cybersecurity Analyst,1,0.0,2.0,"[""Git"", ""JavaScript"", ""REST APIs"", ""React"", ""SQL""]",[],"[""SIEM"", ""incident response"", ""network security"", ""risk assessment"", ""security monitoring"", ""vulnerability assessment""]",[],0.0,0.0,0.0,0.0,{}
CAND009,JOB004,IT Project Manager,1,0.0,3.0,"[""Git"", ""JavaScript"", ""REST APIs"", ""React"", ""SQL""]",[],"[""Agile"", ""budget management"", ""communication"", ""project management"", ""risk management"", ""stakeholder management""]",[],0.0,0.0,0.0,0.0,{}
CAND009,JOB005,Digital Marketing Specialist,0,0.0,2.0,"[""Git"", ""JavaScript"", ""REST APIs"", ""React"", ""SQL""]",[],"[""Google Analytics"", ""SEO"", ""campaign management"", ""content marketing"", ""digital marketing"", ""social media marketing""]",[],0.0,0.0,0.0,0.0,{}
CAND010,JOB001,Software Engineer,2,0.0,2.0,"[""Agile"", ""Docker"", ""Python"", ""REST APIs"", ""SQL"", ""software testing""]","[""Python"", ""REST APIs"", ""SQL"", ""software testing""]","[""Git"", ""JavaScript""]","[""Agile"", ""Docker""]",0.6666666666666666,0.4,0.6133333333333333,0.0,"{""Python"": [{""matched_phrase"": ""Python"", ""sentence"": ""Skills: CSS, software testing, Flask, REST APIs, SQL, Python."", ""start_character"": 203, ""end_character"": 209}], ""REST APIs"": [{""matched_phrase"": ""REST APIs"", ""sentence"": ""Skills: CSS, software testing, Flask, REST APIs, SQL, Python."", ""start_character"": 187, ""end_character"": 196}], ""SQL"": [{""matched_phrase"": ""SQL"", ""sentence"": ""Skills: CSS, software testing, Flask, REST APIs, SQL, Python."", ""start_character"": 198, ""end_character"": 201}], ""software testing"": [{""matched_phrase"": ""software testing"", ""sentence"": ""Skills: CSS, software testing, Flask, REST APIs, SQL, Python."", ""start_character"": 162, ""end_character"": 178}], ""Agile"": [{""matched_phrase"": ""Agile"", ""sentence"": ""Experience evidence: participated in Agile development; developed web applications; deployed applications using Docker."", ""start_character"": 248, ""end_character"": 253}, {""matched_phrase"": ""Agile development"", ""sentence"": ""Experience evidence: participated in Agile development; developed web applications; deployed applications using Docker."", ""start_character"": 248, ""end_character"": 265}], ""Docker"": [{""matched_phrase"": ""Docker"", ""sentence"": ""Experience evidence: participated in Agile development; developed web applications; deployed applications using Docker."", ""start_character"": 323, ""end_character"": 329}]}"
CAND010,JOB002,Data Analyst,1,0.0,2.0,"[""Agile"", ""Docker"", ""Python"", ""REST APIs"", ""SQL"", ""software testing""]","[""Python"", ""SQL""]","[""Excel"", ""data analysis"", ""data visualisation"", ""statistics""]",[],0.3333333333333333,0.0,0.26666666666666666,0.0,"{""Python"": [{""matched_phrase"": ""Python"", ""sentence"": ""Skills: CSS, software testing, Flask, REST APIs, SQL, Python."", ""start_character"": 203, ""end_character"": 209}], ""SQL"": [{""matched_phrase"": ""SQL"", ""sentence"": ""Skills: CSS, software testing, Flask, REST APIs, SQL, Python."", ""start_character"": 198, ""end_character"": 201}]}"
CAND010,JOB003,Cybersecurity Analyst,1,0.0,2.0,"[""Agile"", ""Docker"", ""Python"", ""REST APIs"", ""SQL"", ""software testing""]",[],"[""SIEM"", ""incident response"", ""network security"", ""risk assessment"", ""security monitoring"", ""vulnerability assessment""]","[""Python""]",0.0,0.16666666666666666,0.03333333333333333,0.0,"{""Python"": [{""matched_phrase"": ""Python"", ""sentence"": ""Skills: CSS, software testing, Flask, REST APIs, SQL, Python."", ""start_character"": 203, ""end_character"": 209}]}"
CAND010,JOB004,IT Project Manager,1,0.0,3.0,"[""Agile"", ""Docker"", ""Python"", ""REST APIs"", ""SQL"", ""software testing""]","[""Agile""]","[""budget management"", ""communication"", ""project management"", ""risk management"", ""stakeholder management""]",[],0.16666666666666666,0.0,0.13333333333333333,0.0,"{""Agile"": [{""matched_phrase"": ""Agile"", ""sentence"": ""Experience evidence: participated in Agile development; developed web applications; deployed applications using Docker."", ""start_character"": 248, ""end_character"": 253}, {""matched_phrase"": ""Agile development"", ""sentence"": ""Experience evidence: participated in Agile development; developed web applications; deployed applications using Docker."", ""start_character"": 248, ""end_character"": 265}]}"
CAND010,JOB005,Digital Marketing Specialist,0,0.0,2.0,"[""Agile"", ""Docker"", ""Python"", ""REST APIs"", ""SQL"", ""software testing""]",[],"[""Google Analytics"", ""SEO"", ""campaign management"", ""content marketing"", ""digital marketing"", ""social media marketing""]",[],0.0,0.0,0.0,0.0,{}
CAND011,JOB001,Software Engineer,2,8.0,2.0,"[""AWS"", ""Agile"", ""CI/CD"", ""Docker"", ""Git"", ""REST APIs"", ""React""]","[""Git"", ""REST APIs""]","[""JavaScript"", ""Python"", ""SQL"", ""software testing""]","[""AWS"", ""Agile"", ""CI/CD"", ""Docker"", ""React""]",0.3333333333333333,1.0,0.4666666666666667,1.0,"{""Git"": [{""matched_phrase"": ""Git"", ""sentence"": ""Skills: Git, CI/CD, AWS, React, CSS, REST APIs, Django."", ""start_character"": 160, ""end_character"": 163}, {""matched_phrase"": ""Git"", ""sentence"": ""Experience evidence: created and integrated REST APIs; participated in Agile development; deployed applications using Docker; wrote automated software tests; managed code using Git."", ""start_character"": 385, ""end_character"": 388}], ""REST APIs"": [{""matched_phrase"": ""REST APIs"", ""sentence"": ""Skills: Git, CI/CD, AWS, React, CSS, REST APIs, Django."", ""start_character"": 189, ""end_character"": 198}, {""matched_phrase"": ""REST APIs"", ""sentence"": ""Experience evidence: created and integrated REST APIs; participated in Agile development; deployed applications using Docker; wrote automated software tests; managed code using Git."", ""start_character"": 252, ""end_character"": 261}], ""AWS"": [{""matched_phrase"": ""AWS"", ""sentence"": ""Skills: Git, CI/CD, AWS, React, CSS, REST APIs, Django."", ""start_character"": 172, ""end_character"": 175}], ""Agile"": [{""matched_phrase"": ""Agile"", ""sentence"": ""Experience evidence: created and integrated REST APIs; participated in Agile development; deployed applications using Docker; wrote automated software tests; managed code using Git."", ""start_character"": 279, ""end_character"": 284}, {""matched_phrase"": ""Agile development"", ""sentence"": ""Experience evidence: created and integrated REST APIs; participated in Agile development; deployed applications using Docker; wrote automated software tests; managed code using Git."", ""start_character"": 279, ""end_character"": 296}], ""CI/CD"": [{""matched_phrase"": ""CI/CD"", ""sentence"": ""Skills: Git, CI/CD, AWS, React, CSS, REST APIs, Django."", ""start_character"": 165, ""end_character"": 170}], ""Docker"": [{""matched_phrase"": ""Docker"", ""sentence"": ""Experience evidence: created and integrated REST APIs; participated in Agile development; deployed applications using Docker; wrote automated software tests; managed code using Git."", ""start_character"": 326, ""end_character"": 332}], ""React"": [{""matched_phrase"": ""React"", ""sentence"": ""Skills: Git, CI/CD, AWS, React, CSS, REST APIs, Django."", ""start_character"": 177, ""end_character"": 182}]}"
CAND011,JOB002,Data Analyst,1,8.0,2.0,"[""AWS"", ""Agile"", ""CI/CD"", ""Docker"", ""Git"", ""REST APIs"", ""React""]",[],"[""Excel"", ""Python"", ""SQL"", ""data analysis"", ""data visualisation"", ""statistics""]",[],0.0,0.0,0.0,1.0,{}
CAND011,JOB003,Cybersecurity Analyst,0,8.0,2.0,"[""AWS"", ""Agile"", ""CI/CD"", ""Docker"", ""Git"", ""REST APIs"", ""React""]",[],"[""SIEM"", ""incident response"", ""network security"", ""risk assessment"", ""security monitoring"", ""vulnerability assessment""]",[],0.0,0.0,0.0,1.0,{}
CAND011,JOB004,IT Project Manager,0,8.0,3.0,"[""AWS"", ""Agile"", ""CI/CD"", ""Docker"", ""Git"", ""REST APIs"", ""React""]","[""Agile""]","[""budget management"", ""communication"", ""project management"", ""risk management"", ""stakeholder management""]",[],0.16666666666666666,0.0,0.13333333333333333,1.0,"{""Agile"": [{""matched_phrase"": ""Agile"", ""sentence"": ""Experience evidence: created and integrated REST APIs; participated in Agile development; deployed applications using Docker; wrote automated software tests; managed code using Git."", ""start_character"": 279, ""end_character"": 284}, {""matched_phrase"": ""Agile development"", ""sentence"": ""Experience evidence: created and integrated REST APIs; participated in Agile development; deployed applications using Docker; wrote automated software tests; managed code using Git."", ""start_character"": 279, ""end_character"": 296}]}"
CAND011,JOB005,Digital Marketing Specialist,0,8.0,2.0,"[""AWS"", ""Agile"", ""CI/CD"", ""Docker"", ""Git"", ""REST APIs"", ""React""]",[],"[""Google Analytics"", ""SEO"", ""campaign management"", ""content marketing"", ""digital marketing"", ""social media marketing""]",[],0.0,0.0,0.0,1.0,{}
CAND012,JOB001,Software Engineer,3,7.0,2.0,"[""Agile"", ""Docker"", ""JavaScript"", ""Python"", ""REST APIs"", ""React"", ""SQL"", ""software testing""]","[""JavaScript"", ""Python"", ""REST APIs"", ""SQL"", ""software testing""]","[""Git""]","[""Agile"", ""Docker"", ""React""]",0.8333333333333334,0.6,0.7866666666666667,1.0,"{""JavaScript"": [{""matched_phrase"": ""JavaScript"", ""sentence"": ""Skills: JavaScript, SQL, HTML, CSS, software testing, Python, React, Flask, REST APIs."", ""start_character"": 157, ""end_character"": 167}], ""Python"": [{""matched_phrase"": ""Python"", ""sentence"": ""Skills: JavaScript, SQL, HTML, CSS, software testing, Python, React, Flask, REST APIs."", ""start_character"": 203, ""end_character"": 209}], ""REST APIs"": [{""matched_phrase"": ""REST APIs"", ""sentence"": ""Skills: JavaScript, SQL, HTML, CSS, software testing, Python, React, Flask, REST APIs."", ""start_character"": 225, ""end_character"": 234}], ""SQL"": [{""matched_phrase"": ""SQL"", ""sentence"": ""Skills: JavaScript, SQL, HTML, CSS, software testing, Python, React, Flask, REST APIs."", ""start_character"": 169, ""end_character"": 172}], ""software testing"": [{""matched_phrase"": ""software testing"", ""sentence"": ""Skills: JavaScript, SQL, HTML, CSS, software testing, Python, React, Flask, REST APIs."", ""start_character"": 185, ""end_character"": 201}], ""Agile"": [{""matched_phrase"": ""Agile"", ""sentence"": ""Experience evidence: developed web applications; deployed applications using Docker; participated in Agile development."", ""start_character"": 337, ""end_character"": 342}, {""matched_phrase"": ""Agile development"", ""sentence"": ""Experience evidence: developed web applications; deployed applications using Docker; participated in Agile development."", ""start_character"": 337, ""end_character"": 354}], ""Docker"": [{""matched_phrase"": ""Docker"", ""sentence"": ""Experience evidence: developed web applications; deployed applications using Docker; participated in Agile development."", ""start_character"": 313, ""end_character"": 319}], ""React"": [{""matched_phrase"": ""React"", ""sentence"": ""Skills: JavaScript, SQL, HTML, CSS, software testing, Python, React, Flask, REST APIs."", ""start_character"": 211, ""end_character"": 216}]}"
CAND012,JOB002,Data Analyst,1,7.0,2.0,"[""Agile"", ""Docker"", ""JavaScript"", ""Python"", ""REST APIs"", ""React"", ""SQL"", ""software testing""]","[""Python"", ""SQL""]","[""Excel"", ""data analysis"", ""data visualisation"", ""statistics""]",[],0.3333333333333333,0.0,0.26666666666666666,1.0,"{""Python"": [{""matched_phrase"": ""Python"", ""sentence"": ""Skills: JavaScript, SQL, HTML, CSS, software testing, Python, React, Flask, REST APIs."", ""start_character"": 203, ""end_character"": 209}], ""SQL"": [{""matched_phrase"": ""SQL"", ""sentence"": ""Skills: JavaScript, SQL, HTML, CSS, software testing, Python, React, Flask, REST APIs."", ""start_character"": 169, ""end_character"": 172}]}"
CAND012,JOB003,Cybersecurity Analyst,1,7.0,2.0,"[""Agile"", ""Docker"", ""JavaScript"", ""Python"", ""REST APIs"", ""React"", ""SQL"", ""software testing""]",[],"[""SIEM"", ""incident response"", ""network security"", ""risk assessment"", ""security monitoring"", ""vulnerability assessment""]","[""Python""]",0.0,0.16666666666666666,0.03333333333333333,1.0,"{""Python"": [{""matched_phrase"": ""Python"", ""sentence"": ""Skills: JavaScript, SQL, HTML, CSS, software testing, Python, React, Flask, REST APIs."", ""start_character"": 203, ""end_character"": 209}]}"
CAND012,JOB004,IT Project Manager,1,7.0,3.0,"[""Agile"", ""Docker"", ""JavaScript"", ""Python"", ""REST APIs"", ""React"", ""SQL"", ""software testing""]","[""Agile""]","[""budget management"", ""communication"", ""project management"", ""risk management"", ""stakeholder management""]",[],0.16666666666666666,0.0,0.13333333333333333,1.0,"{""Agile"": [{""matched_phrase"": ""Agile"", ""sentence"": ""Experience evidence: developed web applications; deployed applications using Docker; participated in Agile development."", ""start_character"": 337, ""end_character"": 342}, {""matched_phrase"": ""Agile development"", ""sentence"": ""Experience evidence: developed web applications; deployed applications using Docker; participated in Agile development."", ""start_character"": 337, ""end_character"": 354}]}"
CAND012,JOB005,Digital Marketing Specialist,0,7.0,2.0,"[""Agile"", ""Docker"", ""JavaScript"", ""Python"", ""REST APIs"", ""React"", ""SQL"", ""software testing""]",[],"[""Google Analytics"", ""SEO"", ""campaign management"", ""content marketing"", ""digital marketing"", ""social media marketing""]",[],0.0,0.0,0.0,1.0,{}
CAND013,JOB001,Software Engineer,2,0.0,2.0,"[""Agile"", ""CI/CD"", ""Docker"", ""Git"", ""JavaScript"", ""REST APIs"", ""React"", ""SQL""]","[""Git"", ""JavaScript"", ""REST APIs"", ""SQL""]","[""Python"", ""software testing""]","[""Agile"", ""CI/CD"", ""Docker"", ""React""]",0.6666666666666666,0.8,0.6933333333333334,0.0,"{""Git"": [{""matched_phrase"": ""Git"", ""sentence"": ""Experience evidence: created and integrated REST APIs; participated in Agile development; deployed applications using Docker; wrote automated software tests; managed code using Git."", ""start_character"": 387, ""end_character"": 390}], ""JavaScript"": [{""matched_phrase"": ""JavaScript"", ""sentence"": ""Skills: JavaScript, React, SQL, REST APIs, CI/CD."", ""start_character"": 168, ""end_character"": 178}], ""REST APIs"": [{""matched_phrase"": ""REST APIs"", ""sentence"": ""Skills: JavaScript, React, SQL, REST APIs, CI/CD."", ""start_character"": 192, ""end_character"": 201}, {""matched_phrase"": ""REST APIs"", ""sentence"": ""Experience evidence: created and integrated REST APIs; participated in Agile development; deployed applications using Docker; wrote automated software tests; managed code using Git."", ""start_character"": 254, ""end_character"": 263}], ""SQL"": [{""matched_phrase"": ""SQL"", ""sentence"": ""Skills: JavaScript, React, SQL, REST APIs, CI/CD."", ""start_character"": 187, ""end_character"": 190}], ""Agile"": [{""matched_phrase"": ""Agile"", ""sentence"": ""Experience evidence: created and integrated REST APIs; participated in Agile development; deployed applications using Docker; wrote automated software tests; managed code using Git."", ""start_character"": 281, ""end_character"": 286}, {""matched_phrase"": ""Agile development"", ""sentence"": ""Experience evidence: created and integrated REST APIs; participated in Agile development; deployed applications using Docker; wrote automated software tests; managed code using Git."", ""start_character"": 281, ""end_character"": 298}], ""CI/CD"": [{""matched_phrase"": ""CI/CD"", ""sentence"": ""Skills: JavaScript, React, SQL, REST APIs, CI/CD."", ""start_character"": 203, ""end_character"": 208}], ""Docker"": [{""matched_phrase"": ""Docker"", ""sentence"": ""Experience evidence: created and integrated REST APIs; participated in Agile development; deployed applications using Docker; wrote automated software tests; managed code using Git."", ""start_character"": 328, ""end_character"": 334}], ""React"": [{""matched_phrase"": ""React"", ""sentence"": ""Skills: JavaScript, React, SQL, REST APIs, CI/CD."", ""start_character"": 180, ""end_character"": 185}]}"
CAND013,JOB002,Data Analyst,1,0.0,2.0,"[""Agile"", ""CI/CD"", ""Docker"", ""Git"", ""JavaScript"", ""REST APIs"", ""React"", ""SQL""]","[""SQL""]","[""Excel"", ""Python"", ""data analysis"", ""data visualisation"", ""statistics""]",[],0.16666666666666666,0.0,0.13333333333333333,0.0,"{""SQL"": [{""matched_phrase"": ""SQL"", ""sentence"": ""Skills: JavaScript, React, SQL, REST APIs, CI/CD."", ""start_character"": 187, ""end_character"": 190}]}"
CAND013,JOB003,Cybersecurity Analyst,1,0.0,2.0,"[""Agile"", ""CI/CD"", ""Docker"", ""Git"", ""JavaScript"", ""REST APIs"", ""React"", ""SQL""]",[],"[""SIEM"", ""incident response"", ""network security"", ""risk assessment"", ""security monitoring"", ""vulnerability assessment""]",[],0.0,0.0,0.0,0.0,{}
CAND013,JOB004,IT Project Manager,1,0.0,3.0,"[""Agile"", ""CI/CD"", ""Docker"", ""Git"", ""JavaScript"", ""REST APIs"", ""React"", ""SQL""]","[""Agile""]","[""budget management"", ""communication"", ""project management"", ""risk management"", ""stakeholder management""]",[],0.16666666666666666,0.0,0.13333333333333333,0.0,"{""Agile"": [{""matched_phrase"": ""Agile"", ""sentence"": ""Experience evidence: created and integrated REST APIs; participated in Agile development; deployed applications using Docker; wrote automated software tests; managed code using Git."", ""start_character"": 281, ""end_character"": 286}, {""matched_phrase"": ""Agile development"", ""sentence"": ""Experience evidence: created and integrated REST APIs; participated in Agile development; deployed applications using Docker; wrote automated software tests; managed code using Git."", ""start_character"": 281, ""end_character"": 298}]}"
CAND013,JOB005,Digital Marketing Specialist,0,0.0,2.0,"[""Agile"", ""CI/CD"", ""Docker"", ""Git"", ""JavaScript"", ""REST APIs"", ""React"", ""SQL""]",[],"[""Google Analytics"", ""SEO"", ""campaign management"", ""content marketing"", ""digital marketing"", ""social media marketing""]",[],0.0,0.0,0.0,0.0,{}
CAND014,JOB001,Software Engineer,2,6.0,2.0,"[""Agile"", ""CI/CD"", ""Docker"", ""Git"", ""JavaScript""]","[""Git"", ""JavaScript""]","[""Python"", ""REST APIs"", ""SQL"", ""software testing""]","[""Agile"", ""CI/CD"", ""Docker""]",0.3333333333333333,0.6,0.38666666666666666,1.0,"{""Git"": [{""matched_phrase"": ""Git"", ""sentence"": ""Experience evidence: managed code using Git; deployed applications using Docker; participated in Agile development; wrote automated software tests."", ""start_character"": 237, ""end_character"": 240}], ""JavaScript"": [{""matched_phrase"": ""JavaScript"", ""sentence"": ""Skills: JavaScript, CSS, CI/CD, Docker."", ""start_character"": 165, ""end_character"": 175}], ""Agile"": [{""matched_phrase"": ""Agile"", ""sentence"": ""Experience evidence: managed code using Git; deployed applications using Docker; participated in Agile development; wrote automated software tests."", ""start_character"": 294, ""end_character"": 299}, {""matched_phrase"": ""Agile development"", ""sentence"": ""Experience evidence: managed code using Git; deployed applications using Docker; participated in Agile development; wrote automated software tests."", ""start_character"": 294, ""end_character"": 311}], ""CI/CD"": [{""matched_phrase"": ""CI/CD"", ""sentence"": ""Skills: JavaScript, CSS, CI/CD, Docker."", ""start_character"": 182, ""end_character"": 187}], ""Docker"": [{""matched_phrase"": ""Docker"", ""sentence"": ""Skills: JavaScript, CSS, CI/CD, Docker."", ""start_character"": 189, ""end_character"": 195}, {""matched_phrase"": ""Docker"", ""sentence"": ""Experience evidence: managed code using Git; deployed applications using Docker; participated in Agile development; wrote automated software tests."", ""start_character"": 270, ""end_character"": 276}]}"
CAND014,JOB002,Data Analyst,1,6.0,2.0,"[""Agile"", ""CI/CD"", ""Docker"", ""Git"", ""JavaScript""]",[],"[""Excel"", ""Python"", ""SQL"", ""data analysis"", ""data visualisation"", ""statistics""]",[],0.0,0.0,0.0,1.0,{}
CAND014,JOB003,Cybersecurity Analyst,1,6.0,2.0,"[""Agile"", ""CI/CD"", ""Docker"", ""Git"", ""JavaScript""]",[],"[""SIEM"", ""incident response"", ""network security"", ""risk assessment"", ""security monitoring"", ""vulnerability assessment""]",[],0.0,0.0,0.0,1.0,{}
CAND014,JOB004,IT Project Manager,1,6.0,3.0,"[""Agile"", ""CI/CD"", ""Docker"", ""Git"", ""JavaScript""]","[""Agile""]","[""budget management"", ""communication"", ""project management"", ""risk management"", ""stakeholder management""]",[],0.16666666666666666,0.0,0.13333333333333333,1.0,"{""Agile"": [{""matched_phrase"": ""Agile"", ""sentence"": ""Experience evidence: managed code using Git; deployed applications using Docker; participated in Agile development; wrote automated software tests."", ""start_character"": 294, ""end_character"": 299}, {""matched_phrase"": ""Agile development"", ""sentence"": ""Experience evidence: managed code using Git; deployed applications using Docker; participated in Agile development; wrote automated software tests."", ""start_character"": 294, ""end_character"": 311}]}"
CAND014,JOB005,Digital Marketing Specialist,0,6.0,2.0,"[""Agile"", ""CI/CD"", ""Docker"", ""Git"", ""JavaScript""]",[],"[""Google Analytics"", ""SEO"", ""campaign management"", ""content marketing"", ""digital marketing"", ""social media marketing""]",[],0.0,0.0,0.0,1.0,{}
CAND015,JOB001,Software Engineer,2,0.0,2.0,"[""Agile"", ""CI/CD"", ""Git"", ""JavaScript"", ""REST APIs"", ""SQL"", ""software testing""]","[""Git"", ""JavaScript"", ""REST APIs"", ""SQL"", ""software testing""]","[""Python""]","[""Agile"", ""CI/CD""]",0.8333333333333334,0.4,0.7466666666666668,0.0,"{""Git"": [{""matched_phrase"": ""Git"", ""sentence"": ""Experience evidence: participated in Agile development; managed code using Git; created and integrated REST APIs."", ""start_character"": 288, ""end_character"": 291}], ""JavaScript"": [{""matched_phrase"": ""JavaScript"", ""sentence"": ""Skills: Django, software testing, Flask, JavaScript, SQL, CI/CD."", ""start_character"": 189, ""end_character"": 199}], ""REST APIs"": [{""matched_phrase"": ""REST APIs"", ""sentence"": ""Experience evidence: participated in Agile development; managed code using Git; created and integrated REST APIs."", ""start_character"": 316, ""end_character"": 325}], ""SQL"": [{""matched_phrase"": ""SQL"", ""sentence"": ""Skills: Django, software testing, Flask, JavaScript, SQL, CI/CD."", ""start_character"": 201, ""end_character"": 204}], ""software testing"": [{""matched_phrase"": ""software testing"", ""sentence"": ""Skills: Django, software testing, Flask, JavaScript, SQL, CI/CD."", ""start_character"": 164, ""end_character"": 180}], ""Agile"": [{""matched_phrase"": ""Agile"", ""sentence"": ""Experience evidence: participated in Agile development; managed code using Git; created and integrated REST APIs."", ""start_character"": 250, ""end_character"": 255}, {""matched_phrase"": ""Agile development"", ""sentence"": ""Experience evidence: participated in Agile development; managed code using Git; created and integrated REST APIs."", ""start_character"": 250, ""end_character"": 267}], ""CI/CD"": [{""matched_phrase"": ""CI/CD"", ""sentence"": ""Skills: Django, software testing, Flask, JavaScript, SQL, CI/CD."", ""start_character"": 206, ""end_character"": 211}]}"
CAND015,JOB002,Data Analyst,1,0.0,2.0,"[""Agile"", ""CI/CD"", ""Git"", ""JavaScript"", ""REST APIs"", ""SQL"", ""software testing""]","[""SQL""]","[""Excel"", ""Python"", ""data analysis"", ""data visualisation"", ""statistics""]",[],0.16666666666666666,0.0,0.13333333333333333,0.0,"{""SQL"": [{""matched_phrase"": ""SQL"", ""sentence"": ""Skills: Django, software testing, Flask, JavaScript, SQL, CI/CD."", ""start_character"": 201, ""end_character"": 204}]}"
CAND015,JOB003,Cybersecurity Analyst,0,0.0,2.0,"[""Agile"", ""CI/CD"", ""Git"", ""JavaScript"", ""REST APIs"", ""SQL"", ""software testing""]",[],"[""SIEM"", ""incident response"", ""network security"", ""risk assessment"", ""security monitoring"", ""vulnerability assessment""]",[],0.0,0.0,0.0,0.0,{}
CAND015,JOB004,IT Project Manager,1,0.0,3.0,"[""Agile"", ""CI/CD"", ""Git"", ""JavaScript"", ""REST APIs"", ""SQL"", ""software testing""]","[""Agile""]","[""budget management"", ""communication"", ""project management"", ""risk management"", ""stakeholder management""]",[],0.16666666666666666,0.0,0.13333333333333333,0.0,"{""Agile"": [{""matched_phrase"": ""Agile"", ""sentence"": ""Experience evidence: participated in Agile development; managed code using Git; created and integrated REST APIs."", ""start_character"": 250, ""end_character"": 255}, {""matched_phrase"": ""Agile development"", ""sentence"": ""Experience evidence: participated in Agile development; managed code using Git; created and integrated REST APIs."", ""start_character"": 250, ""end_character"": 267}]}"
CAND015,JOB005,Digital Marketing Specialist,1,0.0,2.0,"[""Agile"", ""CI/CD"", ""Git"", ""JavaScript"", ""REST APIs"", ""SQL"", ""software testing""]",[],"[""Google Analytics"", ""SEO"", ""campaign management"", ""content marketing"", ""digital marketing"", ""social media marketing""]",[],0.0,0.0,0.0,0.0,{}
CAND016,JOB001,Software Engineer,2,4.0,2.0,"[""AWS"", ""Agile"", ""Docker"", ""JavaScript"", ""React"", ""SQL""]","[""JavaScript"", ""SQL""]","[""Git"", ""Python"", ""REST APIs"", ""software testing""]","[""AWS"", ""Agile"", ""Docker"", ""React""]",0.3333333333333333,0.8,0.4266666666666667,1.0,"{""JavaScript"": [{""matched_phrase"": ""JavaScript"", ""sentence"": ""Skills: SQL, HTML, JavaScript, AWS, React, Flask."", ""start_character"": 176, ""end_character"": 186}], ""SQL"": [{""matched_phrase"": ""SQL"", ""sentence"": ""Skills: SQL, HTML, JavaScript, AWS, React, Flask."", ""start_character"": 165, ""end_character"": 168}], ""AWS"": [{""matched_phrase"": ""AWS"", ""sentence"": ""Skills: SQL, HTML, JavaScript, AWS, React, Flask."", ""start_character"": 188, ""end_character"": 191}], ""Agile"": [{""matched_phrase"": ""Agile"", ""sentence"": ""Experience evidence: deployed applications using Docker; participated in Agile development."", ""start_character"": 280, ""end_character"": 285}, {""matched_phrase"": ""Agile development"", ""sentence"": ""Experience evidence: deployed applications using Docker; participated in Agile development."", ""start_character"": 280, ""end_character"": 297}], ""Docker"": [{""matched_phrase"": ""Docker"", ""sentence"": ""Experience evidence: deployed applications using Docker; participated in Agile development."", ""start_character"": 256, ""end_character"": 262}], ""React"": [{""matched_phrase"": ""React"", ""sentence"": ""Skills: SQL, HTML, JavaScript, AWS, React, Flask."", ""start_character"": 193, ""end_character"": 198}]}"
CAND016,JOB002,Data Analyst,1,4.0,2.0,"[""AWS"", ""Agile"", ""Docker"", ""JavaScript"", ""React"", ""SQL""]","[""SQL""]","[""Excel"", ""Python"", ""data analysis"", ""data visualisation"", ""statistics""]",[],0.16666666666666666,0.0,0.13333333333333333,1.0,"{""SQL"": [{""matched_phrase"": ""SQL"", ""sentence"": ""Skills: SQL, HTML, JavaScript, AWS, React, Flask."", ""start_character"": 165, ""end_character"": 168}]}"
CAND016,JOB003,Cybersecurity Analyst,1,4.0,2.0,"[""AWS"", ""Agile"", ""Docker"", ""JavaScript"", ""React"", ""SQL""]",[],"[""SIEM"", ""incident response"", ""network security"", ""risk assessment"", ""security monitoring"", ""vulnerability assessment""]",[],0.0,0.0,0.0,1.0,{}
CAND016,JOB004,IT Project Manager,1,4.0,3.0,"[""AWS"", ""Agile"", ""Docker"", ""JavaScript"", ""React"", ""SQL""]","[""Agile""]","[""budget management"", ""communication"", ""project management"", ""risk management"", ""stakeholder management""]",[],0.16666666666666666,0.0,0.13333333333333333,1.0,"{""Agile"": [{""matched_phrase"": ""Agile"", ""sentence"": ""Experience evidence: deployed applications using Docker; participated in Agile development."", ""start_character"": 280, ""end_character"": 285}, {""matched_phrase"": ""Agile development"", ""sentence"": ""Experience evidence: deployed applications using Docker; participated in Agile development."", ""start_character"": 280, ""end_character"": 297}]}"
CAND016,JOB005,Digital Marketing Specialist,0,4.0,2.0,"[""AWS"", ""Agile"", ""Docker"", ""JavaScript"", ""React"", ""SQL""]",[],"[""Google Analytics"", ""SEO"", ""campaign management"", ""content marketing"", ""digital marketing"", ""social media marketing""]",[],0.0,0.0,0.0,1.0,{}
CAND017,JOB001,Software Engineer,2,3.0,2.0,"[""AWS"", ""Agile"", ""Docker"", ""Git"", ""REST APIs"", ""SQL""]","[""Git"", ""REST APIs"", ""SQL""]","[""JavaScript"", ""Python"", ""software testing""]","[""AWS"", ""Agile"", ""Docker""]",0.5,0.6,0.52,1.0,"{""Git"": [{""matched_phrase"": ""Git"", ""sentence"": ""Experience evidence: developed web applications; created and integrated REST APIs; managed code using Git; deployed applications using Docker; participated in Agile development."", ""start_character"": 297, ""end_character"": 300}], ""REST APIs"": [{""matched_phrase"": ""REST APIs"", ""sentence"": ""Experience evidence: developed web applications; created and integrated REST APIs; managed code using Git; deployed applications using Docker; participated in Agile development."", ""start_character"": 267, ""end_character"": 276}], ""SQL"": [{""matched_phrase"": ""SQL"", ""sentence"": ""Skills: Docker, AWS, HTML, SQL."", ""start_character"": 190, ""end_character"": 193}], ""AWS"": [{""matched_phrase"": ""AWS"", ""sentence"": ""Skills: Docker, AWS, HTML, SQL."", ""start_character"": 179, ""end_character"": 182}], ""Agile"": [{""matched_phrase"": ""Agile"", ""sentence"": ""Experience evidence: developed web applications; created and integrated REST APIs; managed code using Git; deployed applications using Docker; participated in Agile development."", ""start_character"": 354, ""end_character"": 359}, {""matched_phrase"": ""Agile development"", ""sentence"": ""Experience evidence: developed web applications; created and integrated REST APIs; managed code using Git; deployed applications using Docker; participated in Agile development."", ""start_character"": 354, ""end_character"": 371}], ""Docker"": [{""matched_phrase"": ""Docker"", ""sentence"": ""Skills: Docker, AWS, HTML, SQL."", ""start_character"": 171, ""end_character"": 177}, {""matched_phrase"": ""Docker"", ""sentence"": ""Experience evidence: developed web applications; created and integrated REST APIs; managed code using Git; deployed applications using Docker; participated in Agile development."", ""start_character"": 330, ""end_character"": 336}]}"
CAND017,JOB002,Data Analyst,1,3.0,2.0,"[""AWS"", ""Agile"", ""Docker"", ""Git"", ""REST APIs"", ""SQL""]","[""SQL""]","[""Excel"", ""Python"", ""data analysis"", ""data visualisation"", ""statistics""]",[],0.16666666666666666,0.0,0.13333333333333333,1.0,"{""SQL"": [{""matched_phrase"": ""SQL"", ""sentence"": ""Skills: Docker, AWS, HTML, SQL."", ""start_character"": 190, ""end_character"": 193}]}"
CAND017,JOB003,Cybersecurity Analyst,1,3.0,2.0,"[""AWS"", ""Agile"", ""Docker"", ""Git"", ""REST APIs"", ""SQL""]",[],"[""SIEM"", ""incident response"", ""network security"", ""risk assessment"", ""security monitoring"", ""vulnerability assessment""]",[],0.0,0.0,0.0,1.0,{}
CAND017,JOB004,IT Project Manager,1,3.0,3.0,"[""AWS"", ""Agile"", ""Docker"", ""Git"", ""REST APIs"", ""SQL""]","[""Agile""]","[""budget management"", ""communication"", ""project management"", ""risk management"", ""stakeholder management""]",[],0.16666666666666666,0.0,0.13333333333333333,1.0,"{""Agile"": [{""matched_phrase"": ""Agile"", ""sentence"": ""Experience evidence: developed web applications; created and integrated REST APIs; managed code using Git; deployed applications using Docker; participated in Agile development."", ""start_character"": 354, ""end_character"": 359}, {""matched_phrase"": ""Agile development"", ""sentence"": ""Experience evidence: developed web applications; created and integrated REST APIs; managed code using Git; deployed applications using Docker; participated in Agile development."", ""start_character"": 354, ""end_character"": 371}]}"
CAND017,JOB005,Digital Marketing Specialist,0,3.0,2.0,"[""AWS"", ""Agile"", ""Docker"", ""Git"", ""REST APIs"", ""SQL""]",[],"[""Google Analytics"", ""SEO"", ""campaign management"", ""content marketing"", ""digital marketing"", ""social media marketing""]",[],0.0,0.0,0.0,1.0,{}
CAND018,JOB001,Software Engineer,1,4.0,2.0,"[""AWS"", ""CI/CD"", ""Docker"", ""REST APIs"", ""React""]","[""REST APIs""]","[""Git"", ""JavaScript"", ""Python"", ""SQL"", ""software testing""]","[""AWS"", ""CI/CD"", ""Docker"", ""React""]",0.16666666666666666,0.8,0.29333333333333333,1.0,"{""REST APIs"": [{""matched_phrase"": ""REST APIs"", ""sentence"": ""Experience evidence: created and integrated REST APIs; wrote automated software tests; deployed applications using Docker."", ""start_character"": 261, ""end_character"": 270}], ""AWS"": [{""matched_phrase"": ""AWS"", ""sentence"": ""Skills: Django, CSS, Flask, React, CI/CD, AWS."", ""start_character"": 212, ""end_character"": 215}], ""CI/CD"": [{""matched_phrase"": ""CI/CD"", ""sentence"": ""Skills: Django, CSS, Flask, React, CI/CD, AWS."", ""start_character"": 205, ""end_character"": 210}], ""Docker"": [{""matched_phrase"": ""Docker"", ""sentence"": ""Experience evidence: created and integrated REST APIs; wrote automated software tests; deployed applications using Docker."", ""start_character"": 332, ""end_character"": 338}], ""React"": [{""matched_phrase"": ""React"", ""sentence"": ""Skills: Django, CSS, Flask, React, CI/CD, AWS."", ""start_character"": 198, ""end_character"": 203}]}"
CAND018,JOB002,Data Analyst,0,4.0,2.0,"[""AWS"", ""CI/CD"", ""Docker"", ""REST APIs"", ""React""]",[],"[""Excel"", ""Python"", ""SQL"", ""data analysis"", ""data visualisation"", ""statistics""]",[],0.0,0.0,0.0,1.0,{}
CAND018,JOB003,Cybersecurity Analyst,0,4.0,2.0,"[""AWS"", ""CI/CD"", ""Docker"", ""REST APIs"", ""React""]",[],"[""SIEM"", ""incident response"", ""network security"", ""risk assessment"", ""security monitoring"", ""vulnerability assessment""]",[],0.0,0.0,0.0,1.0,{}
CAND018,JOB004,IT Project Manager,0,4.0,3.0,"[""AWS"", ""CI/CD"", ""Docker"", ""REST APIs"", ""React""]",[],"[""Agile"", ""budget management"", ""communication"", ""project management"", ""risk management"", ""stakeholder management""]",[],0.0,0.0,0.0,1.0,{}
CAND018,JOB005,Digital Marketing Specialist,0,4.0,2.0,"[""AWS"", ""CI/CD"", ""Docker"", ""REST APIs"", ""React""]",[],"[""Google Analytics"", ""SEO"", ""campaign management"", ""content marketing"", ""digital marketing"", ""social media marketing""]",[],0.0,0.0,0.0,1.0,{}
CAND019,JOB001,Software Engineer,2,8.0,2.0,"[""Agile"", ""Git"", ""Python"", ""software testing""]","[""Git"", ""Python"", ""software testing""]","[""JavaScript"", ""REST APIs"", ""SQL""]","[""Agile""]",0.5,0.2,0.44000000000000006,1.0,"{""Git"": [{""matched_phrase"": ""Git"", ""sentence"": ""Experience evidence: participated in Agile development; managed code using Git."", ""start_character"": 266, ""end_character"": 269}], ""Python"": [{""matched_phrase"": ""Python"", ""sentence"": ""Skills: Django, software testing, Python."", ""start_character"": 183, ""end_character"": 189}], ""software testing"": [{""matched_phrase"": ""software testing"", ""sentence"": ""Skills: Django, software testing, Python."", ""start_character"": 165, ""end_character"": 181}], ""Agile"": [{""matched_phrase"": ""Agile"", ""sentence"": ""Experience evidence: participated in Agile development; managed code using Git."", ""start_character"": 228, ""end_character"": 233}, {""matched_phrase"": ""Agile development"", ""sentence"": ""Experience evidence: participated in Agile development; managed code using Git."", ""start_character"": 228, ""end_character"": 245}]}"
CAND019,JOB002,Data Analyst,1,8.0,2.0,"[""Agile"", ""Git"", ""Python"", ""software testing""]","[""Python""]","[""Excel"", ""SQL"", ""data analysis"", ""data visualisation"", ""statistics""]",[],0.16666666666666666,0.0,0.13333333333333333,1.0,"{""Python"": [{""matched_phrase"": ""Python"", ""sentence"": ""Skills: Django, software testing, Python."", ""start_character"": 183, ""end_character"": 189}]}"
CAND019,JOB003,Cybersecurity Analyst,1,8.0,2.0,"[""Agile"", ""Git"", ""Python"", ""software testing""]",[],"[""SIEM"", ""incident response"", ""network security"", ""risk assessment"", ""security monitoring"", ""vulnerability assessment""]","[""Python""]",0.0,0.16666666666666666,0.03333333333333333,1.0,"{""Python"": [{""matched_phrase"": ""Python"", ""sentence"": ""Skills: Django, software testing, Python."", ""start_character"": 183, ""end_character"": 189}]}"
CAND019,JOB004,IT Project Manager,1,8.0,3.0,"[""Agile"", ""Git"", ""Python"", ""software testing""]","[""Agile""]","[""budget management"", ""communication"", ""project management"", ""risk management"", ""stakeholder management""]",[],0.16666666666666666,0.0,0.13333333333333333,1.0,"{""Agile"": [{""matched_phrase"": ""Agile"", ""sentence"": ""Experience evidence: participated in Agile development; managed code using Git."", ""start_character"": 228, ""end_character"": 233}, {""matched_phrase"": ""Agile development"", ""sentence"": ""Experience evidence: participated in Agile development; managed code using Git."", ""start_character"": 228, ""end_character"": 245}]}"
CAND019,JOB005,Digital Marketing Specialist,0,8.0,2.0,"[""Agile"", ""Git"", ""Python"", ""software testing""]",[],"[""Google Analytics"", ""SEO"", ""campaign management"", ""content marketing"", ""digital marketing"", ""social media marketing""]",[],0.0,0.0,0.0,1.0,{}
CAND020,JOB001,Software Engineer,2,8.0,2.0,"[""Docker"", ""Git"", ""JavaScript"", ""REST APIs""]","[""Git"", ""JavaScript"", ""REST APIs""]","[""Python"", ""SQL"", ""software testing""]","[""Docker""]",0.5,0.2,0.44000000000000006,1.0,"{""Git"": [{""matched_phrase"": ""Git"", ""sentence"": ""Skills: HTML, Git, JavaScript."", ""start_character"": 163, ""end_character"": 166}], ""JavaScript"": [{""matched_phrase"": ""JavaScript"", ""sentence"": ""Skills: HTML, Git, JavaScript."", ""start_character"": 168, ""end_character"": 178}], ""REST APIs"": [{""matched_phrase"": ""REST APIs"", ""sentence"": ""Experience evidence: deployed applications using Docker; created and integrated REST APIs."", ""start_character"": 260, ""end_character"": 269}], ""Docker"": [{""matched_phrase"": ""Docker"", ""sentence"": ""Experience evidence: deployed applications using Docker; created and integrated REST APIs."", ""start_character"": 229, ""end_character"": 235}]}"
CAND020,JOB002,Data Analyst,1,8.0,2.0,"[""Docker"", ""Git"", ""JavaScript"", ""REST APIs""]",[],"[""Excel"", ""Python"", ""SQL"", ""data analysis"", ""data visualisation"", ""statistics""]",[],0.0,0.0,0.0,1.0,{}
CAND020,JOB003,Cybersecurity Analyst,1,8.0,2.0,"[""Docker"", ""Git"", ""JavaScript"", ""REST APIs""]",[],"[""SIEM"", ""incident response"", ""network security"", ""risk assessment"", ""security monitoring"", ""vulnerability assessment""]",[],0.0,0.0,0.0,1.0,{}
CAND020,JOB004,IT Project Manager,1,8.0,3.0,"[""Docker"", ""Git"", ""JavaScript"", ""REST APIs""]",[],"[""Agile"", ""budget management"", ""communication"", ""project management"", ""risk management"", ""stakeholder management""]",[],0.0,0.0,0.0,1.0,{}
CAND020,JOB005,Digital Marketing Specialist,0,8.0,2.0,"[""Docker"", ""Git"", ""JavaScript"", ""REST APIs""]",[],"[""Google Analytics"", ""SEO"", ""campaign management"", ""content marketing"", ""digital marketing"", ""social media marketing""]",[],0.0,0.0,0.0,1.0,{}
CAND021,JOB001,Software Engineer,1,3.0,2.0,"[""Excel"", ""Pandas"", ""Power BI"", ""SQL"", ""Tableau"", ""dashboard development"", ""data analysis"", ""machine learning"", ""statistics""]","[""SQL""]","[""Git"", ""JavaScript"", ""Python"", ""REST APIs"", ""software testing""]",[],0.16666666666666666,0.0,0.13333333333333333,1.0,"{""SQL"": [{""matched_phrase"": ""SQL"", ""sentence"": ""Skills: machine learning, SQL, Power BI, Pandas, statistics, Excel, dashboard development, data cleaning, Tableau, data analysis."", ""start_character"": 188, ""end_character"": 191}]}"
CAND021,JOB002,Data Analyst,3,3.0,2.0,"[""Excel"", ""Pandas"", ""Power BI"", ""SQL"", ""Tableau"", ""dashboard development"", ""data analysis"", ""machine learning"", ""statistics""]","[""Excel"", ""SQL"", ""data analysis"", ""statistics""]","[""Python"", ""data visualisation""]","[""Pandas"", ""Power BI"", ""Tableau"", ""dashboard development"", ""machine learning""]",0.6666666666666666,1.0,0.7333333333333334,1.0,"{""Excel"": [{""matched_phrase"": ""Excel"", ""sentence"": ""Skills: machine learning, SQL, Power BI, Pandas, statistics, Excel, dashboard development, data cleaning, Tableau, data analysis."", ""start_character"": 223, ""end_character"": 228}], ""SQL"": [{""matched_phrase"": ""SQL"", ""sentence"": ""Skills: machine learning, SQL, Power BI, Pandas, statistics, Excel, dashboard development, data cleaning, Tableau, data analysis."", ""start_character"": 188, ""end_character"": 191}], ""data analysis"": [{""matched_phrase"": ""data analysis"", ""sentence"": ""Skills: machine learning, SQL, Power BI, Pandas, statistics, Excel, dashboard development, data cleaning, Tableau, data analysis."", ""start_character"": 277, ""end_character"": 290}], ""statistics"": [{""matched_phrase"": ""statistics"", ""sentence"": ""Skills: machine learning, SQL, Power BI, Pandas, statistics, Excel, dashboard development, data cleaning, Tableau, data analysis."", ""start_character"": 211, ""end_character"": 221}], ""Pandas"": [{""matched_phrase"": ""Pandas"", ""sentence"": ""Skills: machine learning, SQL, Power BI, Pandas, statistics, Excel, dashboard development, data cleaning, Tableau, data analysis."", ""start_character"": 203, ""end_character"": 209}], ""Power BI"": [{""matched_phrase"": ""Power BI"", ""sentence"": ""Skills: machine learning, SQL, Power BI, Pandas, statistics, Excel, dashboard development, data cleaning, Tableau, data analysis."", ""start_character"": 193, ""end_character"": 201}], ""Tableau"": [{""matched_phrase"": ""Tableau"", ""sentence"": ""Skills: machine learning, SQL, Power BI, Pandas, statistics, Excel, dashboard development, data cleaning, Tableau, data analysis."", ""start_character"": 268, ""end_character"": 275}], ""dashboard development"": [{""matched_phrase"": ""dashboard development"", ""sentence"": ""Skills: machine learning, SQL, Power BI, Pandas, statistics, Excel, dashboard development, data cleaning, Tableau, data analysis."", ""start_character"": 230, ""end_character"": 251}, {""matched_phrase"": ""interactive dashboards"", ""sentence"": ""Experience evidence: created interactive dashboards; produced reports for stakeholders; identified trends and anomalies; automated data-processing tasks; cleaned and analysed organisational datasets."", ""start_character"": 321, ""end_character"": 343}], ""machine learning"": [{""matched_phrase"": ""machine learning"", ""sentence"": ""Skills: machine learning, SQL, Power BI, Pandas, statistics, Excel, dashboard development, data cleaning, Tableau, data analysis."", ""start_character"": 170, ""end_character"": 186}]}"
CAND021,JOB003,Cybersecurity Analyst,1,3.0,2.0,"[""Excel"", ""Pandas"", ""Power BI"", ""SQL"", ""Tableau"", ""dashboard development"", ""data analysis"", ""machine learning"", ""statistics""]",[],"[""SIEM"", ""incident response"", ""network security"", ""risk assessment"", ""security monitoring"", ""vulnerability assessment""]",[],0.0,0.0,0.0,1.0,{}
CAND021,JOB004,IT Project Manager,1,3.0,3.0,"[""Excel"", ""Pandas"", ""Power BI"", ""SQL"", ""Tableau"", ""dashboard development"", ""data analysis"", ""machine learning"", ""statistics""]",[],"[""Agile"", ""budget management"", ""communication"", ""project management"", ""risk management"", ""stakeholder management""]",[],0.0,0.0,0.0,1.0,{}
CAND021,JOB005,Digital Marketing Specialist,0,3.0,2.0,"[""Excel"", ""Pandas"", ""Power BI"", ""SQL"", ""Tableau"", ""dashboard development"", ""data analysis"", ""machine learning"", ""statistics""]",[],"[""Google Analytics"", ""SEO"", ""campaign management"", ""content marketing"", ""digital marketing"", ""social media marketing""]",[],0.0,0.0,0.0,1.0,{}
CAND022,JOB001,Software Engineer,1,1.0,2.0,"[""Excel"", ""Pandas"", ""Power BI"", ""Python"", ""SQL"", ""Tableau"", ""data analysis"", ""data visualisation"", ""machine learning"", ""statistics""]","[""Python"", ""SQL""]","[""Git"", ""JavaScript"", ""REST APIs"", ""software testing""]",[],0.3333333333333333,0.0,0.26666666666666666,0.5,"{""Python"": [{""matched_phrase"": ""Python"", ""sentence"": ""Skills: Pandas, data analysis, data cleaning, data visualisation, Excel, Tableau, Python, SQL, Power BI, machine learning."", ""start_character"": 246, ""end_character"": 252}], ""SQL"": [{""matched_phrase"": ""SQL"", ""sentence"": ""Skills: Pandas, data analysis, data cleaning, data visualisation, Excel, Tableau, Python, SQL, Power BI, machine learning."", ""start_character"": 254, ""end_character"": 257}]}"
CAND022,JOB002,Data Analyst,2,1.0,2.0,"[""Excel"", ""Pandas"", ""Power BI"", ""Python"", ""SQL"", ""Tableau"", ""data analysis"", ""data visualisation"", ""machine learning"", ""statistics""]","[""Excel"", ""Python"", ""SQL"", ""data analysis"", ""data visualisation"", ""statistics""]",[],"[""Pandas"", ""Power BI"", ""Tableau"", ""machine learning""]",1.0,0.8,0.9600000000000001,0.5,"{""Excel"": [{""matched_phrase"": ""Excel"", ""sentence"": ""Skills: Pandas, data analysis, data cleaning, data visualisation, Excel, Tableau, Python, SQL, Power BI, machine learning."", ""start_character"": 230, ""end_character"": 235}], ""Python"": [{""matched_phrase"": ""Python"", ""sentence"": ""Skills: Pandas, data analysis, data cleaning, data visualisation, Excel, Tableau, Python, SQL, Power BI, machine learning."", ""start_character"": 246, ""end_character"": 252}], ""SQL"": [{""matched_phrase"": ""SQL"", ""sentence"": ""Skills: Pandas, data analysis, data cleaning, data visualisation, Excel, Tableau, Python, SQL, Power BI, machine learning."", ""start_character"": 254, ""end_character"": 257}], ""data analysis"": [{""matched_phrase"": ""data analysis"", ""sentence"": ""Skills: Pandas, data analysis, data cleaning, data visualisation, Excel, Tableau, Python, SQL, Power BI, machine learning."", ""start_character"": 180, ""end_character"": 193}], ""data visualisation"": [{""matched_phrase"": ""data visualisation"", ""sentence"": ""Skills: Pandas, data analysis, data cleaning, data visualisation, Excel, Tableau, Python, SQL, Power BI, machine learning."", ""start_character"": 210, ""end_character"": 228}], ""statistics"": [{""matched_phrase"": ""statistical analysis"", ""sentence"": ""Experience evidence: identified trends and anomalies; performed statistical analysis; produced reports for stakeholders."", ""start_character"": 351, ""end_character"": 371}], ""Pandas"": [{""matched_phrase"": ""Pandas"", ""sentence"": ""Skills: Pandas, data analysis, data cleaning, data visualisation, Excel, Tableau, Python, SQL, Power BI, machine learning."", ""start_character"": 172, ""end_character"": 178}], ""Power BI"": [{""matched_phrase"": ""Power BI"", ""sentence"": ""Skills: Pandas, data analysis, data cleaning, data visualisation, Excel, Tableau, Python, SQL, Power BI, machine learning."", ""start_character"": 259, ""end_character"": 267}], ""Tableau"": [{""matched_phrase"": ""Tableau"", ""sentence"": ""Skills: Pandas, data analysis, data cleaning, data visualisation, Excel, Tableau, Python, SQL, Power BI, machine learning."", ""start_character"": 237, ""end_character"": 244}], ""machine learning"": [{""matched_phrase"": ""machine learning"", ""sentence"": ""Skills: Pandas, data analysis, data cleaning, data visualisation, Excel, Tableau, Python, SQL, Power BI, machine learning."", ""start_character"": 269, ""end_character"": 285}]}"
CAND022,JOB003,Cybersecurity Analyst,0,1.0,2.0,"[""Excel"", ""Pandas"", ""Power BI"", ""Python"", ""SQL"", ""Tableau"", ""data analysis"", ""data visualisation"", ""machine learning"", ""statistics""]",[],"[""SIEM"", ""incident response"", ""network security"", ""risk assessment"", ""security monitoring"", ""vulnerability assessment""]","[""Python""]",0.0,0.16666666666666666,0.03333333333333333,0.5,"{""Python"": [{""matched_phrase"": ""Python"", ""sentence"": ""Skills: Pandas, data analysis, data cleaning, data visualisation, Excel, Tableau, Python, SQL, Power BI, machine learning."", ""start_character"": 246, ""end_character"": 252}]}"
CAND022,JOB004,IT Project Manager,0,1.0,3.0,"[""Excel"", ""Pandas"", ""Power BI"", ""Python"", ""SQL"", ""Tableau"", ""data analysis"", ""data visualisation"", ""machine learning"", ""statistics""]",[],"[""Agile"", ""budget management"", ""communication"", ""project management"", ""risk management"", ""stakeholder management""]",[],0.0,0.0,0.0,0.3333333333333333,{}
CAND022,JOB005,Digital Marketing Specialist,0,1.0,2.0,"[""Excel"", ""Pandas"", ""Power BI"", ""Python"", ""SQL"", ""Tableau"", ""data analysis"", ""data visualisation"", ""machine learning"", ""statistics""]",[],"[""Google Analytics"", ""SEO"", ""campaign management"", ""content marketing"", ""digital marketing"", ""social media marketing""]",[],0.0,0.0,0.0,0.5,{}
CAND023,JOB001,Software Engineer,1,4.0,2.0,"[""Excel"", ""Pandas"", ""Power BI"", ""SQL"", ""Tableau"", ""dashboard development"", ""data visualisation"", ""machine learning"", ""statistics""]","[""SQL""]","[""Git"", ""JavaScript"", ""Python"", ""REST APIs"", ""software testing""]",[],0.16666666666666666,0.0,0.13333333333333333,1.0,"{""SQL"": [{""matched_phrase"": ""SQL"", ""sentence"": ""Skills: Excel, data visualisation, SQL, machine learning, data cleaning, Tableau, Power BI, dashboard development, Pandas, statistics."", ""start_character"": 186, ""end_character"": 189}]}"
CAND023,JOB002,Data Analyst,3,4.0,2.0,"[""Excel"", ""Pandas"", ""Power BI"", ""SQL"", ""Tableau"", ""dashboard development"", ""data visualisation"", ""machine learning"", ""statistics""]","[""Excel"", ""SQL"", ""data visualisation"", ""statistics""]","[""Python"", ""data analysis""]","[""Pandas"", ""Power BI"", ""Tableau"", ""dashboard development"", ""machine learning""]",0.6666666666666666,1.0,0.7333333333333334,1.0,"{""Excel"": [{""matched_phrase"": ""Excel"", ""sentence"": ""Skills: Excel, data visualisation, SQL, machine learning, data cleaning, Tableau, Power BI, dashboard development, Pandas, statistics."", ""start_character"": 159, ""end_character"": 164}], ""SQL"": [{""matched_phrase"": ""SQL"", ""sentence"": ""Skills: Excel, data visualisation, SQL, machine learning, data cleaning, Tableau, Power BI, dashboard development, Pandas, statistics."", ""start_character"": 186, ""end_character"": 189}], ""data visualisation"": [{""matched_phrase"": ""data visualisation"", ""sentence"": ""Skills: Excel, data visualisation, SQL, machine learning, data cleaning, Tableau, Power BI, dashboard development, Pandas, statistics."", ""start_character"": 166, ""end_character"": 184}], ""statistics"": [{""matched_phrase"": ""statistics"", ""sentence"": ""Skills: Excel, data visualisation, SQL, machine learning, data cleaning, Tableau, Power BI, dashboard development, Pandas, statistics."", ""start_character"": 274, ""end_character"": 284}], ""Pandas"": [{""matched_phrase"": ""Pandas"", ""sentence"": ""Skills: Excel, data visualisation, SQL, machine learning, data cleaning, Tableau, Power BI, dashboard development, Pandas, statistics."", ""start_character"": 266, ""end_character"": 272}], ""Power BI"": [{""matched_phrase"": ""Power BI"", ""sentence"": ""Skills: Excel, data visualisation, SQL, machine learning, data cleaning, Tableau, Power BI, dashboard development, Pandas, statistics."", ""start_character"": 233, ""end_character"": 241}], ""Tableau"": [{""matched_phrase"": ""Tableau"", ""sentence"": ""Skills: Excel, data visualisation, SQL, machine learning, data cleaning, Tableau, Power BI, dashboard development, Pandas, statistics."", ""start_character"": 224, ""end_character"": 231}], ""dashboard development"": [{""matched_phrase"": ""dashboard development"", ""sentence"": ""Skills: Excel, data visualisation, SQL, machine learning, data cleaning, Tableau, Power BI, dashboard development, Pandas, statistics."", ""start_character"": 243, ""end_character"": 264}, {""matched_phrase"": ""interactive dashboards"", ""sentence"": ""Experience evidence: created interactive dashboards; produced reports for stakeholders; identified trends and anomalies; automated data-processing tasks."", ""start_character"": 315, ""end_character"": 337}], ""machine learning"": [{""matched_phrase"": ""machine learning"", ""sentence"": ""Skills: Excel, data visualisation, SQL, machine learning, data cleaning, Tableau, Power BI, dashboard development, Pandas, statistics."", ""start_character"": 191, ""end_character"": 207}]}"
CAND023,JOB003,Cybersecurity Analyst,1,4.0,2.0,"[""Excel"", ""Pandas"", ""Power BI"", ""SQL"", ""Tableau"", ""dashboard development"", ""data visualisation"", ""machine learning"", ""statistics""]",[],"[""SIEM"", ""incident response"", ""network security"", ""risk assessment"", ""security monitoring"", ""vulnerability assessment""]",[],0.0,0.0,0.0,1.0,{}
CAND023,JOB004,IT Project Manager,1,4.0,3.0,"[""Excel"", ""Pandas"", ""Power BI"", ""SQL"", ""Tableau"", ""dashboard development"", ""data visualisation"", ""machine learning"", ""statistics""]",[],"[""Agile"", ""budget management"", ""communication"", ""project management"", ""risk management"", ""stakeholder management""]",[],0.0,0.0,0.0,1.0,{}
CAND023,JOB005,Digital Marketing Specialist,0,4.0,2.0,"[""Excel"", ""Pandas"", ""Power BI"", ""SQL"", ""Tableau"", ""dashboard development"", ""data visualisation"", ""machine learning"", ""statistics""]",[],"[""Google Analytics"", ""SEO"", ""campaign management"", ""content marketing"", ""digital marketing"", ""social media marketing""]",[],0.0,0.0,0.0,1.0,{}
CAND024,JOB001,Software Engineer,1,6.0,2.0,"[""Excel"", ""Pandas"", ""Power BI"", ""Python"", ""SQL"", ""Tableau"", ""dashboard development"", ""data analysis"", ""data visualisation"", ""machine learning"", ""statistics""]","[""Python"", ""SQL""]","[""Git"", ""JavaScript"", ""REST APIs"", ""software testing""]",[],0.3333333333333333,0.0,0.26666666666666666,1.0,"{""Python"": [{""matched_phrase"": ""Python"", ""sentence"": ""Skills: Python, data cleaning, statistics, Excel, data visualisation, SQL, machine learning, data analysis, Tableau, Pandas, dashboard development, Power BI."", ""start_character"": 162, ""end_character"": 168}], ""SQL"": [{""matched_phrase"": ""SQL"", ""sentence"": ""Skills: Python, data cleaning, statistics, Excel, data visualisation, SQL, machine learning, data analysis, Tableau, Pandas, dashboard development, Power BI."", ""start_character"": 224, ""end_character"": 227}]}"
CAND024,JOB002,Data Analyst,3,6.0,2.0,"[""Excel"", ""Pandas"", ""Power BI"", ""Python"", ""SQL"", ""Tableau"", ""dashboard development"", ""data analysis"", ""data visualisation"", ""machine learning"", ""statistics""]","[""Excel"", ""Python"", ""SQL"", ""data analysis"", ""data visualisation"", ""statistics""]",[],"[""Pandas"", ""Power BI"", ""Tableau"", ""dashboard development"", ""machine learning""]",1.0,1.0,1.0,1.0,"{""Excel"": [{""matched_phrase"": ""Excel"", ""sentence"": ""Skills: Python, data cleaning, statistics, Excel, data visualisation, SQL, machine learning, data analysis, Tableau, Pandas, dashboard development, Power BI."", ""start_character"": 197, ""end_character"": 202}], ""Python"": [{""matched_phrase"": ""Python"", ""sentence"": ""Skills: Python, data cleaning, statistics, Excel, data visualisation, SQL, machine learning, data analysis, Tableau, Pandas, dashboard development, Power BI."", ""start_character"": 162, ""end_character"": 168}], ""SQL"": [{""matched_phrase"": ""SQL"", ""sentence"": ""Skills: Python, data cleaning, statistics, Excel, data visualisation, SQL, machine learning, data analysis, Tableau, Pandas, dashboard development, Power BI."", ""start_character"": 224, ""end_character"": 227}], ""data analysis"": [{""matched_phrase"": ""data analysis"", ""sentence"": ""Skills: Python, data cleaning, statistics, Excel, data visualisation, SQL, machine learning, data analysis, Tableau, Pandas, dashboard development, Power BI."", ""start_character"": 247, ""end_character"": 260}], ""data visualisation"": [{""matched_phrase"": ""data visualisation"", ""sentence"": ""Skills: Python, data cleaning, statistics, Excel, data visualisation, SQL, machine learning, data analysis, Tableau, Pandas, dashboard development, Power BI."", ""start_character"": 204, ""end_character"": 222}], ""statistics"": [{""matched_phrase"": ""statistics"", ""sentence"": ""Skills: Python, data cleaning, statistics, Excel, data visualisation, SQL, machine learning, data analysis, Tableau, Pandas, dashboard development, Power BI."", ""start_character"": 185, ""end_character"": 195}], ""Pandas"": [{""matched_phrase"": ""Pandas"", ""sentence"": ""Skills: Python, data cleaning, statistics, Excel, data visualisation, SQL, machine learning, data analysis, Tableau, Pandas, dashboard development, Power BI."", ""start_character"": 271, ""end_character"": 277}], ""Power BI"": [{""matched_phrase"": ""Power BI"", ""sentence"": ""Skills: Python, data cleaning, statistics, Excel, data visualisation, SQL, machine learning, data analysis, Tableau, Pandas, dashboard development, Power BI."", ""start_character"": 302, ""end_character"": 310}], ""Tableau"": [{""matched_phrase"": ""Tableau"", ""sentence"": ""Skills: Python, data cleaning, statistics, Excel, data visualisation, SQL, machine learning, data analysis, Tableau, Pandas, dashboard development, Power BI."", ""start_character"": 262, ""end_character"": 269}], ""dashboard development"": [{""matched_phrase"": ""dashboard development"", ""sentence"": ""Skills: Python, data cleaning, statistics, Excel, data visualisation, SQL, machine learning, data analysis, Tableau, Pandas, dashboard development, Power BI."", ""start_character"": 279, ""end_character"": 300}, {""matched_phrase"": ""interactive dashboards"", ""sentence"": ""Experience evidence: automated data-processing tasks; created interactive dashboards."", ""start_character"": 374, ""end_character"": 396}], ""machine learning"": [{""matched_phrase"": ""machine learning"", ""sentence"": ""Skills: Python, data cleaning, statistics, Excel, data visualisation, SQL, machine learning, data analysis, Tableau, Pandas, dashboard development, Power BI."", ""start_character"": 229, ""end_character"": 245}]}"
CAND024,JOB003,Cybersecurity Analyst,0,6.0,2.0,"[""Excel"", ""Pandas"", ""Power BI"", ""Python"", ""SQL"", ""Tableau"", ""dashboard development"", ""data analysis"", ""data visualisation"", ""machine learning"", ""statistics""]",[],"[""SIEM"", ""incident response"", ""network security"", ""risk assessment"", ""security monitoring"", ""vulnerability assessment""]","[""Python""]",0.0,0.16666666666666666,0.03333333333333333,1.0,"{""Python"": [{""matched_phrase"": ""Python"", ""sentence"": ""Skills: Python, data cleaning, statistics, Excel, data visualisation, SQL, machine learning, data analysis, Tableau, Pandas, dashboard development, Power BI."", ""start_character"": 162, ""end_character"": 168}]}"
CAND024,JOB004,IT Project Manager,0,6.0,3.0,"[""Excel"", ""Pandas"", ""Power BI"", ""Python"", ""SQL"", ""Tableau"", ""dashboard development"", ""data analysis"", ""data visualisation"", ""machine learning"", ""statistics""]",[],"[""Agile"", ""budget management"", ""communication"", ""project management"", ""risk management"", ""stakeholder management""]",[],0.0,0.0,0.0,1.0,{}
CAND024,JOB005,Digital Marketing Specialist,0,6.0,2.0,"[""Excel"", ""Pandas"", ""Power BI"", ""Python"", ""SQL"", ""Tableau"", ""dashboard development"", ""data analysis"", ""data visualisation"", ""machine learning"", ""statistics""]",[],"[""Google Analytics"", ""SEO"", ""campaign management"", ""content marketing"", ""digital marketing"", ""social media marketing""]",[],0.0,0.0,0.0,1.0,{}
CAND025,JOB001,Software Engineer,1,8.0,2.0,"[""Excel"", ""Pandas"", ""Power BI"", ""Python"", ""SQL"", ""Tableau"", ""dashboard development"", ""data visualisation"", ""machine learning"", ""statistics""]","[""Python"", ""SQL""]","[""Git"", ""JavaScript"", ""REST APIs"", ""software testing""]",[],0.3333333333333333,0.0,0.26666666666666666,1.0,"{""Python"": [{""matched_phrase"": ""Python"", ""sentence"": ""Skills: Power BI, Excel, Python, data visualisation, statistics, data cleaning, machine learning, dashboard development, SQL, Pandas, Tableau."", ""start_character"": 187, ""end_character"": 193}], ""SQL"": [{""matched_phrase"": ""SQL"", ""sentence"": ""Skills: Power BI, Excel, Python, data visualisation, statistics, data cleaning, machine learning, dashboard development, SQL, Pandas, Tableau."", ""start_character"": 283, ""end_character"": 286}]}"
CAND025,JOB002,Data Analyst,3,8.0,2.0,"[""Excel"", ""Pandas"", ""Power BI"", ""Python"", ""SQL"", ""Tableau"", ""dashboard development"", ""data visualisation"", ""machine learning"", ""statistics""]","[""Excel"", ""Python"", ""SQL"", ""data visualisation"", ""statistics""]","[""data analysis""]","[""Pandas"", ""Power BI"", ""Tableau"", ""dashboard development"", ""machine learning""]",0.8333333333333334,1.0,0.8666666666666667,1.0,"{""Excel"": [{""matched_phrase"": ""Excel"", ""sentence"": ""Skills: Power BI, Excel, Python, data visualisation, statistics, data cleaning, machine learning, dashboard development, SQL, Pandas, Tableau."", ""start_character"": 180, ""end_character"": 185}], ""Python"": [{""matched_phrase"": ""Python"", ""sentence"": ""Skills: Power BI, Excel, Python, data visualisation, statistics, data cleaning, machine learning, dashboard development, SQL, Pandas, Tableau."", ""start_character"": 187, ""end_character"": 193}], ""SQL"": [{""matched_phrase"": ""SQL"", ""sentence"": ""Skills: Power BI, Excel, Python, data visualisation, statistics, data cleaning, machine learning, dashboard development, SQL, Pandas, Tableau."", ""start_character"": 283, ""end_character"": 286}], ""data visualisation"": [{""matched_phrase"": ""data visualisation"", ""sentence"": ""Skills: Power BI, Excel, Python, data visualisation, statistics, data cleaning, machine learning, dashboard development, SQL, Pandas, Tableau."", ""start_character"": 195, ""end_character"": 213}], ""statistics"": [{""matched_phrase"": ""statistics"", ""sentence"": ""Skills: Power BI, Excel, Python, data visualisation, statistics, data cleaning, machine learning, dashboard development, SQL, Pandas, Tableau."", ""start_character"": 215, ""end_character"": 225}, {""matched_phrase"": ""statistical analysis"", ""sentence"": ""Experience evidence: produced reports for stakeholders; performed statistical analysis."", ""start_character"": 371, ""end_character"": 391}], ""Pandas"": [{""matched_phrase"": ""Pandas"", ""sentence"": ""Skills: Power BI, Excel, Python, data visualisation, statistics, data cleaning, machine learning, dashboard development, SQL, Pandas, Tableau."", ""start_character"": 288, ""end_character"": 294}], ""Power BI"": [{""matched_phrase"": ""Power BI"", ""sentence"": ""Skills: Power BI, Excel, Python, data visualisation, statistics, data cleaning, machine learning, dashboard development, SQL, Pandas, Tableau."", ""start_character"": 170, ""end_character"": 178}], ""Tableau"": [{""matched_phrase"": ""Tableau"", ""sentence"": ""Skills: Power BI, Excel, Python, data visualisation, statistics, data cleaning, machine learning, dashboard development, SQL, Pandas, Tableau."", ""start_character"": 296, ""end_character"": 303}], ""dashboard development"": [{""matched_phrase"": ""dashboard development"", ""sentence"": ""Skills: Power BI, Excel, Python, data visualisation, statistics, data cleaning, machine learning, dashboard development, SQL, Pandas, Tableau."", ""start_character"": 260, ""end_character"": 281}], ""machine learning"": [{""matched_phrase"": ""machine learning"", ""sentence"": ""Skills: Power BI, Excel, Python, data visualisation, statistics, data cleaning, machine learning, dashboard development, SQL, Pandas, Tableau."", ""start_character"": 242, ""end_character"": 258}]}"
CAND025,JOB003,Cybersecurity Analyst,0,8.0,2.0,"[""Excel"", ""Pandas"", ""Power BI"", ""Python"", ""SQL"", ""Tableau"", ""dashboard development"", ""data visualisation"", ""machine learning"", ""statistics""]",[],"[""SIEM"", ""incident response"", ""network security"", ""risk assessment"", ""security monitoring"", ""vulnerability assessment""]","[""Python""]",0.0,0.16666666666666666,0.03333333333333333,1.0,"{""Python"": [{""matched_phrase"": ""Python"", ""sentence"": ""Skills: Power BI, Excel, Python, data visualisation, statistics, data cleaning, machine learning, dashboard development, SQL, Pandas, Tableau."", ""start_character"": 187, ""end_character"": 193}]}"
CAND025,JOB004,IT Project Manager,0,8.0,3.0,"[""Excel"", ""Pandas"", ""Power BI"", ""Python"", ""SQL"", ""Tableau"", ""dashboard development"", ""data visualisation"", ""machine learning"", ""statistics""]",[],"[""Agile"", ""budget management"", ""communication"", ""project management"", ""risk management"", ""stakeholder management""]",[],0.0,0.0,0.0,1.0,{}
CAND025,JOB005,Digital Marketing Specialist,0,8.0,2.0,"[""Excel"", ""Pandas"", ""Power BI"", ""Python"", ""SQL"", ""Tableau"", ""dashboard development"", ""data visualisation"", ""machine learning"", ""statistics""]",[],"[""Google Analytics"", ""SEO"", ""campaign management"", ""content marketing"", ""digital marketing"", ""social media marketing""]",[],0.0,0.0,0.0,1.0,{}
CAND026,JOB001,Software Engineer,1,2.0,2.0,"[""Excel"", ""Power BI"", ""Python"", ""Tableau"", ""dashboard development"", ""statistics""]","[""Python""]","[""Git"", ""JavaScript"", ""REST APIs"", ""SQL"", ""software testing""]",[],0.16666666666666666,0.0,0.13333333333333333,1.0,"{""Python"": [{""matched_phrase"": ""Python"", ""sentence"": ""Skills: Excel, data cleaning, Power BI, Python, dashboard development, statistics, Tableau."", ""start_character"": 189, ""end_character"": 195}]}"
CAND026,JOB002,Data Analyst,2,2.0,2.0,"[""Excel"", ""Power BI"", ""Python"", ""Tableau"", ""dashboard development"", ""statistics""]","[""Excel"", ""Python"", ""statistics""]","[""SQL"", ""data analysis"", ""data visualisation""]","[""Power BI"", ""Tableau"", ""dashboard development""]",0.5,0.6,0.52,1.0,"{""Excel"": [{""matched_phrase"": ""Excel"", ""sentence"": ""Skills: Excel, data cleaning, Power BI, Python, dashboard development, statistics, Tableau."", ""start_character"": 157, ""end_character"": 162}], ""Python"": [{""matched_phrase"": ""Python"", ""sentence"": ""Skills: Excel, data cleaning, Power BI, Python, dashboard development, statistics, Tableau."", ""start_character"": 189, ""end_character"": 195}], ""statistics"": [{""matched_phrase"": ""statistics"", ""sentence"": ""Skills: Excel, data cleaning, Power BI, Python, dashboard development, statistics, Tableau."", ""start_character"": 220, ""end_character"": 230}], ""Power BI"": [{""matched_phrase"": ""Power BI"", ""sentence"": ""Skills: Excel, data cleaning, Power BI, Python, dashboard development, statistics, Tableau."", ""start_character"": 179, ""end_character"": 187}], ""Tableau"": [{""matched_phrase"": ""Tableau"", ""sentence"": ""Skills: Excel, data cleaning, Power BI, Python, dashboard development, statistics, Tableau."", ""start_character"": 232, ""end_character"": 239}], ""dashboard development"": [{""matched_phrase"": ""dashboard development"", ""sentence"": ""Skills: Excel, data cleaning, Power BI, Python, dashboard development, statistics, Tableau."", ""start_character"": 197, ""end_character"": 218}, {""matched_phrase"": ""interactive dashboards"", ""sentence"": ""Experience evidence: automated data-processing tasks; created interactive dashboards; produced reports for stakeholders; cleaned and analysed organisational datasets; identified trends and anomalies."", ""start_character"": 303, ""end_character"": 325}]}"
CAND026,JOB003,Cybersecurity Analyst,1,2.0,2.0,"[""Excel"", ""Power BI"", ""Python"", ""Tableau"", ""dashboard development"", ""statistics""]",[],"[""SIEM"", ""incident response"", ""network security"", ""risk assessment"", ""security monitoring"", ""vulnerability assessment""]","[""Python""]",0.0,0.16666666666666666,0.03333333333333333,1.0,"{""Python"": [{""matched_phrase"": ""Python"", ""sentence"": ""Skills: Excel, data cleaning, Power BI, Python, dashboard development, statistics, Tableau."", ""start_character"": 189, ""end_character"": 195}]}"
CAND026,JOB004,IT Project Manager,1,2.0,3.0,"[""Excel"", ""Power BI"", ""Python"", ""Tableau"", ""dashboard development"", ""statistics""]",[],"[""Agile"", ""budget management"", ""communication"", ""project management"", ""risk management"", ""stakeholder management""]",[],0.0,0.0,0.0,0.6666666666666666,{}
CAND026,JOB005,Digital Marketing Specialist,0,2.0,2.0,"[""Excel"", ""Power BI"", ""Python"", ""Tableau"", ""dashboard development"", ""statistics""]",[],"[""Google Analytics"", ""SEO"", ""campaign management"", ""content marketing"", ""digital marketing"", ""social media marketing""]",[],0.0,0.0,0.0,1.0,{}
CAND027,JOB001,Software Engineer,1,7.0,2.0,"[""Python"", ""SQL"", ""Tableau"", ""data analysis"", ""data visualisation"", ""statistics""]","[""Python"", ""SQL""]","[""Git"", ""JavaScript"", ""REST APIs"", ""software testing""]",[],0.3333333333333333,0.0,0.26666666666666666,1.0,"{""Python"": [{""matched_phrase"": ""Python"", ""sentence"": ""Skills: data analysis, Tableau, statistics, data visualisation, data cleaning, SQL, Python."", ""start_character"": 238, ""end_character"": 244}], ""SQL"": [{""matched_phrase"": ""SQL"", ""sentence"": ""Skills: data analysis, Tableau, statistics, data visualisation, data cleaning, SQL, Python."", ""start_character"": 233, ""end_character"": 236}]}"
CAND027,JOB002,Data Analyst,3,7.0,2.0,"[""Python"", ""SQL"", ""Tableau"", ""data analysis"", ""data visualisation"", ""statistics""]","[""Python"", ""SQL"", ""data analysis"", ""data visualisation"", ""statistics""]","[""Excel""]","[""Tableau""]",0.8333333333333334,0.2,0.7066666666666668,1.0,"{""Python"": [{""matched_phrase"": ""Python"", ""sentence"": ""Skills: data analysis, Tableau, statistics, data visualisation, data cleaning, SQL, Python."", ""start_character"": 238, ""end_character"": 244}], ""SQL"": [{""matched_phrase"": ""SQL"", ""sentence"": ""Skills: data analysis, Tableau, statistics, data visualisation, data cleaning, SQL, Python."", ""start_character"": 233, ""end_character"": 236}], ""data analysis"": [{""matched_phrase"": ""data analysis"", ""sentence"": ""Skills: data analysis, Tableau, statistics, data visualisation, data cleaning, SQL, Python."", ""start_character"": 162, ""end_character"": 175}], ""data visualisation"": [{""matched_phrase"": ""data visualisation"", ""sentence"": ""Skills: data analysis, Tableau, statistics, data visualisation, data cleaning, SQL, Python."", ""start_character"": 198, ""end_character"": 216}], ""statistics"": [{""matched_phrase"": ""statistics"", ""sentence"": ""Skills: data analysis, Tableau, statistics, data visualisation, data cleaning, SQL, Python."", ""start_character"": 186, ""end_character"": 196}, {""matched_phrase"": ""statistical analysis"", ""sentence"": ""Experience evidence: identified trends and anomalies; produced reports for stakeholders; performed statistical analysis."", ""start_character"": 345, ""end_character"": 365}], ""Tableau"": [{""matched_phrase"": ""Tableau"", ""sentence"": ""Skills: data analysis, Tableau, statistics, data visualisation, data cleaning, SQL, Python."", ""start_character"": 177, ""end_character"": 184}]}"
CAND027,JOB003,Cybersecurity Analyst,0,7.0,2.0,"[""Python"", ""SQL"", ""Tableau"", ""data analysis"", ""data visualisation"", ""statistics""]",[],"[""SIEM"", ""incident response"", ""network security"", ""risk assessment"", ""security monitoring"", ""vulnerability assessment""]","[""Python""]",0.0,0.16666666666666666,0.03333333333333333,1.0,"{""Python"": [{""matched_phrase"": ""Python"", ""sentence"": ""Skills: data analysis, Tableau, statistics, data visualisation, data cleaning, SQL, Python."", ""start_character"": 238, ""end_character"": 244}]}"
CAND027,JOB004,IT Project Manager,0,7.0,3.0,"[""Python"", ""SQL"", ""Tableau"", ""data analysis"", ""data visualisation"", ""statistics""]",[],"[""Agile"", ""budget management"", ""communication"", ""project management"", ""risk management"", ""stakeholder management""]",[],0.0,0.0,0.0,1.0,{}
CAND027,JOB005,Digital Marketing Specialist,0,7.0,2.0,"[""Python"", ""SQL"", ""Tableau"", ""data analysis"", ""data visualisation"", ""statistics""]",[],"[""Google Analytics"", ""SEO"", ""campaign management"", ""content marketing"", ""digital marketing"", ""social media marketing""]",[],0.0,0.0,0.0,1.0,{}
CAND028,JOB001,Software Engineer,1,5.0,2.0,"[""Excel"", ""Pandas"", ""Power BI"", ""Python"", ""SQL"", ""Tableau"", ""dashboard development"", ""data visualisation"", ""statistics""]","[""Python"", ""SQL""]","[""Git"", ""JavaScript"", ""REST APIs"", ""software testing""]",[],0.3333333333333333,0.0,0.26666666666666666,1.0,"{""Python"": [{""matched_phrase"": ""Python"", ""sentence"": ""Skills: dashboard development, Pandas, statistics, Python, SQL, Excel, Tableau, data visualisation, Power BI."", ""start_character"": 203, ""end_character"": 209}], ""SQL"": [{""matched_phrase"": ""SQL"", ""sentence"": ""Skills: dashboard development, Pandas, statistics, Python, SQL, Excel, Tableau, data visualisation, Power BI."", ""start_character"": 211, ""end_character"": 214}]}"
CAND028,JOB002,Data Analyst,3,5.0,2.0,"[""Excel"", ""Pandas"", ""Power BI"", ""Python"", ""SQL"", ""Tableau"", ""dashboard development"", ""data visualisation"", ""statistics""]","[""Excel"", ""Python"", ""SQL"", ""data visualisation"", ""statistics""]","[""data analysis""]","[""Pandas"", ""Power BI"", ""Tableau"", ""dashboard development""]",0.8333333333333334,0.8,0.8266666666666668,1.0,"{""Excel"": [{""matched_phrase"": ""Excel"", ""sentence"": ""Skills: dashboard development, Pandas, statistics, Python, SQL, Excel, Tableau, data visualisation, Power BI."", ""start_character"": 216, ""end_character"": 221}], ""Python"": [{""matched_phrase"": ""Python"", ""sentence"": ""Skills: dashboard development, Pandas, statistics, Python, SQL, Excel, Tableau, data visualisation, Power BI."", ""start_character"": 203, ""end_character"": 209}], ""SQL"": [{""matched_phrase"": ""SQL"", ""sentence"": ""Skills: dashboard development, Pandas, statistics, Python, SQL, Excel, Tableau, data visualisation, Power BI."", ""start_character"": 211, ""end_character"": 214}], ""data visualisation"": [{""matched_phrase"": ""data visualisation"", ""sentence"": ""Skills: dashboard development, Pandas, statistics, Python, SQL, Excel, Tableau, data visualisation, Power BI."", ""start_character"": 232, ""end_character"": 250}], ""statistics"": [{""matched_phrase"": ""statistics"", ""sentence"": ""Skills: dashboard development, Pandas, statistics, Python, SQL, Excel, Tableau, data visualisation, Power BI."", ""start_character"": 191, ""end_character"": 201}, {""matched_phrase"": ""statistical analysis"", ""sentence"": ""Experience evidence: cleaned and analysed organisational datasets; performed statistical analysis."", ""start_character"": 339, ""end_character"": 359}], ""Pandas"": [{""matched_phrase"": ""Pandas"", ""sentence"": ""Skills: dashboard development, Pandas, statistics, Python, SQL, Excel, Tableau, data visualisation, Power BI."", ""start_character"": 183, ""end_character"": 189}], ""Power BI"": [{""matched_phrase"": ""Power BI"", ""sentence"": ""Skills: dashboard development, Pandas, statistics, Python, SQL, Excel, Tableau, data visualisation, Power BI."", ""start_character"": 252, ""end_character"": 260}], ""Tableau"": [{""matched_phrase"": ""Tableau"", ""sentence"": ""Skills: dashboard development, Pandas, statistics, Python, SQL, Excel, Tableau, data visualisation, Power BI."", ""start_character"": 223, ""end_character"": 230}], ""dashboard development"": [{""matched_phrase"": ""dashboard development"", ""sentence"": ""Skills: dashboard development, Pandas, statistics, Python, SQL, Excel, Tableau, data visualisation, Power BI."", ""start_character"": 160, ""end_character"": 181}]}"
CAND028,JOB003,Cybersecurity Analyst,0,5.0,2.0,"[""Excel"", ""Pandas"", ""Power BI"", ""Python"", ""SQL"", ""Tableau"", ""dashboard development"", ""data visualisation"", ""statistics""]",[],"[""SIEM"", ""incident response"", ""network security"", ""risk assessment"", ""security monitoring"", ""vulnerability assessment""]","[""Python""]",0.0,0.16666666666666666,0.03333333333333333,1.0,"{""Python"": [{""matched_phrase"": ""Python"", ""sentence"": ""Skills: dashboard development, Pandas, statistics, Python, SQL, Excel, Tableau, data visualisation, Power BI."", ""start_character"": 203, ""end_character"": 209}]}"
CAND028,JOB004,IT Project Manager,0,5.0,3.0,"[""Excel"", ""Pandas"", ""Power BI"", ""Python"", ""SQL"", ""Tableau"", ""dashboard development"", ""data visualisation"", ""statistics""]",[],"[""Agile"", ""budget management"", ""communication"", ""project management"", ""risk management"", ""stakeholder management""]",[],0.0,0.0,0.0,1.0,{}
CAND028,JOB005,Digital Marketing Specialist,0,5.0,2.0,"[""Excel"", ""Pandas"", ""Power BI"", ""Python"", ""SQL"", ""Tableau"", ""dashboard development"", ""data visualisation"", ""statistics""]",[],"[""Google Analytics"", ""SEO"", ""campaign management"", ""content marketing"", ""digital marketing"", ""social media marketing""]",[],0.0,0.0,0.0,1.0,{}
CAND029,JOB001,Software Engineer,1,5.0,2.0,"[""Excel"", ""Pandas"", ""Power BI"", ""Python"", ""SQL"", ""Tableau"", ""data analysis"", ""machine learning"", ""statistics""]","[""Python"", ""SQL""]","[""Git"", ""JavaScript"", ""REST APIs"", ""software testing""]",[],0.3333333333333333,0.0,0.26666666666666666,1.0,"{""Python"": [{""matched_phrase"": ""Python"", ""sentence"": ""Skills: machine learning, Pandas, SQL, Power BI, data analysis, Excel, Python, Tableau, statistics."", ""start_character"": 245, ""end_character"": 251}], ""SQL"": [{""matched_phrase"": ""SQL"", ""sentence"": ""Skills: machine learning, Pandas, SQL, Power BI, data analysis, Excel, Python, Tableau, statistics."", ""start_character"": 208, ""end_character"": 211}]}"
CAND029,JOB002,Data Analyst,3,5.0,2.0,"[""Excel"", ""Pandas"", ""Power BI"", ""Python"", ""SQL"", ""Tableau"", ""data analysis"", ""machine learning"", ""statistics""]","[""Excel"", ""Python"", ""SQL"", ""data analysis"", ""statistics""]","[""data visualisation""]","[""Pandas"", ""Power BI"", ""Tableau"", ""machine learning""]",0.8333333333333334,0.8,0.8266666666666668,1.0,"{""Excel"": [{""matched_phrase"": ""Excel"", ""sentence"": ""Skills: machine learning, Pandas, SQL, Power BI, data analysis, Excel, Python, Tableau, statistics."", ""start_character"": 238, ""end_character"": 243}], ""Python"": [{""matched_phrase"": ""Python"", ""sentence"": ""Skills: machine learning, Pandas, SQL, Power BI, data analysis, Excel, Python, Tableau, statistics."", ""start_character"": 245, ""end_character"": 251}], ""SQL"": [{""matched_phrase"": ""SQL"", ""sentence"": ""Skills: machine learning, Pandas, SQL, Power BI, data analysis, Excel, Python, Tableau, statistics."", ""start_character"": 208, ""end_character"": 211}], ""data analysis"": [{""matched_phrase"": ""data analysis"", ""sentence"": ""Skills: machine learning, Pandas, SQL, Power BI, data analysis, Excel, Python, Tableau, statistics."", ""start_character"": 223, ""end_character"": 236}], ""statistics"": [{""matched_phrase"": ""statistics"", ""sentence"": ""Skills: machine learning, Pandas, SQL, Power BI, data analysis, Excel, Python, Tableau, statistics."", ""start_character"": 262, ""end_character"": 272}], ""Pandas"": [{""matched_phrase"": ""Pandas"", ""sentence"": ""Skills: machine learning, Pandas, SQL, Power BI, data analysis, Excel, Python, Tableau, statistics."", ""start_character"": 200, ""end_character"": 206}], ""Power BI"": [{""matched_phrase"": ""Power BI"", ""sentence"": ""Skills: machine learning, Pandas, SQL, Power BI, data analysis, Excel, Python, Tableau, statistics."", ""start_character"": 213, ""end_character"": 221}], ""Tableau"": [{""matched_phrase"": ""Tableau"", ""sentence"": ""Skills: machine learning, Pandas, SQL, Power BI, data analysis, Excel, Python, Tableau, statistics."", ""start_character"": 253, ""end_character"": 260}], ""machine learning"": [{""matched_phrase"": ""machine learning"", ""sentence"": ""Skills: machine learning, Pandas, SQL, Power BI, data analysis, Excel, Python, Tableau, statistics."", ""start_character"": 182, ""end_character"": 198}]}"
CAND029,JOB003,Cybersecurity Analyst,0,5.0,2.0,"[""Excel"", ""Pandas"", ""Power BI"", ""Python"", ""SQL"", ""Tableau"", ""data analysis"", ""machine learning"", ""statistics""]",[],"[""SIEM"", ""incident response"", ""network security"", ""risk assessment"", ""security monitoring"", ""vulnerability assessment""]","[""Python""]",0.0,0.16666666666666666,0.03333333333333333,1.0,"{""Python"": [{""matched_phrase"": ""Python"", ""sentence"": ""Skills: machine learning, Pandas, SQL, Power BI, data analysis, Excel, Python, Tableau, statistics."", ""start_character"": 245, ""end_character"": 251}]}"
CAND029,JOB004,IT Project Manager,0,5.0,3.0,"[""Excel"", ""Pandas"", ""Power BI"", ""Python"", ""SQL"", ""Tableau"", ""data analysis"", ""machine learning"", ""statistics""]",[],"[""Agile"", ""budget management"", ""communication"", ""project management"", ""risk management"", ""stakeholder management""]",[],0.0,0.0,0.0,1.0,{}
CAND029,JOB005,Digital Marketing Specialist,0,5.0,2.0,"[""Excel"", ""Pandas"", ""Power BI"", ""Python"", ""SQL"", ""Tableau"", ""data analysis"", ""machine learning"", ""statistics""]",[],"[""Google Analytics"", ""SEO"", ""campaign management"", ""content marketing"", ""digital marketing"", ""social media marketing""]",[],0.0,0.0,0.0,1.0,{}
CAND030,JOB001,Software Engineer,0,5.0,2.0,"[""Excel"", ""Pandas"", ""Power BI"", ""dashboard development"", ""data visualisation""]",[],"[""Git"", ""JavaScript"", ""Python"", ""REST APIs"", ""SQL"", ""software testing""]",[],0.0,0.0,0.0,1.0,{}
CAND030,JOB002,Data Analyst,2,5.0,2.0,"[""Excel"", ""Pandas"", ""Power BI"", ""dashboard development"", ""data visualisation""]","[""Excel"", ""data visualisation""]","[""Python"", ""SQL"", ""data analysis"", ""statistics""]","[""Pandas"", ""Power BI"", ""dashboard development""]",0.3333333333333333,0.6,0.38666666666666666,1.0,"{""Excel"": [{""matched_phrase"": ""Excel"", ""sentence"": ""Skills: data cleaning, data visualisation, Pandas, dashboard development, Power BI, Excel."", ""start_character"": 232, ""end_character"": 237}], ""data visualisation"": [{""matched_phrase"": ""data visualisation"", ""sentence"": ""Skills: data cleaning, data visualisation, Pandas, dashboard development, Power BI, Excel."", ""start_character"": 171, ""end_character"": 189}], ""Pandas"": [{""matched_phrase"": ""Pandas"", ""sentence"": ""Skills: data cleaning, data visualisation, Pandas, dashboard development, Power BI, Excel."", ""start_character"": 191, ""end_character"": 197}], ""Power BI"": [{""matched_phrase"": ""Power BI"", ""sentence"": ""Skills: data cleaning, data visualisation, Pandas, dashboard development, Power BI, Excel."", ""start_character"": 222, ""end_character"": 230}], ""dashboard development"": [{""matched_phrase"": ""dashboard development"", ""sentence"": ""Skills: data cleaning, data visualisation, Pandas, dashboard development, Power BI, Excel."", ""start_character"": 199, ""end_character"": 220}, {""matched_phrase"": ""interactive dashboards"", ""sentence"": ""Experience evidence: automated data-processing tasks; produced reports for stakeholders; created interactive dashboards; cleaned and analysed organisational datasets; identified trends and anomalies."", ""start_character"": 336, ""end_character"": 358}]}"
CAND030,JOB003,Cybersecurity Analyst,0,5.0,2.0,"[""Excel"", ""Pandas"", ""Power BI"", ""dashboard development"", ""data visualisation""]",[],"[""SIEM"", ""incident response"", ""network security"", ""risk assessment"", ""security monitoring"", ""vulnerability assessment""]",[],0.0,0.0,0.0,1.0,{}
CAND030,JOB004,IT Project Manager,1,5.0,3.0,"[""Excel"", ""Pandas"", ""Power BI"", ""dashboard development"", ""data visualisation""]",[],"[""Agile"", ""budget management"", ""communication"", ""project management"", ""risk management"", ""stakeholder management""]",[],0.0,0.0,0.0,1.0,{}
CAND030,JOB005,Digital Marketing Specialist,1,5.0,2.0,"[""Excel"", ""Pandas"", ""Power BI"", ""dashboard development"", ""data visualisation""]",[],"[""Google Analytics"", ""SEO"", ""campaign management"", ""content marketing"", ""digital marketing"", ""social media marketing""]",[],0.0,0.0,0.0,1.0,{}
CAND031,JOB001,Software Engineer,1,4.0,2.0,"[""Excel"", ""Pandas"", ""Python"", ""Tableau"", ""dashboard development"", ""data analysis"", ""data visualisation"", ""machine learning"", ""statistics""]","[""Python""]","[""Git"", ""JavaScript"", ""REST APIs"", ""SQL"", ""software testing""]",[],0.16666666666666666,0.0,0.13333333333333333,1.0,"{""Python"": [{""matched_phrase"": ""Python"", ""sentence"": ""Skills: Pandas, Python, data visualisation, machine learning, data analysis, Tableau, data cleaning, statistics, Excel."", ""start_character"": 160, ""end_character"": 166}]}"
CAND031,JOB002,Data Analyst,3,4.0,2.0,"[""Excel"", ""Pandas"", ""Python"", ""Tableau"", ""dashboard development"", ""data analysis"", ""data visualisation"", ""machine learning"", ""statistics""]","[""Excel"", ""Python"", ""data analysis"", ""data visualisation"", ""statistics""]","[""SQL""]","[""Pandas"", ""Tableau"", ""dashboard development"", ""machine learning""]",0.8333333333333334,0.8,0.8266666666666668,1.0,"{""Excel"": [{""matched_phrase"": ""Excel"", ""sentence"": ""Skills: Pandas, Python, data visualisation, machine learning, data analysis, Tableau, data cleaning, statistics, Excel."", ""start_character"": 257, ""end_character"": 262}], ""Python"": [{""matched_phrase"": ""Python"", ""sentence"": ""Skills: Pandas, Python, data visualisation, machine learning, data analysis, Tableau, data cleaning, statistics, Excel."", ""start_character"": 160, ""end_character"": 166}], ""data analysis"": [{""matched_phrase"": ""data analysis"", ""sentence"": ""Skills: Pandas, Python, data visualisation, machine learning, data analysis, Tableau, data cleaning, statistics, Excel."", ""start_character"": 206, ""end_character"": 219}], ""data visualisation"": [{""matched_phrase"": ""data visualisation"", ""sentence"": ""Skills: Pandas, Python, data visualisation, machine learning, data analysis, Tableau, data cleaning, statistics, Excel."", ""start_character"": 168, ""end_character"": 186}], ""statistics"": [{""matched_phrase"": ""statistics"", ""sentence"": ""Skills: Pandas, Python, data visualisation, machine learning, data analysis, Tableau, data cleaning, statistics, Excel."", ""start_character"": 245, ""end_character"": 255}, {""matched_phrase"": ""statistical analysis"", ""sentence"": ""Experience evidence: identified trends and anomalies; automated data-processing tasks; created interactive dashboards; produced reports for stakeholders; performed statistical analysis."", ""start_character"": 428, ""end_character"": 448}], ""Pandas"": [{""matched_phrase"": ""Pandas"", ""sentence"": ""Skills: Pandas, Python, data visualisation, machine learning, data analysis, Tableau, data cleaning, statistics, Excel."", ""start_character"": 152, ""end_character"": 158}], ""Tableau"": [{""matched_phrase"": ""Tableau"", ""sentence"": ""Skills: Pandas, Python, data visualisation, machine learning, data analysis, Tableau, data cleaning, statistics, Excel."", ""start_character"": 221, ""end_character"": 228}], ""dashboard development"": [{""matched_phrase"": ""interactive dashboards"", ""sentence"": ""Experience evidence: identified trends and anomalies; automated data-processing tasks; created interactive dashboards; produced reports for stakeholders; performed statistical analysis."", ""start_character"": 359, ""end_character"": 381}], ""machine learning"": [{""matched_phrase"": ""machine learning"", ""sentence"": ""Skills: Pandas, Python, data visualisation, machine learning, data analysis, Tableau, data cleaning, statistics, Excel."", ""start_character"": 188, ""end_character"": 204}]}"
CAND031,JOB003,Cybersecurity Analyst,1,4.0,2.0,"[""Excel"", ""Pandas"", ""Python"", ""Tableau"", ""dashboard development"", ""data analysis"", ""data visualisation"", ""machine learning"", ""statistics""]",[],"[""SIEM"", ""incident response"", ""network security"", ""risk assessment"", ""security monitoring"", ""vulnerability assessment""]","[""Python""]",0.0,0.16666666666666666,0.03333333333333333,1.0,"{""Python"": [{""matched_phrase"": ""Python"", ""sentence"": ""Skills: Pandas, Python, data visualisation, machine learning, data analysis, Tableau, data cleaning, statistics, Excel."", ""start_character"": 160, ""end_character"": 166}]}"
CAND031,JOB004,IT Project Manager,1,4.0,3.0,"[""Excel"", ""Pandas"", ""Python"", ""Tableau"", ""dashboard development"", ""data analysis"", ""data visualisation"", ""machine learning"", ""statistics""]",[],"[""Agile"", ""budget management"", ""communication"", ""project management"", ""risk management"", ""stakeholder management""]",[],0.0,0.0,0.0,1.0,{}
CAND031,JOB005,Digital Marketing Specialist,0,4.0,2.0,"[""Excel"", ""Pandas"", ""Python"", ""Tableau"", ""dashboard development"", ""data analysis"", ""data visualisation"", ""machine learning"", ""statistics""]",[],"[""Google Analytics"", ""SEO"", ""campaign management"", ""content marketing"", ""digital marketing"", ""social media marketing""]",[],0.0,0.0,0.0,1.0,{}
CAND032,JOB001,Software Engineer,1,4.0,2.0,"[""Pandas"", ""Python"", ""SQL"", ""dashboard development"", ""data analysis"", ""data visualisation"", ""statistics""]","[""Python"", ""SQL""]","[""Git"", ""JavaScript"", ""REST APIs"", ""software testing""]",[],0.3333333333333333,0.0,0.26666666666666666,1.0,"{""Python"": [{""matched_phrase"": ""Python"", ""sentence"": ""Skills: SQL, data analysis, data visualisation, dashboard development, Pandas, data cleaning, Python, statistics."", ""start_character"": 254, ""end_character"": 260}], ""SQL"": [{""matched_phrase"": ""SQL"", ""sentence"": ""Skills: SQL, data analysis, data visualisation, dashboard development, Pandas, data cleaning, Python, statistics."", ""start_character"": 168, ""end_character"": 171}]}"
CAND032,JOB002,Data Analyst,3,4.0,2.0,"[""Pandas"", ""Python"", ""SQL"", ""dashboard development"", ""data analysis"", ""data visualisation"", ""statistics""]","[""Python"", ""SQL"", ""data analysis"", ""data visualisation"", ""statistics""]","[""Excel""]","[""Pandas"", ""dashboard development""]",0.8333333333333334,0.4,0.7466666666666668,1.0,"{""Python"": [{""matched_phrase"": ""Python"", ""sentence"": ""Skills: SQL, data analysis, data visualisation, dashboard development, Pandas, data cleaning, Python, statistics."", ""start_character"": 254, ""end_character"": 260}], ""SQL"": [{""matched_phrase"": ""SQL"", ""sentence"": ""Skills: SQL, data analysis, data visualisation, dashboard development, Pandas, data cleaning, Python, statistics."", ""start_character"": 168, ""end_character"": 171}], ""data analysis"": [{""matched_phrase"": ""data analysis"", ""sentence"": ""Skills: SQL, data analysis, data visualisation, dashboard development, Pandas, data cleaning, Python, statistics."", ""start_character"": 173, ""end_character"": 186}], ""data visualisation"": [{""matched_phrase"": ""data visualisation"", ""sentence"": ""Skills: SQL, data analysis, data visualisation, dashboard development, Pandas, data cleaning, Python, statistics."", ""start_character"": 188, ""end_character"": 206}], ""statistics"": [{""matched_phrase"": ""statistics"", ""sentence"": ""Skills: SQL, data analysis, data visualisation, dashboard development, Pandas, data cleaning, Python, statistics."", ""start_character"": 262, ""end_character"": 272}, {""matched_phrase"": ""statistical analysis"", ""sentence"": ""Experience evidence: identified trends and anomalies; performed statistical analysis; cleaned and analysed organisational datasets."", ""start_character"": 338, ""end_character"": 358}], ""Pandas"": [{""matched_phrase"": ""Pandas"", ""sentence"": ""Skills: SQL, data analysis, data visualisation, dashboard development, Pandas, data cleaning, Python, statistics."", ""start_character"": 231, ""end_character"": 237}], ""dashboard development"": [{""matched_phrase"": ""dashboard development"", ""sentence"": ""Skills: SQL, data analysis, data visualisation, dashboard development, Pandas, data cleaning, Python, statistics."", ""start_character"": 208, ""end_character"": 229}]}"
CAND032,JOB003,Cybersecurity Analyst,1,4.0,2.0,"[""Pandas"", ""Python"", ""SQL"", ""dashboard development"", ""data analysis"", ""data visualisation"", ""statistics""]",[],"[""SIEM"", ""incident response"", ""network security"", ""risk assessment"", ""security monitoring"", ""vulnerability assessment""]","[""Python""]",0.0,0.16666666666666666,0.03333333333333333,1.0,"{""Python"": [{""matched_phrase"": ""Python"", ""sentence"": ""Skills: SQL, data analysis, data visualisation, dashboard development, Pandas, data cleaning, Python, statistics."", ""start_character"": 254, ""end_character"": 260}]}"
CAND032,JOB004,IT Project Manager,1,4.0,3.0,"[""Pandas"", ""Python"", ""SQL"", ""dashboard development"", ""data analysis"", ""data visualisation"", ""statistics""]",[],"[""Agile"", ""budget management"", ""communication"", ""project management"", ""risk management"", ""stakeholder management""]",[],0.0,0.0,0.0,1.0,{}
CAND032,JOB005,Digital Marketing Specialist,0,4.0,2.0,"[""Pandas"", ""Python"", ""SQL"", ""dashboard development"", ""data analysis"", ""data visualisation"", ""statistics""]",[],"[""Google Analytics"", ""SEO"", ""campaign management"", ""content marketing"", ""digital marketing"", ""social media marketing""]",[],0.0,0.0,0.0,1.0,{}
CAND033,JOB001,Software Engineer,1,3.0,2.0,"[""Excel"", ""Power BI"", ""Python"", ""Tableau"", ""dashboard development"", ""data analysis""]","[""Python""]","[""Git"", ""JavaScript"", ""REST APIs"", ""SQL"", ""software testing""]",[],0.16666666666666666,0.0,0.13333333333333333,1.0,"{""Python"": [{""matched_phrase"": ""Python"", ""sentence"": ""Skills: Tableau, Power BI, data analysis, Excel, Python, dashboard development."", ""start_character"": 206, ""end_character"": 212}]}"
CAND033,JOB002,Data Analyst,2,3.0,2.0,"[""Excel"", ""Power BI"", ""Python"", ""Tableau"", ""dashboard development"", ""data analysis""]","[""Excel"", ""Python"", ""data analysis""]","[""SQL"", ""data visualisation"", ""statistics""]","[""Power BI"", ""Tableau"", ""dashboard development""]",0.5,0.6,0.52,1.0,"{""Excel"": [{""matched_phrase"": ""Excel"", ""sentence"": ""Skills: Tableau, Power BI, data analysis, Excel, Python, dashboard development."", ""start_character"": 199, ""end_character"": 204}], ""Python"": [{""matched_phrase"": ""Python"", ""sentence"": ""Skills: Tableau, Power BI, data analysis, Excel, Python, dashboard development."", ""start_character"": 206, ""end_character"": 212}], ""data analysis"": [{""matched_phrase"": ""data analysis"", ""sentence"": ""Skills: Tableau, Power BI, data analysis, Excel, Python, dashboard development."", ""start_character"": 184, ""end_character"": 197}], ""Power BI"": [{""matched_phrase"": ""Power BI"", ""sentence"": ""Skills: Tableau, Power BI, data analysis, Excel, Python, dashboard development."", ""start_character"": 174, ""end_character"": 182}], ""Tableau"": [{""matched_phrase"": ""Tableau"", ""sentence"": ""Skills: Tableau, Power BI, data analysis, Excel, Python, dashboard development."", ""start_character"": 165, ""end_character"": 172}], ""dashboard development"": [{""matched_phrase"": ""dashboard development"", ""sentence"": ""Skills: Tableau, Power BI, data analysis, Excel, Python, dashboard development."", ""start_character"": 214, ""end_character"": 235}, {""matched_phrase"": ""interactive dashboards"", ""sentence"": ""Experience evidence: identified trends and anomalies; created interactive dashboards."", ""start_character"": 299, ""end_character"": 321}]}"
CAND033,JOB003,Cybersecurity Analyst,0,3.0,2.0,"[""Excel"", ""Power BI"", ""Python"", ""Tableau"", ""dashboard development"", ""data analysis""]",[],"[""SIEM"", ""incident response"", ""network security"", ""risk assessment"", ""security monitoring"", ""vulnerability assessment""]","[""Python""]",0.0,0.16666666666666666,0.03333333333333333,1.0,"{""Python"": [{""matched_phrase"": ""Python"", ""sentence"": ""Skills: Tableau, Power BI, data analysis, Excel, Python, dashboard development."", ""start_character"": 206, ""end_character"": 212}]}"
CAND033,JOB004,IT Project Manager,0,3.0,3.0,"[""Excel"", ""Power BI"", ""Python"", ""Tableau"", ""dashboard development"", ""data analysis""]",[],"[""Agile"", ""budget management"", ""communication"", ""project management"", ""risk management"", ""stakeholder management""]",[],0.0,0.0,0.0,1.0,{}
CAND033,JOB005,Digital Marketing Specialist,0,3.0,2.0,"[""Excel"", ""Power BI"", ""Python"", ""Tableau"", ""dashboard development"", ""data analysis""]",[],"[""Google Analytics"", ""SEO"", ""campaign management"", ""content marketing"", ""digital marketing"", ""social media marketing""]",[],0.0,0.0,0.0,1.0,{}
CAND034,JOB001,Software Engineer,1,7.0,2.0,"[""Pandas"", ""SQL"", ""dashboard development"", ""data analysis"", ""statistics""]","[""SQL""]","[""Git"", ""JavaScript"", ""Python"", ""REST APIs"", ""software testing""]",[],0.16666666666666666,0.0,0.13333333333333333,1.0,"{""SQL"": [{""matched_phrase"": ""SQL"", ""sentence"": ""Skills: Pandas, data analysis, SQL."", ""start_character"": 179, ""end_character"": 182}]}"
CAND034,JOB002,Data Analyst,2,7.0,2.0,"[""Pandas"", ""SQL"", ""dashboard development"", ""data analysis"", ""statistics""]","[""SQL"", ""data analysis"", ""statistics""]","[""Excel"", ""Python"", ""data visualisation""]","[""Pandas"", ""dashboard development""]",0.5,0.4,0.48000000000000004,1.0,"{""SQL"": [{""matched_phrase"": ""SQL"", ""sentence"": ""Skills: Pandas, data analysis, SQL."", ""start_character"": 179, ""end_character"": 182}], ""data analysis"": [{""matched_phrase"": ""data analysis"", ""sentence"": ""Skills: Pandas, data analysis, SQL."", ""start_character"": 164, ""end_character"": 177}], ""statistics"": [{""matched_phrase"": ""statistical analysis"", ""sentence"": ""Experience evidence: created interactive dashboards; identified trends and anomalies; produced reports for stakeholders; automated data-processing tasks; performed statistical analysis."", ""start_character"": 348, ""end_character"": 368}], ""Pandas"": [{""matched_phrase"": ""Pandas"", ""sentence"": ""Skills: Pandas, data analysis, SQL."", ""start_character"": 156, ""end_character"": 162}], ""dashboard development"": [{""matched_phrase"": ""interactive dashboards"", ""sentence"": ""Experience evidence: created interactive dashboards; identified trends and anomalies; produced reports for stakeholders; automated data-processing tasks; performed statistical analysis."", ""start_character"": 213, ""end_character"": 235}]}"
CAND034,JOB003,Cybersecurity Analyst,0,7.0,2.0,"[""Pandas"", ""SQL"", ""dashboard development"", ""data analysis"", ""statistics""]",[],"[""SIEM"", ""incident response"", ""network security"", ""risk assessment"", ""security monitoring"", ""vulnerability assessment""]",[],0.0,0.0,0.0,1.0,{}
CAND034,JOB004,IT Project Manager,1,7.0,3.0,"[""Pandas"", ""SQL"", ""dashboard development"", ""data analysis"", ""statistics""]",[],"[""Agile"", ""budget management"", ""communication"", ""project management"", ""risk management"", ""stakeholder management""]",[],0.0,0.0,0.0,1.0,{}
CAND034,JOB005,Digital Marketing Specialist,1,7.0,2.0,"[""Pandas"", ""SQL"", ""dashboard development"", ""data analysis"", ""statistics""]",[],"[""Google Analytics"", ""SEO"", ""campaign management"", ""content marketing"", ""digital marketing"", ""social media marketing""]",[],0.0,0.0,0.0,1.0,{}
CAND035,JOB001,Software Engineer,0,7.0,2.0,"[""Pandas"", ""Tableau"", ""data analysis"", ""data visualisation"", ""statistics""]",[],"[""Git"", ""JavaScript"", ""Python"", ""REST APIs"", ""SQL"", ""software testing""]",[],0.0,0.0,0.0,1.0,{}
CAND035,JOB002,Data Analyst,2,7.0,2.0,"[""Pandas"", ""Tableau"", ""data analysis"", ""data visualisation"", ""statistics""]","[""data analysis"", ""data visualisation"", ""statistics""]","[""Excel"", ""Python"", ""SQL""]","[""Pandas"", ""Tableau""]",0.5,0.4,0.48000000000000004,1.0,"{""data analysis"": [{""matched_phrase"": ""data analysis"", ""sentence"": ""Skills: data visualisation, data analysis, data cleaning, Pandas, Tableau, statistics."", ""start_character"": 188, ""end_character"": 201}], ""data visualisation"": [{""matched_phrase"": ""data visualisation"", ""sentence"": ""Skills: data visualisation, data analysis, data cleaning, Pandas, Tableau, statistics."", ""start_character"": 168, ""end_character"": 186}], ""statistics"": [{""matched_phrase"": ""statistics"", ""sentence"": ""Skills: data visualisation, data analysis, data cleaning, Pandas, Tableau, statistics."", ""start_character"": 235, ""end_character"": 245}], ""Pandas"": [{""matched_phrase"": ""Pandas"", ""sentence"": ""Skills: data visualisation, data analysis, data cleaning, Pandas, Tableau, statistics."", ""start_character"": 218, ""end_character"": 224}], ""Tableau"": [{""matched_phrase"": ""Tableau"", ""sentence"": ""Skills: data visualisation, data analysis, data cleaning, Pandas, Tableau, statistics."", ""start_character"": 226, ""end_character"": 233}]}"
CAND035,JOB003,Cybersecurity Analyst,0,7.0,2.0,"[""Pandas"", ""Tableau"", ""data analysis"", ""data visualisation"", ""statistics""]",[],"[""SIEM"", ""incident response"", ""network security"", ""risk assessment"", ""security monitoring"", ""vulnerability assessment""]",[],0.0,0.0,0.0,1.0,{}
CAND035,JOB004,IT Project Manager,1,7.0,3.0,"[""Pandas"", ""Tableau"", ""data analysis"", ""data visualisation"", ""statistics""]",[],"[""Agile"", ""budget management"", ""communication"", ""project management"", ""risk management"", ""stakeholder management""]",[],0.0,0.0,0.0,1.0,{}
CAND035,JOB005,Digital Marketing Specialist,1,7.0,2.0,"[""Pandas"", ""Tableau"", ""data analysis"", ""data visualisation"", ""statistics""]",[],"[""Google Analytics"", ""SEO"", ""campaign management"", ""content marketing"", ""digital marketing"", ""social media marketing""]",[],0.0,0.0,0.0,1.0,{}
CAND036,JOB001,Software Engineer,1,4.0,2.0,"[""Excel"", ""Pandas"", ""SQL"", ""dashboard development"", ""statistics""]","[""SQL""]","[""Git"", ""JavaScript"", ""Python"", ""REST APIs"", ""software testing""]",[],0.16666666666666666,0.0,0.13333333333333333,1.0,"{""SQL"": [{""matched_phrase"": ""SQL"", ""sentence"": ""Skills: statistics, Pandas, SQL, Excel, dashboard development."", ""start_character"": 190, ""end_character"": 193}]}"
CAND036,JOB002,Data Analyst,2,4.0,2.0,"[""Excel"", ""Pandas"", ""SQL"", ""dashboard development"", ""statistics""]","[""Excel"", ""SQL"", ""statistics""]","[""Python"", ""data analysis"", ""data visualisation""]","[""Pandas"", ""dashboard development""]",0.5,0.4,0.48000000000000004,1.0,"{""Excel"": [{""matched_phrase"": ""Excel"", ""sentence"": ""Skills: statistics, Pandas, SQL, Excel, dashboard development."", ""start_character"": 195, ""end_character"": 200}], ""SQL"": [{""matched_phrase"": ""SQL"", ""sentence"": ""Skills: statistics, Pandas, SQL, Excel, dashboard development."", ""start_character"": 190, ""end_character"": 193}], ""statistics"": [{""matched_phrase"": ""statistics"", ""sentence"": ""Skills: statistics, Pandas, SQL, Excel, dashboard development."", ""start_character"": 170, ""end_character"": 180}, {""matched_phrase"": ""statistical analysis"", ""sentence"": ""Experience evidence: identified trends and anomalies; created interactive dashboards; performed statistical analysis."", ""start_character"": 321, ""end_character"": 341}], ""Pandas"": [{""matched_phrase"": ""Pandas"", ""sentence"": ""Skills: statistics, Pandas, SQL, Excel, dashboard development."", ""start_character"": 182, ""end_character"": 188}], ""dashboard development"": [{""matched_phrase"": ""dashboard development"", ""sentence"": ""Skills: statistics, Pandas, SQL, Excel, dashboard development."", ""start_character"": 202, ""end_character"": 223}, {""matched_phrase"": ""interactive dashboards"", ""sentence"": ""Experience evidence: identified trends and anomalies; created interactive dashboards; performed statistical analysis."", ""start_character"": 287, ""end_character"": 309}]}"
CAND036,JOB003,Cybersecurity Analyst,1,4.0,2.0,"[""Excel"", ""Pandas"", ""SQL"", ""dashboard development"", ""statistics""]",[],"[""SIEM"", ""incident response"", ""network security"", ""risk assessment"", ""security monitoring"", ""vulnerability assessment""]",[],0.0,0.0,0.0,1.0,{}
CAND036,JOB004,IT Project Manager,1,4.0,3.0,"[""Excel"", ""Pandas"", ""SQL"", ""dashboard development"", ""statistics""]",[],"[""Agile"", ""budget management"", ""communication"", ""project management"", ""risk management"", ""stakeholder management""]",[],0.0,0.0,0.0,1.0,{}
CAND036,JOB005,Digital Marketing Specialist,0,4.0,2.0,"[""Excel"", ""Pandas"", ""SQL"", ""dashboard development"", ""statistics""]",[],"[""Google Analytics"", ""SEO"", ""campaign management"", ""content marketing"", ""digital marketing"", ""social media marketing""]",[],0.0,0.0,0.0,1.0,{}
CAND037,JOB001,Software Engineer,1,6.0,2.0,"[""Pandas"", ""Power BI"", ""Python"", ""Tableau"", ""dashboard development"", ""data analysis"", ""statistics""]","[""Python""]","[""Git"", ""JavaScript"", ""REST APIs"", ""SQL"", ""software testing""]",[],0.16666666666666666,0.0,0.13333333333333333,1.0,"{""Python"": [{""matched_phrase"": ""Python"", ""sentence"": ""Skills: Pandas, Tableau, Power BI, Python, data analysis."", ""start_character"": 184, ""end_character"": 190}]}"
CAND037,JOB002,Data Analyst,2,6.0,2.0,"[""Pandas"", ""Power BI"", ""Python"", ""Tableau"", ""dashboard development"", ""data analysis"", ""statistics""]","[""Python"", ""data analysis"", ""statistics""]","[""Excel"", ""SQL"", ""data visualisation""]","[""Pandas"", ""Power BI"", ""Tableau"", ""dashboard development""]",0.5,0.8,0.56,1.0,"{""Python"": [{""matched_phrase"": ""Python"", ""sentence"": ""Skills: Pandas, Tableau, Power BI, Python, data analysis."", ""start_character"": 184, ""end_character"": 190}], ""data analysis"": [{""matched_phrase"": ""data analysis"", ""sentence"": ""Skills: Pandas, Tableau, Power BI, Python, data analysis."", ""start_character"": 192, ""end_character"": 205}], ""statistics"": [{""matched_phrase"": ""statistical analysis"", ""sentence"": ""Experience evidence: identified trends and anomalies; performed statistical analysis; cleaned and analysed organisational datasets; produced reports for stakeholders; created interactive dashboards."", ""start_character"": 271, ""end_character"": 291}], ""Pandas"": [{""matched_phrase"": ""Pandas"", ""sentence"": ""Skills: Pandas, Tableau, Power BI, Python, data analysis."", ""start_character"": 157, ""end_character"": 163}], ""Power BI"": [{""matched_phrase"": ""Power BI"", ""sentence"": ""Skills: Pandas, Tableau, Power BI, Python, data analysis."", ""start_character"": 174, ""end_character"": 182}], ""Tableau"": [{""matched_phrase"": ""Tableau"", ""sentence"": ""Skills: Pandas, Tableau, Power BI, Python, data analysis."", ""start_character"": 165, ""end_character"": 172}], ""dashboard development"": [{""matched_phrase"": ""interactive dashboards"", ""sentence"": ""Experience evidence: identified trends and anomalies; performed statistical analysis; cleaned and analysed organisational datasets; produced reports for stakeholders; created interactive dashboards."", ""start_character"": 382, ""end_character"": 404}]}"
CAND037,JOB003,Cybersecurity Analyst,1,6.0,2.0,"[""Pandas"", ""Power BI"", ""Python"", ""Tableau"", ""dashboard development"", ""data analysis"", ""statistics""]",[],"[""SIEM"", ""incident response"", ""network security"", ""risk assessment"", ""security monitoring"", ""vulnerability assessment""]","[""Python""]",0.0,0.16666666666666666,0.03333333333333333,1.0,"{""Python"": [{""matched_phrase"": ""Python"", ""sentence"": ""Skills: Pandas, Tableau, Power BI, Python, data analysis."", ""start_character"": 184, ""end_character"": 190}]}"
CAND037,JOB004,IT Project Manager,1,6.0,3.0,"[""Pandas"", ""Power BI"", ""Python"", ""Tableau"", ""dashboard development"", ""data analysis"", ""statistics""]",[],"[""Agile"", ""budget management"", ""communication"", ""project management"", ""risk management"", ""stakeholder management""]",[],0.0,0.0,0.0,1.0,{}
CAND037,JOB005,Digital Marketing Specialist,0,6.0,2.0,"[""Pandas"", ""Power BI"", ""Python"", ""Tableau"", ""dashboard development"", ""data analysis"", ""statistics""]",[],"[""Google Analytics"", ""SEO"", ""campaign management"", ""content marketing"", ""digital marketing"", ""social media marketing""]",[],0.0,0.0,0.0,1.0,{}
CAND038,JOB001,Software Engineer,1,5.0,2.0,"[""Pandas"", ""Power BI"", ""dashboard development"", ""data analysis"", ""machine learning""]",[],"[""Git"", ""JavaScript"", ""Python"", ""REST APIs"", ""SQL"", ""software testing""]",[],0.0,0.0,0.0,1.0,{}
CAND038,JOB002,Data Analyst,1,5.0,2.0,"[""Pandas"", ""Power BI"", ""dashboard development"", ""data analysis"", ""machine learning""]","[""data analysis""]","[""Excel"", ""Python"", ""SQL"", ""data visualisation"", ""statistics""]","[""Pandas"", ""Power BI"", ""dashboard development"", ""machine learning""]",0.16666666666666666,0.8,0.29333333333333333,1.0,"{""data analysis"": [{""matched_phrase"": ""data analysis"", ""sentence"": ""Skills: Power BI, data cleaning, Pandas, machine learning, data analysis."", ""start_character"": 211, ""end_character"": 224}], ""Pandas"": [{""matched_phrase"": ""Pandas"", ""sentence"": ""Skills: Power BI, data cleaning, Pandas, machine learning, data analysis."", ""start_character"": 185, ""end_character"": 191}], ""Power BI"": [{""matched_phrase"": ""Power BI"", ""sentence"": ""Skills: Power BI, data cleaning, Pandas, machine learning, data analysis."", ""start_character"": 160, ""end_character"": 168}], ""dashboard development"": [{""matched_phrase"": ""interactive dashboards"", ""sentence"": ""Experience evidence: created interactive dashboards; produced reports for stakeholders; identified trends and anomalies; automated data-processing tasks; cleaned and analysed organisational datasets."", ""start_character"": 255, ""end_character"": 277}], ""machine learning"": [{""matched_phrase"": ""machine learning"", ""sentence"": ""Skills: Power BI, data cleaning, Pandas, machine learning, data analysis."", ""start_character"": 193, ""end_character"": 209}]}"
CAND038,JOB003,Cybersecurity Analyst,0,5.0,2.0,"[""Pandas"", ""Power BI"", ""dashboard development"", ""data analysis"", ""machine learning""]",[],"[""SIEM"", ""incident response"", ""network security"", ""risk assessment"", ""security monitoring"", ""vulnerability assessment""]",[],0.0,0.0,0.0,1.0,{}
CAND038,JOB004,IT Project Manager,0,5.0,3.0,"[""Pandas"", ""Power BI"", ""dashboard development"", ""data analysis"", ""machine learning""]",[],"[""Agile"", ""budget management"", ""communication"", ""project management"", ""risk management"", ""stakeholder management""]",[],0.0,0.0,0.0,1.0,{}
CAND038,JOB005,Digital Marketing Specialist,0,5.0,2.0,"[""Pandas"", ""Power BI"", ""dashboard development"", ""data analysis"", ""machine learning""]",[],"[""Google Analytics"", ""SEO"", ""campaign management"", ""content marketing"", ""digital marketing"", ""social media marketing""]",[],0.0,0.0,0.0,1.0,{}
CAND039,JOB001,Software Engineer,1,6.0,2.0,"[""Excel"", ""Pandas"", ""Tableau"", ""machine learning"", ""statistics""]",[],"[""Git"", ""JavaScript"", ""Python"", ""REST APIs"", ""SQL"", ""software testing""]",[],0.0,0.0,0.0,1.0,{}
CAND039,JOB002,Data Analyst,2,6.0,2.0,"[""Excel"", ""Pandas"", ""Tableau"", ""machine learning"", ""statistics""]","[""Excel"", ""statistics""]","[""Python"", ""SQL"", ""data analysis"", ""data visualisation""]","[""Pandas"", ""Tableau"", ""machine learning""]",0.3333333333333333,0.6,0.38666666666666666,1.0,"{""Excel"": [{""matched_phrase"": ""Excel"", ""sentence"": ""Skills: Tableau, Excel, machine learning, Pandas."", ""start_character"": 168, ""end_character"": 173}], ""statistics"": [{""matched_phrase"": ""statistical analysis"", ""sentence"": ""Experience evidence: identified trends and anomalies; performed statistical analysis."", ""start_character"": 265, ""end_character"": 285}], ""Pandas"": [{""matched_phrase"": ""Pandas"", ""sentence"": ""Skills: Tableau, Excel, machine learning, Pandas."", ""start_character"": 193, ""end_character"": 199}], ""Tableau"": [{""matched_phrase"": ""Tableau"", ""sentence"": ""Skills: Tableau, Excel, machine learning, Pandas."", ""start_character"": 159, ""end_character"": 166}], ""machine learning"": [{""matched_phrase"": ""machine learning"", ""sentence"": ""Skills: Tableau, Excel, machine learning, Pandas."", ""start_character"": 175, ""end_character"": 191}]}"
CAND039,JOB003,Cybersecurity Analyst,1,6.0,2.0,"[""Excel"", ""Pandas"", ""Tableau"", ""machine learning"", ""statistics""]",[],"[""SIEM"", ""incident response"", ""network security"", ""risk assessment"", ""security monitoring"", ""vulnerability assessment""]",[],0.0,0.0,0.0,1.0,{}
CAND039,JOB004,IT Project Manager,1,6.0,3.0,"[""Excel"", ""Pandas"", ""Tableau"", ""machine learning"", ""statistics""]",[],"[""Agile"", ""budget management"", ""communication"", ""project management"", ""risk management"", ""stakeholder management""]",[],0.0,0.0,0.0,1.0,{}
CAND039,JOB005,Digital Marketing Specialist,0,6.0,2.0,"[""Excel"", ""Pandas"", ""Tableau"", ""machine learning"", ""statistics""]",[],"[""Google Analytics"", ""SEO"", ""campaign management"", ""content marketing"", ""digital marketing"", ""social media marketing""]",[],0.0,0.0,0.0,1.0,{}
CAND040,JOB001,Software Engineer,1,6.0,2.0,"[""Excel"", ""Python"", ""Tableau"", ""dashboard development"", ""data visualisation"", ""statistics""]","[""Python""]","[""Git"", ""JavaScript"", ""REST APIs"", ""SQL"", ""software testing""]",[],0.16666666666666666,0.0,0.13333333333333333,1.0,"{""Python"": [{""matched_phrase"": ""Python"", ""sentence"": ""Skills: Tableau, Excel, Python, data visualisation."", ""start_character"": 176, ""end_character"": 182}]}"
CAND040,JOB002,Data Analyst,2,6.0,2.0,"[""Excel"", ""Python"", ""Tableau"", ""dashboard development"", ""data visualisation"", ""statistics""]","[""Excel"", ""Python"", ""data visualisation"", ""statistics""]","[""SQL"", ""data analysis""]","[""Tableau"", ""dashboard development""]",0.6666666666666666,0.4,0.6133333333333333,1.0,"{""Excel"": [{""matched_phrase"": ""Excel"", ""sentence"": ""Skills: Tableau, Excel, Python, data visualisation."", ""start_character"": 169, ""end_character"": 174}], ""Python"": [{""matched_phrase"": ""Python"", ""sentence"": ""Skills: Tableau, Excel, Python, data visualisation."", ""start_character"": 176, ""end_character"": 182}], ""data visualisation"": [{""matched_phrase"": ""data visualisation"", ""sentence"": ""Skills: Tableau, Excel, Python, data visualisation."", ""start_character"": 184, ""end_character"": 202}], ""statistics"": [{""matched_phrase"": ""statistical analysis"", ""sentence"": ""Experience evidence: produced reports for stakeholders; created interactive dashboards; identified trends and anomalies; performed statistical analysis; automated data-processing tasks."", ""start_character"": 335, ""end_character"": 355}], ""Tableau"": [{""matched_phrase"": ""Tableau"", ""sentence"": ""Skills: Tableau, Excel, Python, data visualisation."", ""start_character"": 160, ""end_character"": 167}], ""dashboard development"": [{""matched_phrase"": ""interactive dashboards"", ""sentence"": ""Experience evidence: produced reports for stakeholders; created interactive dashboards; identified trends and anomalies; performed statistical analysis; automated data-processing tasks."", ""start_character"": 268, ""end_character"": 290}]}"
CAND040,JOB003,Cybersecurity Analyst,0,6.0,2.0,"[""Excel"", ""Python"", ""Tableau"", ""dashboard development"", ""data visualisation"", ""statistics""]",[],"[""SIEM"", ""incident response"", ""network security"", ""risk assessment"", ""security monitoring"", ""vulnerability assessment""]","[""Python""]",0.0,0.16666666666666666,0.03333333333333333,1.0,"{""Python"": [{""matched_phrase"": ""Python"", ""sentence"": ""Skills: Tableau, Excel, Python, data visualisation."", ""start_character"": 176, ""end_character"": 182}]}"
CAND040,JOB004,IT Project Manager,0,6.0,3.0,"[""Excel"", ""Python"", ""Tableau"", ""dashboard development"", ""data visualisation"", ""statistics""]",[],"[""Agile"", ""budget management"", ""communication"", ""project management"", ""risk management"", ""stakeholder management""]",[],0.0,0.0,0.0,1.0,{}
CAND040,JOB005,Digital Marketing Specialist,0,6.0,2.0,"[""Excel"", ""Python"", ""Tableau"", ""dashboard development"", ""data visualisation"", ""statistics""]",[],"[""Google Analytics"", ""SEO"", ""campaign management"", ""content marketing"", ""digital marketing"", ""social media marketing""]",[],0.0,0.0,0.0,1.0,{}
CAND041,JOB001,Software Engineer,1,6.0,2.0,"[""ISO 27001"", ""NIST"", ""Python"", ""SIEM"", ""Splunk"", ""cloud security"", ""incident response"", ""network security"", ""risk assessment"", ""security monitoring"", ""vulnerability assessment""]","[""Python""]","[""Git"", ""JavaScript"", ""REST APIs"", ""SQL"", ""software testing""]",[],0.16666666666666666,0.0,0.13333333333333333,1.0,"{""Python"": [{""matched_phrase"": ""Python"", ""sentence"": ""Skills: risk assessment, Splunk, network security, ISO 27001, Python, security monitoring, firewall management, cloud security, NIST, SIEM, vulnerability assessment, incident response."", ""start_character"": 214, ""end_character"": 220}]}"
CAND041,JOB002,Data Analyst,1,6.0,2.0,"[""ISO 27001"", ""NIST"", ""Python"", ""SIEM"", ""Splunk"", ""cloud security"", ""incident response"", ""network security"", ""risk assessment"", ""security monitoring"", ""vulnerability assessment""]","[""Python""]","[""Excel"", ""SQL"", ""data analysis"", ""data visualisation"", ""statistics""]",[],0.16666666666666666,0.0,0.13333333333333333,1.0,"{""Python"": [{""matched_phrase"": ""Python"", ""sentence"": ""Skills: risk assessment, Splunk, network security, ISO 27001, Python, security monitoring, firewall management, cloud security, NIST, SIEM, vulnerability assessment, incident response."", ""start_character"": 214, ""end_character"": 220}]}"
CAND041,JOB003,Cybersecurity Analyst,3,6.0,2.0,"[""ISO 27001"", ""NIST"", ""Python"", ""SIEM"", ""Splunk"", ""cloud security"", ""incident response"", ""network security"", ""risk assessment"", ""security monitoring"", ""vulnerability assessment""]","[""SIEM"", ""incident response"", ""network security"", ""risk assessment"", ""security monitoring"", ""vulnerability assessment""]",[],"[""ISO 27001"", ""NIST"", ""Python"", ""Splunk"", ""cloud security""]",1.0,0.8333333333333334,0.9666666666666668,1.0,"{""SIEM"": [{""matched_phrase"": ""SIEM"", ""sentence"": ""Skills: risk assessment, Splunk, network security, ISO 27001, Python, security monitoring, firewall management, cloud security, NIST, SIEM, vulnerability assessment, incident response."", ""start_character"": 286, ""end_character"": 290}], ""incident response"": [{""matched_phrase"": ""incident response"", ""sentence"": ""Skills: risk assessment, Splunk, network security, ISO 27001, Python, security monitoring, firewall management, cloud security, NIST, SIEM, vulnerability assessment, incident response."", ""start_character"": 318, ""end_character"": 335}], ""network security"": [{""matched_phrase"": ""network security"", ""sentence"": ""Skills: risk assessment, Splunk, network security, ISO 27001, Python, security monitoring, firewall management, cloud security, NIST, SIEM, vulnerability assessment, incident response."", ""start_character"": 185, ""end_character"": 201}], ""risk assessment"": [{""matched_phrase"": ""risk assessment"", ""sentence"": ""Skills: risk assessment, Splunk, network security, ISO 27001, Python, security monitoring, firewall management, cloud security, NIST, SIEM, vulnerability assessment, incident response."", ""start_character"": 160, ""end_character"": 175}], ""security monitoring"": [{""matched_phrase"": ""security monitoring"", ""sentence"": ""Skills: risk assessment, Splunk, network security, ISO 27001, Python, security monitoring, firewall management, cloud security, NIST, SIEM, vulnerability assessment, incident response."", ""start_character"": 222, ""end_character"": 241}], ""vulnerability assessment"": [{""matched_phrase"": ""vulnerability assessment"", ""sentence"": ""Skills: risk assessment, Splunk, network security, ISO 27001, Python, security monitoring, firewall management, cloud security, NIST, SIEM, vulnerability assessment, incident response."", ""start_character"": 292, ""end_character"": 316}], ""ISO 27001"": [{""matched_phrase"": ""ISO 27001"", ""sentence"": ""Skills: risk assessment, Splunk, network security, ISO 27001, Python, security monitoring, firewall management, cloud security, NIST, SIEM, vulnerability assessment, incident response."", ""start_character"": 203, ""end_character"": 212}], ""NIST"": [{""matched_phrase"": ""NIST"", ""sentence"": ""Skills: risk assessment, Splunk, network security, ISO 27001, Python, security monitoring, firewall management, cloud security, NIST, SIEM, vulnerability assessment, incident response."", ""start_character"": 280, ""end_character"": 284}], ""Python"": [{""matched_phrase"": ""Python"", ""sentence"": ""Skills: risk assessment, Splunk, network security, ISO 27001, Python, security monitoring, firewall management, cloud security, NIST, SIEM, vulnerability assessment, incident response."", ""start_character"": 214, ""end_character"": 220}], ""Splunk"": [{""matched_phrase"": ""Splunk"", ""sentence"": ""Skills: risk assessment, Splunk, network security, ISO 27001, Python, security monitoring, firewall management, cloud security, NIST, SIEM, vulnerability assessment, incident response."", ""start_character"": 177, ""end_character"": 183}], ""cloud security"": [{""matched_phrase"": ""cloud security"", ""sentence"": ""Skills: risk assessment, Splunk, network security, ISO 27001, Python, security monitoring, firewall management, cloud security, NIST, SIEM, vulnerability assessment, incident response."", ""start_character"": 264, ""end_character"": 278}]}"
CAND041,JOB004,IT Project Manager,1,6.0,3.0,"[""ISO 27001"", ""NIST"", ""Python"", ""SIEM"", ""Splunk"", ""cloud security"", ""incident response"", ""network security"", ""risk assessment"", ""security monitoring"", ""vulnerability assessment""]",[],"[""Agile"", ""budget management"", ""communication"", ""project management"", ""risk management"", ""stakeholder management""]",[],0.0,0.0,0.0,1.0,{}
CAND041,JOB005,Digital Marketing Specialist,1,6.0,2.0,"[""ISO 27001"", ""NIST"", ""Python"", ""SIEM"", ""Splunk"", ""cloud security"", ""incident response"", ""network security"", ""risk assessment"", ""security monitoring"", ""vulnerability assessment""]",[],"[""Google Analytics"", ""SEO"", ""campaign management"", ""content marketing"", ""digital marketing"", ""social media marketing""]",[],0.0,0.0,0.0,1.0,{}
CAND042,JOB001,Software Engineer,1,7.0,2.0,"[""NIST"", ""SIEM"", ""Splunk"", ""incident response"", ""network security"", ""penetration testing"", ""risk assessment"", ""security monitoring"", ""vulnerability assessment""]",[],"[""Git"", ""JavaScript"", ""Python"", ""REST APIs"", ""SQL"", ""software testing""]",[],0.0,0.0,0.0,1.0,{}
CAND042,JOB002,Data Analyst,0,7.0,2.0,"[""NIST"", ""SIEM"", ""Splunk"", ""incident response"", ""network security"", ""penetration testing"", ""risk assessment"", ""security monitoring"", ""vulnerability assessment""]",[],"[""Excel"", ""Python"", ""SQL"", ""data analysis"", ""data visualisation"", ""statistics""]",[],0.0,0.0,0.0,1.0,{}
CAND042,JOB003,Cybersecurity Analyst,3,7.0,2.0,"[""NIST"", ""SIEM"", ""Splunk"", ""incident response"", ""network security"", ""penetration testing"", ""risk assessment"", ""security monitoring"", ""vulnerability assessment""]","[""SIEM"", ""incident response"", ""network security"", ""risk assessment"", ""security monitoring"", ""vulnerability assessment""]",[],"[""NIST"", ""Splunk"", ""penetration testing""]",1.0,0.5,0.9,1.0,"{""SIEM"": [{""matched_phrase"": ""SIEM"", ""sentence"": ""Skills: NIST, vulnerability assessment, Splunk, SIEM, security monitoring, incident response, firewall management, penetration testing, network security, risk assessment."", ""start_character"": 219, ""end_character"": 223}], ""incident response"": [{""matched_phrase"": ""incident response"", ""sentence"": ""Skills: NIST, vulnerability assessment, Splunk, SIEM, security monitoring, incident response, firewall management, penetration testing, network security, risk assessment."", ""start_character"": 246, ""end_character"": 263}], ""network security"": [{""matched_phrase"": ""network security"", ""sentence"": ""Skills: NIST, vulnerability assessment, Splunk, SIEM, security monitoring, incident response, firewall management, penetration testing, network security, risk assessment."", ""start_character"": 307, ""end_character"": 323}], ""risk assessment"": [{""matched_phrase"": ""risk assessment"", ""sentence"": ""Skills: NIST, vulnerability assessment, Splunk, SIEM, security monitoring, incident response, firewall management, penetration testing, network security, risk assessment."", ""start_character"": 325, ""end_character"": 340}], ""security monitoring"": [{""matched_phrase"": ""security monitoring"", ""sentence"": ""Skills: NIST, vulnerability assessment, Splunk, SIEM, security monitoring, incident response, firewall management, penetration testing, network security, risk assessment."", ""start_character"": 225, ""end_character"": 244}], ""vulnerability assessment"": [{""matched_phrase"": ""vulnerability assessment"", ""sentence"": ""Skills: NIST, vulnerability assessment, Splunk, SIEM, security monitoring, incident response, firewall management, penetration testing, network security, risk assessment."", ""start_character"": 185, ""end_character"": 209}], ""NIST"": [{""matched_phrase"": ""NIST"", ""sentence"": ""Skills: NIST, vulnerability assessment, Splunk, SIEM, security monitoring, incident response, firewall management, penetration testing, network security, risk assessment."", ""start_character"": 179, ""end_character"": 183}], ""Splunk"": [{""matched_phrase"": ""Splunk"", ""sentence"": ""Skills: NIST, vulnerability assessment, Splunk, SIEM, security monitoring, incident response, firewall management, penetration testing, network security, risk assessment."", ""start_character"": 211, ""end_character"": 217}], ""penetration testing"": [{""matched_phrase"": ""penetration testing"", ""sentence"": ""Skills: NIST, vulnerability assessment, Splunk, SIEM, security monitoring, incident response, firewall management, penetration testing, network security, risk assessment."", ""start_character"": 286, ""end_character"": 305}]}"
CAND042,JOB004,IT Project Manager,1,7.0,3.0,"[""NIST"", ""SIEM"", ""Splunk"", ""incident response"", ""network security"", ""penetration testing"", ""risk assessment"", ""security monitoring"", ""vulnerability assessment""]",[],"[""Agile"", ""budget management"", ""communication"", ""project management"", ""risk management"", ""stakeholder management""]",[],0.0,0.0,0.0,1.0,{}
CAND042,JOB005,Digital Marketing Specialist,0,7.0,2.0,"[""NIST"", ""SIEM"", ""Splunk"", ""incident response"", ""network security"", ""penetration testing"", ""risk assessment"", ""security monitoring"", ""vulnerability assessment""]",[],"[""Google Analytics"", ""SEO"", ""campaign management"", ""content marketing"", ""digital marketing"", ""social media marketing""]",[],0.0,0.0,0.0,1.0,{}
CAND043,JOB001,Software Engineer,1,3.0,2.0,"[""NIST"", ""Python"", ""SIEM"", ""Splunk"", ""cloud security"", ""network security"", ""penetration testing"", ""risk assessment"", ""security monitoring"", ""vulnerability assessment""]","[""Python""]","[""Git"", ""JavaScript"", ""REST APIs"", ""SQL"", ""software testing""]",[],0.16666666666666666,0.0,0.13333333333333333,1.0,"{""Python"": [{""matched_phrase"": ""Python"", ""sentence"": ""Skills: NIST, cloud security, Python, vulnerability assessment, risk assessment, SIEM, penetration testing, security monitoring, Splunk, network security."", ""start_character"": 193, ""end_character"": 199}]}"
CAND043,JOB002,Data Analyst,1,3.0,2.0,"[""NIST"", ""Python"", ""SIEM"", ""Splunk"", ""cloud security"", ""network security"", ""penetration testing"", ""risk assessment"", ""security monitoring"", ""vulnerability assessment""]","[""Python""]","[""Excel"", ""SQL"", ""data analysis"", ""data visualisation"", ""statistics""]",[],0.16666666666666666,0.0,0.13333333333333333,1.0,"{""Python"": [{""matched_phrase"": ""Python"", ""sentence"": ""Skills: NIST, cloud security, Python, vulnerability assessment, risk assessment, SIEM, penetration testing, security monitoring, Splunk, network security."", ""start_character"": 193, ""end_character"": 199}]}"
CAND043,JOB003,Cybersecurity Analyst,3,3.0,2.0,"[""NIST"", ""Python"", ""SIEM"", ""Splunk"", ""cloud security"", ""network security"", ""penetration testing"", ""risk assessment"", ""security monitoring"", ""vulnerability assessment""]","[""SIEM"", ""network security"", ""risk assessment"", ""security monitoring"", ""vulnerability assessment""]","[""incident response""]","[""NIST"", ""Python"", ""Splunk"", ""cloud security"", ""penetration testing""]",0.8333333333333334,0.8333333333333334,0.8333333333333335,1.0,"{""SIEM"": [{""matched_phrase"": ""SIEM"", ""sentence"": ""Skills: NIST, cloud security, Python, vulnerability assessment, risk assessment, SIEM, penetration testing, security monitoring, Splunk, network security."", ""start_character"": 244, ""end_character"": 248}], ""network security"": [{""matched_phrase"": ""network security"", ""sentence"": ""Skills: NIST, cloud security, Python, vulnerability assessment, risk assessment, SIEM, penetration testing, security monitoring, Splunk, network security."", ""start_character"": 300, ""end_character"": 316}], ""risk assessment"": [{""matched_phrase"": ""risk assessment"", ""sentence"": ""Skills: NIST, cloud security, Python, vulnerability assessment, risk assessment, SIEM, penetration testing, security monitoring, Splunk, network security."", ""start_character"": 227, ""end_character"": 242}], ""security monitoring"": [{""matched_phrase"": ""security monitoring"", ""sentence"": ""Skills: NIST, cloud security, Python, vulnerability assessment, risk assessment, SIEM, penetration testing, security monitoring, Splunk, network security."", ""start_character"": 271, ""end_character"": 290}], ""vulnerability assessment"": [{""matched_phrase"": ""vulnerability assessment"", ""sentence"": ""Skills: NIST, cloud security, Python, vulnerability assessment, risk assessment, SIEM, penetration testing, security monitoring, Splunk, network security."", ""start_character"": 201, ""end_character"": 225}], ""NIST"": [{""matched_phrase"": ""NIST"", ""sentence"": ""Skills: NIST, cloud security, Python, vulnerability assessment, risk assessment, SIEM, penetration testing, security monitoring, Splunk, network security."", ""start_character"": 171, ""end_character"": 175}], ""Python"": [{""matched_phrase"": ""Python"", ""sentence"": ""Skills: NIST, cloud security, Python, vulnerability assessment, risk assessment, SIEM, penetration testing, security monitoring, Splunk, network security."", ""start_character"": 193, ""end_character"": 199}], ""Splunk"": [{""matched_phrase"": ""Splunk"", ""sentence"": ""Skills: NIST, cloud security, Python, vulnerability assessment, risk assessment, SIEM, penetration testing, security monitoring, Splunk, network security."", ""start_character"": 292, ""end_character"": 298}], ""cloud security"": [{""matched_phrase"": ""cloud security"", ""sentence"": ""Skills: NIST, cloud security, Python, vulnerability assessment, risk assessment, SIEM, penetration testing, security monitoring, Splunk, network security."", ""start_character"": 177, ""end_character"": 191}], ""penetration testing"": [{""matched_phrase"": ""penetration testing"", ""sentence"": ""Skills: NIST, cloud security, Python, vulnerability assessment, risk assessment, SIEM, penetration testing, security monitoring, Splunk, network security."", ""start_character"": 250, ""end_character"": 269}]}"
CAND043,JOB004,IT Project Manager,0,3.0,3.0,"[""NIST"", ""Python"", ""SIEM"", ""Splunk"", ""cloud security"", ""network security"", ""penetration testing"", ""risk assessment"", ""security monitoring"", ""vulnerability assessment""]",[],"[""Agile"", ""budget management"", ""communication"", ""project management"", ""risk management"", ""stakeholder management""]",[],0.0,0.0,0.0,1.0,{}
CAND043,JOB005,Digital Marketing Specialist,0,3.0,2.0,"[""NIST"", ""Python"", ""SIEM"", ""Splunk"", ""cloud security"", ""network security"", ""penetration testing"", ""risk assessment"", ""security monitoring"", ""vulnerability assessment""]",[],"[""Google Analytics"", ""SEO"", ""campaign management"", ""content marketing"", ""digital marketing"", ""social media marketing""]",[],0.0,0.0,0.0,1.0,{}
CAND044,JOB001,Software Engineer,1,1.0,2.0,"[""ISO 27001"", ""NIST"", ""Python"", ""SIEM"", ""Splunk"", ""cloud security"", ""network security"", ""penetration testing"", ""risk assessment"", ""security monitoring"", ""vulnerability assessment""]","[""Python""]","[""Git"", ""JavaScript"", ""REST APIs"", ""SQL"", ""software testing""]",[],0.16666666666666666,0.0,0.13333333333333333,0.5,"{""Python"": [{""matched_phrase"": ""Python"", ""sentence"": ""Skills: network security, penetration testing, Splunk, risk assessment, cloud security, security monitoring, Python, vulnerability assessment, NIST, ISO 27001, firewall management, SIEM."", ""start_character"": 262, ""end_character"": 268}]}"
CAND044,JOB002,Data Analyst,1,1.0,2.0,"[""ISO 27001"", ""NIST"", ""Python"", ""SIEM"", ""Splunk"", ""cloud security"", ""network security"", ""penetration testing"", ""risk assessment"", ""security monitoring"", ""vulnerability assessment""]","[""Python""]","[""Excel"", ""SQL"", ""data analysis"", ""data visualisation"", ""statistics""]",[],0.16666666666666666,0.0,0.13333333333333333,0.5,"{""Python"": [{""matched_phrase"": ""Python"", ""sentence"": ""Skills: network security, penetration testing, Splunk, risk assessment, cloud security, security monitoring, Python, vulnerability assessment, NIST, ISO 27001, firewall management, SIEM."", ""start_character"": 262, ""end_character"": 268}]}"
CAND044,JOB003,Cybersecurity Analyst,2,1.0,2.0,"[""ISO 27001"", ""NIST"", ""Python"", ""SIEM"", ""Splunk"", ""cloud security"", ""network security"", ""penetration testing"", ""risk assessment"", ""security monitoring"", ""vulnerability assessment""]","[""SIEM"", ""network security"", ""risk assessment"", ""security monitoring"", ""vulnerability assessment""]","[""incident response""]","[""ISO 27001"", ""NIST"", ""Python"", ""Splunk"", ""cloud security"", ""penetration testing""]",0.8333333333333334,1.0,0.8666666666666667,0.5,"{""SIEM"": [{""matched_phrase"": ""SIEM"", ""sentence"": ""Skills: network security, penetration testing, Splunk, risk assessment, cloud security, security monitoring, Python, vulnerability assessment, NIST, ISO 27001, firewall management, SIEM."", ""start_character"": 334, ""end_character"": 338}], ""network security"": [{""matched_phrase"": ""network security"", ""sentence"": ""Skills: network security, penetration testing, Splunk, risk assessment, cloud security, security monitoring, Python, vulnerability assessment, NIST, ISO 27001, firewall management, SIEM."", ""start_character"": 161, ""end_character"": 177}], ""risk assessment"": [{""matched_phrase"": ""risk assessment"", ""sentence"": ""Skills: network security, penetration testing, Splunk, risk assessment, cloud security, security monitoring, Python, vulnerability assessment, NIST, ISO 27001, firewall management, SIEM."", ""start_character"": 208, ""end_character"": 223}], ""security monitoring"": [{""matched_phrase"": ""security monitoring"", ""sentence"": ""Skills: network security, penetration testing, Splunk, risk assessment, cloud security, security monitoring, Python, vulnerability assessment, NIST, ISO 27001, firewall management, SIEM."", ""start_character"": 241, ""end_character"": 260}], ""vulnerability assessment"": [{""matched_phrase"": ""vulnerability assessment"", ""sentence"": ""Skills: network security, penetration testing, Splunk, risk assessment, cloud security, security monitoring, Python, vulnerability assessment, NIST, ISO 27001, firewall management, SIEM."", ""start_character"": 270, ""end_character"": 294}], ""ISO 27001"": [{""matched_phrase"": ""ISO 27001"", ""sentence"": ""Skills: network security, penetration testing, Splunk, risk assessment, cloud security, security monitoring, Python, vulnerability assessment, NIST, ISO 27001, firewall management, SIEM."", ""start_character"": 302, ""end_character"": 311}], ""NIST"": [{""matched_phrase"": ""NIST"", ""sentence"": ""Skills: network security, penetration testing, Splunk, risk assessment, cloud security, security monitoring, Python, vulnerability assessment, NIST, ISO 27001, firewall management, SIEM."", ""start_character"": 296, ""end_character"": 300}], ""Python"": [{""matched_phrase"": ""Python"", ""sentence"": ""Skills: network security, penetration testing, Splunk, risk assessment, cloud security, security monitoring, Python, vulnerability assessment, NIST, ISO 27001, firewall management, SIEM."", ""start_character"": 262, ""end_character"": 268}], ""Splunk"": [{""matched_phrase"": ""Splunk"", ""sentence"": ""Skills: network security, penetration testing, Splunk, risk assessment, cloud security, security monitoring, Python, vulnerability assessment, NIST, ISO 27001, firewall management, SIEM."", ""start_character"": 200, ""end_character"": 206}], ""cloud security"": [{""matched_phrase"": ""cloud security"", ""sentence"": ""Skills: network security, penetration testing, Splunk, risk assessment, cloud security, security monitoring, Python, vulnerability assessment, NIST, ISO 27001, firewall management, SIEM."", ""start_character"": 225, ""end_character"": 239}], ""penetration testing"": [{""matched_phrase"": ""penetration testing"", ""sentence"": ""Skills: network security, penetration testing, Splunk, risk assessment, cloud security, security monitoring, Python, vulnerability assessment, NIST, ISO 27001, firewall management, SIEM."", ""start_character"": 179, ""end_character"": 198}]}"
CAND044,JOB004,IT Project Manager,0,1.0,3.0,"[""ISO 27001"", ""NIST"", ""Python"", ""SIEM"", ""Splunk"", ""cloud security"", ""network security"", ""penetration testing"", ""risk assessment"", ""security monitoring"", ""vulnerability assessment""]",[],"[""Agile"", ""budget management"", ""communication"", ""project management"", ""risk management"", ""stakeholder management""]",[],0.0,0.0,0.0,0.3333333333333333,{}
CAND044,JOB005,Digital Marketing Specialist,0,1.0,2.0,"[""ISO 27001"", ""NIST"", ""Python"", ""SIEM"", ""Splunk"", ""cloud security"", ""network security"", ""penetration testing"", ""risk assessment"", ""security monitoring"", ""vulnerability assessment""]",[],"[""Google Analytics"", ""SEO"", ""campaign management"", ""content marketing"", ""digital marketing"", ""social media marketing""]",[],0.0,0.0,0.0,0.5,{}
CAND045,JOB001,Software Engineer,1,7.0,2.0,"[""NIST"", ""Python"", ""Splunk"", ""cloud security"", ""incident response"", ""network security"", ""penetration testing"", ""risk assessment"", ""security monitoring"", ""vulnerability assessment""]","[""Python""]","[""Git"", ""JavaScript"", ""REST APIs"", ""SQL"", ""software testing""]",[],0.16666666666666666,0.0,0.13333333333333333,1.0,"{""Python"": [{""matched_phrase"": ""Python"", ""sentence"": ""Skills: firewall management, Splunk, NIST, Python, penetration testing, security monitoring, network security, vulnerability assessment, incident response, risk assessment, cloud security."", ""start_character"": 215, ""end_character"": 221}]}"
CAND045,JOB002,Data Analyst,1,7.0,2.0,"[""NIST"", ""Python"", ""Splunk"", ""cloud security"", ""incident response"", ""network security"", ""penetration testing"", ""risk assessment"", ""security monitoring"", ""vulnerability assessment""]","[""Python""]","[""Excel"", ""SQL"", ""data analysis"", ""data visualisation"", ""statistics""]",[],0.16666666666666666,0.0,0.13333333333333333,1.0,"{""Python"": [{""matched_phrase"": ""Python"", ""sentence"": ""Skills: firewall management, Splunk, NIST, Python, penetration testing, security monitoring, network security, vulnerability assessment, incident response, risk assessment, cloud security."", ""start_character"": 215, ""end_character"": 221}]}"
CAND045,JOB003,Cybersecurity Analyst,3,7.0,2.0,"[""NIST"", ""Python"", ""Splunk"", ""cloud security"", ""incident response"", ""network security"", ""penetration testing"", ""risk assessment"", ""security monitoring"", ""vulnerability assessment""]","[""incident response"", ""network security"", ""risk assessment"", ""security monitoring"", ""vulnerability assessment""]","[""SIEM""]","[""NIST"", ""Python"", ""Splunk"", ""cloud security"", ""penetration testing""]",0.8333333333333334,0.8333333333333334,0.8333333333333335,1.0,"{""incident response"": [{""matched_phrase"": ""incident response"", ""sentence"": ""Skills: firewall management, Splunk, NIST, Python, penetration testing, security monitoring, network security, vulnerability assessment, incident response, risk assessment, cloud security."", ""start_character"": 309, ""end_character"": 326}], ""network security"": [{""matched_phrase"": ""network security"", ""sentence"": ""Skills: firewall management, Splunk, NIST, Python, penetration testing, security monitoring, network security, vulnerability assessment, incident response, risk assessment, cloud security."", ""start_character"": 265, ""end_character"": 281}], ""risk assessment"": [{""matched_phrase"": ""risk assessment"", ""sentence"": ""Skills: firewall management, Splunk, NIST, Python, penetration testing, security monitoring, network security, vulnerability assessment, incident response, risk assessment, cloud security."", ""start_character"": 328, ""end_character"": 343}], ""security monitoring"": [{""matched_phrase"": ""security monitoring"", ""sentence"": ""Skills: firewall management, Splunk, NIST, Python, penetration testing, security monitoring, network security, vulnerability assessment, incident response, risk assessment, cloud security."", ""start_character"": 244, ""end_character"": 263}], ""vulnerability assessment"": [{""matched_phrase"": ""vulnerability assessment"", ""sentence"": ""Skills: firewall management, Splunk, NIST, Python, penetration testing, security monitoring, network security, vulnerability assessment, incident response, risk assessment, cloud security."", ""start_character"": 283, ""end_character"": 307}], ""NIST"": [{""matched_phrase"": ""NIST"", ""sentence"": ""Skills: firewall management, Splunk, NIST, Python, penetration testing, security monitoring, network security, vulnerability assessment, incident response, risk assessment, cloud security."", ""start_character"": 209, ""end_character"": 213}], ""Python"": [{""matched_phrase"": ""Python"", ""sentence"": ""Skills: firewall management, Splunk, NIST, Python, penetration testing, security monitoring, network security, vulnerability assessment, incident response, risk assessment, cloud security."", ""start_character"": 215, ""end_character"": 221}], ""Splunk"": [{""matched_phrase"": ""Splunk"", ""sentence"": ""Skills: firewall management, Splunk, NIST, Python, penetration testing, security monitoring, network security, vulnerability assessment, incident response, risk assessment, cloud security."", ""start_character"": 201, ""end_character"": 207}], ""cloud security"": [{""matched_phrase"": ""cloud security"", ""sentence"": ""Skills: firewall management, Splunk, NIST, Python, penetration testing, security monitoring, network security, vulnerability assessment, incident response, risk assessment, cloud security."", ""start_character"": 345, ""end_character"": 359}], ""penetration testing"": [{""matched_phrase"": ""penetration testing"", ""sentence"": ""Skills: firewall management, Splunk, NIST, Python, penetration testing, security monitoring, network security, vulnerability assessment, incident response, risk assessment, cloud security."", ""start_character"": 223, ""end_character"": 242}]}"
CAND045,JOB004,IT Project Manager,0,7.0,3.0,"[""NIST"", ""Python"", ""Splunk"", ""cloud security"", ""incident response"", ""network security"", ""penetration testing"", ""risk assessment"", ""security monitoring"", ""vulnerability assessment""]",[],"[""Agile"", ""budget management"", ""communication"", ""project management"", ""risk management"", ""stakeholder management""]",[],0.0,0.0,0.0,1.0,{}
CAND045,JOB005,Digital Marketing Specialist,0,7.0,2.0,"[""NIST"", ""Python"", ""Splunk"", ""cloud security"", ""incident response"", ""network security"", ""penetration testing"", ""risk assessment"", ""security monitoring"", ""vulnerability assessment""]",[],"[""Google Analytics"", ""SEO"", ""campaign management"", ""content marketing"", ""digital marketing"", ""social media marketing""]",[],0.0,0.0,0.0,1.0,{}
CAND046,JOB001,Software Engineer,1,4.0,2.0,"[""ISO 27001"", ""Splunk"", ""cloud security"", ""penetration testing"", ""risk assessment"", ""vulnerability assessment""]",[],"[""Git"", ""JavaScript"", ""Python"", ""REST APIs"", ""SQL"", ""software testing""]",[],0.0,0.0,0.0,1.0,{}
CAND046,JOB002,Data Analyst,1,4.0,2.0,"[""ISO 27001"", ""Splunk"", ""cloud security"", ""penetration testing"", ""risk assessment"", ""vulnerability assessment""]",[],"[""Excel"", ""Python"", ""SQL"", ""data analysis"", ""data visualisation"", ""statistics""]",[],0.0,0.0,0.0,1.0,{}
CAND046,JOB003,Cybersecurity Analyst,2,4.0,2.0,"[""ISO 27001"", ""Splunk"", ""cloud security"", ""penetration testing"", ""risk assessment"", ""vulnerability assessment""]","[""risk assessment"", ""vulnerability assessment""]","[""SIEM"", ""incident response"", ""network security"", ""security monitoring""]","[""ISO 27001"", ""Splunk"", ""cloud security"", ""penetration testing""]",0.3333333333333333,0.6666666666666666,0.4,1.0,"{""risk assessment"": [{""matched_phrase"": ""risk assessment"", ""sentence"": ""Skills: ISO 27001, vulnerability assessment, risk assessment, cloud security, penetration testing, Splunk."", ""start_character"": 205, ""end_character"": 220}], ""vulnerability assessment"": [{""matched_phrase"": ""vulnerability assessment"", ""sentence"": ""Skills: ISO 27001, vulnerability assessment, risk assessment, cloud security, penetration testing, Splunk."", ""start_character"": 179, ""end_character"": 203}], ""ISO 27001"": [{""matched_phrase"": ""ISO 27001"", ""sentence"": ""Skills: ISO 27001, vulnerability assessment, risk assessment, cloud security, penetration testing, Splunk."", ""start_character"": 168, ""end_character"": 177}], ""Splunk"": [{""matched_phrase"": ""Splunk"", ""sentence"": ""Skills: ISO 27001, vulnerability assessment, risk assessment, cloud security, penetration testing, Splunk."", ""start_character"": 259, ""end_character"": 265}], ""cloud security"": [{""matched_phrase"": ""cloud security"", ""sentence"": ""Skills: ISO 27001, vulnerability assessment, risk assessment, cloud security, penetration testing, Splunk."", ""start_character"": 222, ""end_character"": 236}], ""penetration testing"": [{""matched_phrase"": ""penetration testing"", ""sentence"": ""Skills: ISO 27001, vulnerability assessment, risk assessment, cloud security, penetration testing, Splunk."", ""start_character"": 238, ""end_character"": 257}]}"
CAND046,JOB004,IT Project Manager,1,4.0,3.0,"[""ISO 27001"", ""Splunk"", ""cloud security"", ""penetration testing"", ""risk assessment"", ""vulnerability assessment""]",[],"[""Agile"", ""budget management"", ""communication"", ""project management"", ""risk management"", ""stakeholder management""]",[],0.0,0.0,0.0,1.0,{}
CAND046,JOB005,Digital Marketing Specialist,0,4.0,2.0,"[""ISO 27001"", ""Splunk"", ""cloud security"", ""penetration testing"", ""risk assessment"", ""vulnerability assessment""]",[],"[""Google Analytics"", ""SEO"", ""campaign management"", ""content marketing"", ""digital marketing"", ""social media marketing""]",[],0.0,0.0,0.0,1.0,{}
CAND047,JOB001,Software Engineer,1,1.0,2.0,"[""NIST"", ""SIEM"", ""Splunk"", ""cloud security"", ""penetration testing"", ""security monitoring"", ""vulnerability assessment""]",[],"[""Git"", ""JavaScript"", ""Python"", ""REST APIs"", ""SQL"", ""software testing""]",[],0.0,0.0,0.0,0.5,{}
CAND047,JOB002,Data Analyst,1,1.0,2.0,"[""NIST"", ""SIEM"", ""Splunk"", ""cloud security"", ""penetration testing"", ""security monitoring"", ""vulnerability assessment""]",[],"[""Excel"", ""Python"", ""SQL"", ""data analysis"", ""data visualisation"", ""statistics""]",[],0.0,0.0,0.0,0.5,{}
CAND047,JOB003,Cybersecurity Analyst,2,1.0,2.0,"[""NIST"", ""SIEM"", ""Splunk"", ""cloud security"", ""penetration testing"", ""security monitoring"", ""vulnerability assessment""]","[""SIEM"", ""security monitoring"", ""vulnerability assessment""]","[""incident response"", ""network security"", ""risk assessment""]","[""NIST"", ""Splunk"", ""cloud security"", ""penetration testing""]",0.5,0.6666666666666666,0.5333333333333333,0.5,"{""SIEM"": [{""matched_phrase"": ""SIEM"", ""sentence"": ""Skills: vulnerability assessment, penetration testing, firewall management, SIEM, security monitoring, Splunk, NIST, cloud security."", ""start_character"": 239, ""end_character"": 243}], ""security monitoring"": [{""matched_phrase"": ""security monitoring"", ""sentence"": ""Skills: vulnerability assessment, penetration testing, firewall management, SIEM, security monitoring, Splunk, NIST, cloud security."", ""start_character"": 245, ""end_character"": 264}], ""vulnerability assessment"": [{""matched_phrase"": ""vulnerability assessment"", ""sentence"": ""Skills: vulnerability assessment, penetration testing, firewall management, SIEM, security monitoring, Splunk, NIST, cloud security."", ""start_character"": 171, ""end_character"": 195}], ""NIST"": [{""matched_phrase"": ""NIST"", ""sentence"": ""Skills: vulnerability assessment, penetration testing, firewall management, SIEM, security monitoring, Splunk, NIST, cloud security."", ""start_character"": 274, ""end_character"": 278}], ""Splunk"": [{""matched_phrase"": ""Splunk"", ""sentence"": ""Skills: vulnerability assessment, penetration testing, firewall management, SIEM, security monitoring, Splunk, NIST, cloud security."", ""start_character"": 266, ""end_character"": 272}], ""cloud security"": [{""matched_phrase"": ""cloud security"", ""sentence"": ""Skills: vulnerability assessment, penetration testing, firewall management, SIEM, security monitoring, Splunk, NIST, cloud security."", ""start_character"": 280, ""end_character"": 294}], ""penetration testing"": [{""matched_phrase"": ""penetration testing"", ""sentence"": ""Skills: vulnerability assessment, penetration testing, firewall management, SIEM, security monitoring, Splunk, NIST, cloud security."", ""start_character"": 197, ""end_character"": 216}]}"
CAND047,JOB004,IT Project Manager,0,1.0,3.0,"[""NIST"", ""SIEM"", ""Splunk"", ""cloud security"", ""penetration testing"", ""security monitoring"", ""vulnerability assessment""]",[],"[""Agile"", ""budget management"", ""communication"", ""project management"", ""risk management"", ""stakeholder management""]",[],0.0,0.0,0.0,0.3333333333333333,{}
CAND047,JOB005,Digital Marketing Specialist,0,1.0,2.0,"[""NIST"", ""SIEM"", ""Splunk"", ""cloud security"", ""penetration testing"", ""security monitoring"", ""vulnerability assessment""]",[],"[""Google Analytics"", ""SEO"", ""campaign management"", ""content marketing"", ""digital marketing"", ""social media marketing""]",[],0.0,0.0,0.0,0.5,{}
CAND048,JOB001,Software Engineer,1,4.0,2.0,"[""ISO 27001"", ""cloud security"", ""incident response"", ""penetration testing"", ""risk assessment"", ""security monitoring"", ""vulnerability assessment""]",[],"[""Git"", ""JavaScript"", ""Python"", ""REST APIs"", ""SQL"", ""software testing""]",[],0.0,0.0,0.0,1.0,{}
CAND048,JOB002,Data Analyst,0,4.0,2.0,"[""ISO 27001"", ""cloud security"", ""incident response"", ""penetration testing"", ""risk assessment"", ""security monitoring"", ""vulnerability assessment""]",[],"[""Excel"", ""Python"", ""SQL"", ""data analysis"", ""data visualisation"", ""statistics""]",[],0.0,0.0,0.0,1.0,{}
CAND048,JOB003,Cybersecurity Analyst,3,4.0,2.0,"[""ISO 27001"", ""cloud security"", ""incident response"", ""penetration testing"", ""risk assessment"", ""security monitoring"", ""vulnerability assessment""]","[""incident response"", ""risk assessment"", ""security monitoring"", ""vulnerability assessment""]","[""SIEM"", ""network security""]","[""ISO 27001"", ""cloud security"", ""penetration testing""]",0.6666666666666666,0.5,0.6333333333333333,1.0,"{""incident response"": [{""matched_phrase"": ""incident response"", ""sentence"": ""Skills: vulnerability assessment, risk assessment, firewall management, security monitoring, cloud security, incident response, ISO 27001, penetration testing."", ""start_character"": 267, ""end_character"": 284}], ""risk assessment"": [{""matched_phrase"": ""risk assessment"", ""sentence"": ""Skills: vulnerability assessment, risk assessment, firewall management, security monitoring, cloud security, incident response, ISO 27001, penetration testing."", ""start_character"": 192, ""end_character"": 207}], ""security monitoring"": [{""matched_phrase"": ""security monitoring"", ""sentence"": ""Skills: vulnerability assessment, risk assessment, firewall management, security monitoring, cloud security, incident response, ISO 27001, penetration testing."", ""start_character"": 230, ""end_character"": 249}], ""vulnerability assessment"": [{""matched_phrase"": ""vulnerability assessment"", ""sentence"": ""Skills: vulnerability assessment, risk assessment, firewall management, security monitoring, cloud security, incident response, ISO 27001, penetration testing."", ""start_character"": 166, ""end_character"": 190}], ""ISO 27001"": [{""matched_phrase"": ""ISO 27001"", ""sentence"": ""Skills: vulnerability assessment, risk assessment, firewall management, security monitoring, cloud security, incident response, ISO 27001, penetration testing."", ""start_character"": 286, ""end_character"": 295}], ""cloud security"": [{""matched_phrase"": ""cloud security"", ""sentence"": ""Skills: vulnerability assessment, risk assessment, firewall management, security monitoring, cloud security, incident response, ISO 27001, penetration testing."", ""start_character"": 251, ""end_character"": 265}], ""penetration testing"": [{""matched_phrase"": ""penetration testing"", ""sentence"": ""Skills: vulnerability assessment, risk assessment, firewall management, security monitoring, cloud security, incident response, ISO 27001, penetration testing."", ""start_character"": 297, ""end_character"": 316}]}"
CAND048,JOB004,IT Project Manager,1,4.0,3.0,"[""ISO 27001"", ""cloud security"", ""incident response"", ""penetration testing"", ""risk assessment"", ""security monitoring"", ""vulnerability assessment""]",[],"[""Agile"", ""budget management"", ""communication"", ""project management"", ""risk management"", ""stakeholder management""]",[],0.0,0.0,0.0,1.0,{}
CAND048,JOB005,Digital Marketing Specialist,1,4.0,2.0,"[""ISO 27001"", ""cloud security"", ""incident response"", ""penetration testing"", ""risk assessment"", ""security monitoring"", ""vulnerability assessment""]",[],"[""Google Analytics"", ""SEO"", ""campaign management"", ""content marketing"", ""digital marketing"", ""social media marketing""]",[],0.0,0.0,0.0,1.0,{}
CAND049,JOB001,Software Engineer,0,5.0,2.0,"[""ISO 27001"", ""SIEM"", ""Splunk"", ""cloud security"", ""incident response"", ""network security""]",[],"[""Git"", ""JavaScript"", ""Python"", ""REST APIs"", ""SQL"", ""software testing""]",[],0.0,0.0,0.0,1.0,{}
CAND049,JOB002,Data Analyst,0,5.0,2.0,"[""ISO 27001"", ""SIEM"", ""Splunk"", ""cloud security"", ""incident response"", ""network security""]",[],"[""Excel"", ""Python"", ""SQL"", ""data analysis"", ""data visualisation"", ""statistics""]",[],0.0,0.0,0.0,1.0,{}
CAND049,JOB003,Cybersecurity Analyst,2,5.0,2.0,"[""ISO 27001"", ""SIEM"", ""Splunk"", ""cloud security"", ""incident response"", ""network security""]","[""SIEM"", ""incident response"", ""network security""]","[""risk assessment"", ""security monitoring"", ""vulnerability assessment""]","[""ISO 27001"", ""Splunk"", ""cloud security""]",0.5,0.5,0.5,1.0,"{""SIEM"": [{""matched_phrase"": ""SIEM"", ""sentence"": ""Skills: SIEM, network security, ISO 27001, incident response, firewall management, cloud security, Splunk."", ""start_character"": 171, ""end_character"": 175}], ""incident response"": [{""matched_phrase"": ""incident response"", ""sentence"": ""Skills: SIEM, network security, ISO 27001, incident response, firewall management, cloud security, Splunk."", ""start_character"": 206, ""end_character"": 223}], ""network security"": [{""matched_phrase"": ""network security"", ""sentence"": ""Skills: SIEM, network security, ISO 27001, incident response, firewall management, cloud security, Splunk."", ""start_character"": 177, ""end_character"": 193}], ""ISO 27001"": [{""matched_phrase"": ""ISO 27001"", ""sentence"": ""Skills: SIEM, network security, ISO 27001, incident response, firewall management, cloud security, Splunk."", ""start_character"": 195, ""end_character"": 204}], ""Splunk"": [{""matched_phrase"": ""Splunk"", ""sentence"": ""Skills: SIEM, network security, ISO 27001, incident response, firewall management, cloud security, Splunk."", ""start_character"": 262, ""end_character"": 268}], ""cloud security"": [{""matched_phrase"": ""cloud security"", ""sentence"": ""Skills: SIEM, network security, ISO 27001, incident response, firewall management, cloud security, Splunk."", ""start_character"": 246, ""end_character"": 260}]}"
CAND049,JOB004,IT Project Manager,0,5.0,3.0,"[""ISO 27001"", ""SIEM"", ""Splunk"", ""cloud security"", ""incident response"", ""network security""]",[],"[""Agile"", ""budget management"", ""communication"", ""project management"", ""risk management"", ""stakeholder management""]",[],0.0,0.0,0.0,1.0,{}
CAND049,JOB005,Digital Marketing Specialist,0,5.0,2.0,"[""ISO 27001"", ""SIEM"", ""Splunk"", ""cloud security"", ""incident response"", ""network security""]",[],"[""Google Analytics"", ""SEO"", ""campaign management"", ""content marketing"", ""digital marketing"", ""social media marketing""]",[],0.0,0.0,0.0,1.0,{}
CAND050,JOB001,Software Engineer,1,4.0,2.0,"[""ISO 27001"", ""SIEM"", ""Splunk"", ""incident response"", ""network security"", ""penetration testing"", ""security monitoring"", ""vulnerability assessment""]",[],"[""Git"", ""JavaScript"", ""Python"", ""REST APIs"", ""SQL"", ""software testing""]",[],0.0,0.0,0.0,1.0,{}
CAND050,JOB002,Data Analyst,0,4.0,2.0,"[""ISO 27001"", ""SIEM"", ""Splunk"", ""incident response"", ""network security"", ""penetration testing"", ""security monitoring"", ""vulnerability assessment""]",[],"[""Excel"", ""Python"", ""SQL"", ""data analysis"", ""data visualisation"", ""statistics""]",[],0.0,0.0,0.0,1.0,{}
CAND050,JOB003,Cybersecurity Analyst,3,4.0,2.0,"[""ISO 27001"", ""SIEM"", ""Splunk"", ""incident response"", ""network security"", ""penetration testing"", ""security monitoring"", ""vulnerability assessment""]","[""SIEM"", ""incident response"", ""network security"", ""security monitoring"", ""vulnerability assessment""]","[""risk assessment""]","[""ISO 27001"", ""Splunk"", ""penetration testing""]",0.8333333333333334,0.5,0.7666666666666667,1.0,"{""SIEM"": [{""matched_phrase"": ""SIEM"", ""sentence"": ""Skills: Splunk, firewall management, security monitoring, incident response, network security, SIEM, penetration testing, vulnerability assessment, ISO 27001."", ""start_character"": 258, ""end_character"": 262}], ""incident response"": [{""matched_phrase"": ""incident response"", ""sentence"": ""Skills: Splunk, firewall management, security monitoring, incident response, network security, SIEM, penetration testing, vulnerability assessment, ISO 27001."", ""start_character"": 221, ""end_character"": 238}], ""network security"": [{""matched_phrase"": ""network security"", ""sentence"": ""Skills: Splunk, firewall management, security monitoring, incident response, network security, SIEM, penetration testing, vulnerability assessment, ISO 27001."", ""start_character"": 240, ""end_character"": 256}], ""security monitoring"": [{""matched_phrase"": ""security monitoring"", ""sentence"": ""Skills: Splunk, firewall management, security monitoring, incident response, network security, SIEM, penetration testing, vulnerability assessment, ISO 27001."", ""start_character"": 200, ""end_character"": 219}], ""vulnerability assessment"": [{""matched_phrase"": ""vulnerability assessment"", ""sentence"": ""Skills: Splunk, firewall management, security monitoring, incident response, network security, SIEM, penetration testing, vulnerability assessment, ISO 27001."", ""start_character"": 285, ""end_character"": 309}], ""ISO 27001"": [{""matched_phrase"": ""ISO 27001"", ""sentence"": ""Skills: Splunk, firewall management, security monitoring, incident response, network security, SIEM, penetration testing, vulnerability assessment, ISO 27001."", ""start_character"": 311, ""end_character"": 320}], ""Splunk"": [{""matched_phrase"": ""Splunk"", ""sentence"": ""Skills: Splunk, firewall management, security monitoring, incident response, network security, SIEM, penetration testing, vulnerability assessment, ISO 27001."", ""start_character"": 171, ""end_character"": 177}], ""penetration testing"": [{""matched_phrase"": ""penetration testing"", ""sentence"": ""Skills: Splunk, firewall management, security monitoring, incident response, network security, SIEM, penetration testing, vulnerability assessment, ISO 27001."", ""start_character"": 264, ""end_character"": 283}]}"
CAND050,JOB004,IT Project Manager,0,4.0,3.0,"[""ISO 27001"", ""SIEM"", ""Splunk"", ""incident response"", ""network security"", ""penetration testing"", ""security monitoring"", ""vulnerability assessment""]",[],"[""Agile"", ""budget management"", ""communication"", ""project management"", ""risk management"", ""stakeholder management""]",[],0.0,0.0,0.0,1.0,{}
CAND050,JOB005,Digital Marketing Specialist,0,4.0,2.0,"[""ISO 27001"", ""SIEM"", ""Splunk"", ""incident response"", ""network security"", ""penetration testing"", ""security monitoring"", ""vulnerability assessment""]",[],"[""Google Analytics"", ""SEO"", ""campaign management"", ""content marketing"", ""digital marketing"", ""social media marketing""]",[],0.0,0.0,0.0,1.0,{}
CAND051,JOB001,Software Engineer,1,0.0,2.0,"[""NIST"", ""Python"", ""SIEM"", ""cloud security"", ""incident response"", ""risk assessment"", ""vulnerability assessment""]","[""Python""]","[""Git"", ""JavaScript"", ""REST APIs"", ""SQL"", ""software testing""]",[],0.16666666666666666,0.0,0.13333333333333333,0.0,"{""Python"": [{""matched_phrase"": ""Python"", ""sentence"": ""Skills: incident response, NIST, SIEM, risk assessment, vulnerability assessment, cloud security, Python."", ""start_character"": 269, ""end_character"": 275}]}"
CAND051,JOB002,Data Analyst,1,0.0,2.0,"[""NIST"", ""Python"", ""SIEM"", ""cloud security"", ""incident response"", ""risk assessment"", ""vulnerability assessment""]","[""Python""]","[""Excel"", ""SQL"", ""data analysis"", ""data visualisation"", ""statistics""]",[],0.16666666666666666,0.0,0.13333333333333333,0.0,"{""Python"": [{""matched_phrase"": ""Python"", ""sentence"": ""Skills: incident response, NIST, SIEM, risk assessment, vulnerability assessment, cloud security, Python."", ""start_character"": 269, ""end_character"": 275}]}"
CAND051,JOB003,Cybersecurity Analyst,2,0.0,2.0,"[""NIST"", ""Python"", ""SIEM"", ""cloud security"", ""incident response"", ""risk assessment"", ""vulnerability assessment""]","[""SIEM"", ""incident response"", ""risk assessment"", ""vulnerability assessment""]","[""network security"", ""security monitoring""]","[""NIST"", ""Python"", ""cloud security""]",0.6666666666666666,0.5,0.6333333333333333,0.0,"{""SIEM"": [{""matched_phrase"": ""SIEM"", ""sentence"": ""Skills: incident response, NIST, SIEM, risk assessment, vulnerability assessment, cloud security, Python."", ""start_character"": 204, ""end_character"": 208}], ""incident response"": [{""matched_phrase"": ""incident response"", ""sentence"": ""Skills: incident response, NIST, SIEM, risk assessment, vulnerability assessment, cloud security, Python."", ""start_character"": 179, ""end_character"": 196}], ""risk assessment"": [{""matched_phrase"": ""risk assessment"", ""sentence"": ""Skills: incident response, NIST, SIEM, risk assessment, vulnerability assessment, cloud security, Python."", ""start_character"": 210, ""end_character"": 225}], ""vulnerability assessment"": [{""matched_phrase"": ""vulnerability assessment"", ""sentence"": ""Skills: incident response, NIST, SIEM, risk assessment, vulnerability assessment, cloud security, Python."", ""start_character"": 227, ""end_character"": 251}], ""NIST"": [{""matched_phrase"": ""NIST"", ""sentence"": ""Skills: incident response, NIST, SIEM, risk assessment, vulnerability assessment, cloud security, Python."", ""start_character"": 198, ""end_character"": 202}], ""Python"": [{""matched_phrase"": ""Python"", ""sentence"": ""Skills: incident response, NIST, SIEM, risk assessment, vulnerability assessment, cloud security, Python."", ""start_character"": 269, ""end_character"": 275}], ""cloud security"": [{""matched_phrase"": ""cloud security"", ""sentence"": ""Skills: incident response, NIST, SIEM, risk assessment, vulnerability assessment, cloud security, Python."", ""start_character"": 253, ""end_character"": 267}]}"
CAND051,JOB004,IT Project Manager,1,0.0,3.0,"[""NIST"", ""Python"", ""SIEM"", ""cloud security"", ""incident response"", ""risk assessment"", ""vulnerability assessment""]",[],"[""Agile"", ""budget management"", ""communication"", ""project management"", ""risk management"", ""stakeholder management""]",[],0.0,0.0,0.0,0.0,{}
CAND051,JOB005,Digital Marketing Specialist,0,0.0,2.0,"[""NIST"", ""Python"", ""SIEM"", ""cloud security"", ""incident response"", ""risk assessment"", ""vulnerability assessment""]",[],"[""Google Analytics"", ""SEO"", ""campaign management"", ""content marketing"", ""digital marketing"", ""social media marketing""]",[],0.0,0.0,0.0,0.0,{}
CAND052,JOB001,Software Engineer,0,4.0,2.0,"[""ISO 27001"", ""NIST"", ""SIEM"", ""cloud security"", ""incident response"", ""network security"", ""risk assessment"", ""security monitoring"", ""vulnerability assessment""]",[],"[""Git"", ""JavaScript"", ""Python"", ""REST APIs"", ""SQL"", ""software testing""]",[],0.0,0.0,0.0,1.0,{}
CAND052,JOB002,Data Analyst,0,4.0,2.0,"[""ISO 27001"", ""NIST"", ""SIEM"", ""cloud security"", ""incident response"", ""network security"", ""risk assessment"", ""security monitoring"", ""vulnerability assessment""]",[],"[""Excel"", ""Python"", ""SQL"", ""data analysis"", ""data visualisation"", ""statistics""]",[],0.0,0.0,0.0,1.0,{}
CAND052,JOB003,Cybersecurity Analyst,3,4.0,2.0,"[""ISO 27001"", ""NIST"", ""SIEM"", ""cloud security"", ""incident response"", ""network security"", ""risk assessment"", ""security monitoring"", ""vulnerability assessment""]","[""SIEM"", ""incident response"", ""network security"", ""risk assessment"", ""security monitoring"", ""vulnerability assessment""]",[],"[""ISO 27001"", ""NIST"", ""cloud security""]",1.0,0.5,0.9,1.0,"{""SIEM"": [{""matched_phrase"": ""SIEM"", ""sentence"": ""Skills: SIEM, NIST, cloud security, network security, risk assessment, vulnerability assessment, security monitoring, ISO 27001, incident response."", ""start_character"": 174, ""end_character"": 178}], ""incident response"": [{""matched_phrase"": ""incident response"", ""sentence"": ""Skills: SIEM, NIST, cloud security, network security, risk assessment, vulnerability assessment, security monitoring, ISO 27001, incident response."", ""start_character"": 295, ""end_character"": 312}], ""network security"": [{""matched_phrase"": ""network security"", ""sentence"": ""Skills: SIEM, NIST, cloud security, network security, risk assessment, vulnerability assessment, security monitoring, ISO 27001, incident response."", ""start_character"": 202, ""end_character"": 218}], ""risk assessment"": [{""matched_phrase"": ""risk assessment"", ""sentence"": ""Skills: SIEM, NIST, cloud security, network security, risk assessment, vulnerability assessment, security monitoring, ISO 27001, incident response."", ""start_character"": 220, ""end_character"": 235}], ""security monitoring"": [{""matched_phrase"": ""security monitoring"", ""sentence"": ""Skills: SIEM, NIST, cloud security, network security, risk assessment, vulnerability assessment, security monitoring, ISO 27001, incident response."", ""start_character"": 263, ""end_character"": 282}], ""vulnerability assessment"": [{""matched_phrase"": ""vulnerability assessment"", ""sentence"": ""Skills: SIEM, NIST, cloud security, network security, risk assessment, vulnerability assessment, security monitoring, ISO 27001, incident response."", ""start_character"": 237, ""end_character"": 261}], ""ISO 27001"": [{""matched_phrase"": ""ISO 27001"", ""sentence"": ""Skills: SIEM, NIST, cloud security, network security, risk assessment, vulnerability assessment, security monitoring, ISO 27001, incident response."", ""start_character"": 284, ""end_character"": 293}], ""NIST"": [{""matched_phrase"": ""NIST"", ""sentence"": ""Skills: SIEM, NIST, cloud security, network security, risk assessment, vulnerability assessment, security monitoring, ISO 27001, incident response."", ""start_character"": 180, ""end_character"": 184}], ""cloud security"": [{""matched_phrase"": ""cloud security"", ""sentence"": ""Skills: SIEM, NIST, cloud security, network security, risk assessment, vulnerability assessment, security monitoring, ISO 27001, incident response."", ""start_character"": 186, ""end_character"": 200}]}"
CAND052,JOB004,IT Project Manager,0,4.0,3.0,"[""ISO 27001"", ""NIST"", ""SIEM"", ""cloud security"", ""incident response"", ""network security"", ""risk assessment"", ""security monitoring"", ""vulnerability assessment""]",[],"[""Agile"", ""budget management"", ""communication"", ""project management"", ""risk management"", ""stakeholder management""]",[],0.0,0.0,0.0,1.0,{}
CAND052,JOB005,Digital Marketing Specialist,0,4.0,2.0,"[""ISO 27001"", ""NIST"", ""SIEM"", ""cloud security"", ""incident response"", ""network security"", ""risk assessment"", ""security monitoring"", ""vulnerability assessment""]",[],"[""Google Analytics"", ""SEO"", ""campaign management"", ""content marketing"", ""digital marketing"", ""social media marketing""]",[],0.0,0.0,0.0,1.0,{}
CAND053,JOB001,Software Engineer,1,1.0,2.0,"[""NIST"", ""Splunk"", ""network security"", ""penetration testing""]",[],"[""Git"", ""JavaScript"", ""Python"", ""REST APIs"", ""SQL"", ""software testing""]",[],0.0,0.0,0.0,0.5,{}
CAND053,JOB002,Data Analyst,1,1.0,2.0,"[""NIST"", ""Splunk"", ""network security"", ""penetration testing""]",[],"[""Excel"", ""Python"", ""SQL"", ""data analysis"", ""data visualisation"", ""statistics""]",[],0.0,0.0,0.0,0.5,{}
CAND053,JOB003,Cybersecurity Analyst,2,1.0,2.0,"[""NIST"", ""Splunk"", ""network security"", ""penetration testing""]","[""network security""]","[""SIEM"", ""incident response"", ""risk assessment"", ""security monitoring"", ""vulnerability assessment""]","[""NIST"", ""Splunk"", ""penetration testing""]",0.16666666666666666,0.5,0.23333333333333334,0.5,"{""network security"": [{""matched_phrase"": ""network security"", ""sentence"": ""Skills: network security, penetration testing, Splunk, NIST."", ""start_character"": 168, ""end_character"": 184}], ""NIST"": [{""matched_phrase"": ""NIST"", ""sentence"": ""Skills: network security, penetration testing, Splunk, NIST."", ""start_character"": 215, ""end_character"": 219}], ""Splunk"": [{""matched_phrase"": ""Splunk"", ""sentence"": ""Skills: network security, penetration testing, Splunk, NIST."", ""start_character"": 207, ""end_character"": 213}], ""penetration testing"": [{""matched_phrase"": ""penetration testing"", ""sentence"": ""Skills: network security, penetration testing, Splunk, NIST."", ""start_character"": 186, ""end_character"": 205}]}"
CAND053,JOB004,IT Project Manager,1,1.0,3.0,"[""NIST"", ""Splunk"", ""network security"", ""penetration testing""]",[],"[""Agile"", ""budget management"", ""communication"", ""project management"", ""risk management"", ""stakeholder management""]",[],0.0,0.0,0.0,0.3333333333333333,{}
CAND053,JOB005,Digital Marketing Specialist,0,1.0,2.0,"[""NIST"", ""Splunk"", ""network security"", ""penetration testing""]",[],"[""Google Analytics"", ""SEO"", ""campaign management"", ""content marketing"", ""digital marketing"", ""social media marketing""]",[],0.0,0.0,0.0,0.5,{}
CAND054,JOB001,Software Engineer,1,3.0,2.0,"[""NIST"", ""Python"", ""penetration testing"", ""vulnerability assessment""]","[""Python""]","[""Git"", ""JavaScript"", ""REST APIs"", ""SQL"", ""software testing""]",[],0.16666666666666666,0.0,0.13333333333333333,1.0,"{""Python"": [{""matched_phrase"": ""Python"", ""sentence"": ""Skills: firewall management, Python, NIST, vulnerability assessment, penetration testing."", ""start_character"": 185, ""end_character"": 191}]}"
CAND054,JOB002,Data Analyst,1,3.0,2.0,"[""NIST"", ""Python"", ""penetration testing"", ""vulnerability assessment""]","[""Python""]","[""Excel"", ""SQL"", ""data analysis"", ""data visualisation"", ""statistics""]",[],0.16666666666666666,0.0,0.13333333333333333,1.0,"{""Python"": [{""matched_phrase"": ""Python"", ""sentence"": ""Skills: firewall management, Python, NIST, vulnerability assessment, penetration testing."", ""start_character"": 185, ""end_character"": 191}]}"
CAND054,JOB003,Cybersecurity Analyst,2,3.0,2.0,"[""NIST"", ""Python"", ""penetration testing"", ""vulnerability assessment""]","[""vulnerability assessment""]","[""SIEM"", ""incident response"", ""network security"", ""risk assessment"", ""security monitoring""]","[""NIST"", ""Python"", ""penetration testing""]",0.16666666666666666,0.5,0.23333333333333334,1.0,"{""vulnerability assessment"": [{""matched_phrase"": ""vulnerability assessment"", ""sentence"": ""Skills: firewall management, Python, NIST, vulnerability assessment, penetration testing."", ""start_character"": 199, ""end_character"": 223}], ""NIST"": [{""matched_phrase"": ""NIST"", ""sentence"": ""Skills: firewall management, Python, NIST, vulnerability assessment, penetration testing."", ""start_character"": 193, ""end_character"": 197}], ""Python"": [{""matched_phrase"": ""Python"", ""sentence"": ""Skills: firewall management, Python, NIST, vulnerability assessment, penetration testing."", ""start_character"": 185, ""end_character"": 191}], ""penetration testing"": [{""matched_phrase"": ""penetration testing"", ""sentence"": ""Skills: firewall management, Python, NIST, vulnerability assessment, penetration testing."", ""start_character"": 225, ""end_character"": 244}]}"
CAND054,JOB004,IT Project Manager,0,3.0,3.0,"[""NIST"", ""Python"", ""penetration testing"", ""vulnerability assessment""]",[],"[""Agile"", ""budget management"", ""communication"", ""project management"", ""risk management"", ""stakeholder management""]",[],0.0,0.0,0.0,1.0,{}
CAND054,JOB005,Digital Marketing Specialist,0,3.0,2.0,"[""NIST"", ""Python"", ""penetration testing"", ""vulnerability assessment""]",[],"[""Google Analytics"", ""SEO"", ""campaign management"", ""content marketing"", ""digital marketing"", ""social media marketing""]",[],0.0,0.0,0.0,1.0,{}
CAND055,JOB001,Software Engineer,1,2.0,2.0,"[""SIEM"", ""incident response"", ""network security""]",[],"[""Git"", ""JavaScript"", ""Python"", ""REST APIs"", ""SQL"", ""software testing""]",[],0.0,0.0,0.0,1.0,{}
CAND055,JOB002,Data Analyst,0,2.0,2.0,"[""SIEM"", ""incident response"", ""network security""]",[],"[""Excel"", ""Python"", ""SQL"", ""data analysis"", ""data visualisation"", ""statistics""]",[],0.0,0.0,0.0,1.0,{}
CAND055,JOB003,Cybersecurity Analyst,2,2.0,2.0,"[""SIEM"", ""incident response"", ""network security""]","[""SIEM"", ""incident response"", ""network security""]","[""risk assessment"", ""security monitoring"", ""vulnerability assessment""]",[],0.5,0.0,0.4,1.0,"{""SIEM"": [{""matched_phrase"": ""SIEM"", ""sentence"": ""Skills: network security, incident response, SIEM."", ""start_character"": 215, ""end_character"": 219}], ""incident response"": [{""matched_phrase"": ""incident response"", ""sentence"": ""Skills: network security, incident response, SIEM."", ""start_character"": 196, ""end_character"": 213}], ""network security"": [{""matched_phrase"": ""network security"", ""sentence"": ""Skills: network security, incident response, SIEM."", ""start_character"": 178, ""end_character"": 194}]}"
CAND055,JOB004,IT Project Manager,1,2.0,3.0,"[""SIEM"", ""incident response"", ""network security""]",[],"[""Agile"", ""budget management"", ""communication"", ""project management"", ""risk management"", ""stakeholder management""]",[],0.0,0.0,0.0,0.6666666666666666,{}
CAND055,JOB005,Digital Marketing Specialist,0,2.0,2.0,"[""SIEM"", ""incident response"", ""network security""]",[],"[""Google Analytics"", ""SEO"", ""campaign management"", ""content marketing"", ""digital marketing"", ""social media marketing""]",[],0.0,0.0,0.0,1.0,{}
CAND056,JOB001,Software Engineer,1,4.0,2.0,"[""NIST"", ""Splunk"", ""network security"", ""penetration testing"", ""risk assessment"", ""security monitoring""]",[],"[""Git"", ""JavaScript"", ""Python"", ""REST APIs"", ""SQL"", ""software testing""]",[],0.0,0.0,0.0,1.0,{}
CAND056,JOB002,Data Analyst,1,4.0,2.0,"[""NIST"", ""Splunk"", ""network security"", ""penetration testing"", ""risk assessment"", ""security monitoring""]",[],"[""Excel"", ""Python"", ""SQL"", ""data analysis"", ""data visualisation"", ""statistics""]",[],0.0,0.0,0.0,1.0,{}
CAND056,JOB003,Cybersecurity Analyst,2,4.0,2.0,"[""NIST"", ""Splunk"", ""network security"", ""penetration testing"", ""risk assessment"", ""security monitoring""]","[""network security"", ""risk assessment"", ""security monitoring""]","[""SIEM"", ""incident response"", ""vulnerability assessment""]","[""NIST"", ""Splunk"", ""penetration testing""]",0.5,0.5,0.5,1.0,"{""network security"": [{""matched_phrase"": ""network security"", ""sentence"": ""Skills: Splunk, risk assessment, NIST, network security, penetration testing, security monitoring."", ""start_character"": 192, ""end_character"": 208}], ""risk assessment"": [{""matched_phrase"": ""risk assessment"", ""sentence"": ""Skills: Splunk, risk assessment, NIST, network security, penetration testing, security monitoring."", ""start_character"": 169, ""end_character"": 184}], ""security monitoring"": [{""matched_phrase"": ""security monitoring"", ""sentence"": ""Skills: Splunk, risk assessment, NIST, network security, penetration testing, security monitoring."", ""start_character"": 231, ""end_character"": 250}], ""NIST"": [{""matched_phrase"": ""NIST"", ""sentence"": ""Skills: Splunk, risk assessment, NIST, network security, penetration testing, security monitoring."", ""start_character"": 186, ""end_character"": 190}], ""Splunk"": [{""matched_phrase"": ""Splunk"", ""sentence"": ""Skills: Splunk, risk assessment, NIST, network security, penetration testing, security monitoring."", ""start_character"": 161, ""end_character"": 167}], ""penetration testing"": [{""matched_phrase"": ""penetration testing"", ""sentence"": ""Skills: Splunk, risk assessment, NIST, network security, penetration testing, security monitoring."", ""start_character"": 210, ""end_character"": 229}]}"
CAND056,JOB004,IT Project Manager,0,4.0,3.0,"[""NIST"", ""Splunk"", ""network security"", ""penetration testing"", ""risk assessment"", ""security monitoring""]",[],"[""Agile"", ""budget management"", ""communication"", ""project management"", ""risk management"", ""stakeholder management""]",[],0.0,0.0,0.0,1.0,{}
CAND056,JOB005,Digital Marketing Specialist,0,4.0,2.0,"[""NIST"", ""Splunk"", ""network security"", ""penetration testing"", ""risk assessment"", ""security monitoring""]",[],"[""Google Analytics"", ""SEO"", ""campaign management"", ""content marketing"", ""digital marketing"", ""social media marketing""]",[],0.0,0.0,0.0,1.0,{}
CAND057,JOB001,Software Engineer,1,0.0,2.0,"[""ISO 27001"", ""Python"", ""Splunk""]","[""Python""]","[""Git"", ""JavaScript"", ""REST APIs"", ""SQL"", ""software testing""]",[],0.16666666666666666,0.0,0.13333333333333333,0.0,"{""Python"": [{""matched_phrase"": ""Python"", ""sentence"": ""Skills: Splunk, ISO 27001, Python, firewall management."", ""start_character"": 187, ""end_character"": 193}]}"
CAND057,JOB002,Data Analyst,1,0.0,2.0,"[""ISO 27001"", ""Python"", ""Splunk""]","[""Python""]","[""Excel"", ""SQL"", ""data analysis"", ""data visualisation"", ""statistics""]",[],0.16666666666666666,0.0,0.13333333333333333,0.0,"{""Python"": [{""matched_phrase"": ""Python"", ""sentence"": ""Skills: Splunk, ISO 27001, Python, firewall management."", ""start_character"": 187, ""end_character"": 193}]}"
CAND057,JOB003,Cybersecurity Analyst,1,0.0,2.0,"[""ISO 27001"", ""Python"", ""Splunk""]",[],"[""SIEM"", ""incident response"", ""network security"", ""risk assessment"", ""security monitoring"", ""vulnerability assessment""]","[""ISO 27001"", ""Python"", ""Splunk""]",0.0,0.5,0.1,0.0,"{""ISO 27001"": [{""matched_phrase"": ""ISO 27001"", ""sentence"": ""Skills: Splunk, ISO 27001, Python, firewall management."", ""start_character"": 176, ""end_character"": 185}], ""Python"": [{""matched_phrase"": ""Python"", ""sentence"": ""Skills: Splunk, ISO 27001, Python, firewall management."", ""start_character"": 187, ""end_character"": 193}], ""Splunk"": [{""matched_phrase"": ""Splunk"", ""sentence"": ""Skills: Splunk, ISO 27001, Python, firewall management."", ""start_character"": 168, ""end_character"": 174}]}"
CAND057,JOB004,IT Project Manager,1,0.0,3.0,"[""ISO 27001"", ""Python"", ""Splunk""]",[],"[""Agile"", ""budget management"", ""communication"", ""project management"", ""risk management"", ""stakeholder management""]",[],0.0,0.0,0.0,0.0,{}
CAND057,JOB005,Digital Marketing Specialist,0,0.0,2.0,"[""ISO 27001"", ""Python"", ""Splunk""]",[],"[""Google Analytics"", ""SEO"", ""campaign management"", ""content marketing"", ""digital marketing"", ""social media marketing""]",[],0.0,0.0,0.0,0.0,{}
CAND058,JOB001,Software Engineer,1,7.0,2.0,"[""cloud security"", ""incident response"", ""penetration testing"", ""risk assessment"", ""security monitoring""]",[],"[""Git"", ""JavaScript"", ""Python"", ""REST APIs"", ""SQL"", ""software testing""]",[],0.0,0.0,0.0,1.0,{}
CAND058,JOB002,Data Analyst,0,7.0,2.0,"[""cloud security"", ""incident response"", ""penetration testing"", ""risk assessment"", ""security monitoring""]",[],"[""Excel"", ""Python"", ""SQL"", ""data analysis"", ""data visualisation"", ""statistics""]",[],0.0,0.0,0.0,1.0,{}
CAND058,JOB003,Cybersecurity Analyst,2,7.0,2.0,"[""cloud security"", ""incident response"", ""penetration testing"", ""risk assessment"", ""security monitoring""]","[""incident response"", ""risk assessment"", ""security monitoring""]","[""SIEM"", ""network security"", ""vulnerability assessment""]","[""cloud security"", ""penetration testing""]",0.5,0.3333333333333333,0.4666666666666667,1.0,"{""incident response"": [{""matched_phrase"": ""incident response"", ""sentence"": ""Skills: penetration testing, security monitoring, cloud security, risk assessment, incident response."", ""start_character"": 256, ""end_character"": 273}], ""risk assessment"": [{""matched_phrase"": ""risk assessment"", ""sentence"": ""Skills: penetration testing, security monitoring, cloud security, risk assessment, incident response."", ""start_character"": 239, ""end_character"": 254}], ""security monitoring"": [{""matched_phrase"": ""security monitoring"", ""sentence"": ""Skills: penetration testing, security monitoring, cloud security, risk assessment, incident response."", ""start_character"": 202, ""end_character"": 221}], ""cloud security"": [{""matched_phrase"": ""cloud security"", ""sentence"": ""Skills: penetration testing, security monitoring, cloud security, risk assessment, incident response."", ""start_character"": 223, ""end_character"": 237}], ""penetration testing"": [{""matched_phrase"": ""penetration testing"", ""sentence"": ""Skills: penetration testing, security monitoring, cloud security, risk assessment, incident response."", ""start_character"": 181, ""end_character"": 200}]}"
CAND058,JOB004,IT Project Manager,0,7.0,3.0,"[""cloud security"", ""incident response"", ""penetration testing"", ""risk assessment"", ""security monitoring""]",[],"[""Agile"", ""budget management"", ""communication"", ""project management"", ""risk management"", ""stakeholder management""]",[],0.0,0.0,0.0,1.0,{}
CAND058,JOB005,Digital Marketing Specialist,0,7.0,2.0,"[""cloud security"", ""incident response"", ""penetration testing"", ""risk assessment"", ""security monitoring""]",[],"[""Google Analytics"", ""SEO"", ""campaign management"", ""content marketing"", ""digital marketing"", ""social media marketing""]",[],0.0,0.0,0.0,1.0,{}
CAND059,JOB001,Software Engineer,1,0.0,2.0,"[""SIEM"", ""cloud security"", ""penetration testing"", ""risk assessment"", ""security monitoring""]",[],"[""Git"", ""JavaScript"", ""Python"", ""REST APIs"", ""SQL"", ""software testing""]",[],0.0,0.0,0.0,0.0,{}
CAND059,JOB002,Data Analyst,0,0.0,2.0,"[""SIEM"", ""cloud security"", ""penetration testing"", ""risk assessment"", ""security monitoring""]",[],"[""Excel"", ""Python"", ""SQL"", ""data analysis"", ""data visualisation"", ""statistics""]",[],0.0,0.0,0.0,0.0,{}
CAND059,JOB003,Cybersecurity Analyst,2,0.0,2.0,"[""SIEM"", ""cloud security"", ""penetration testing"", ""risk assessment"", ""security monitoring""]","[""SIEM"", ""risk assessment"", ""security monitoring""]","[""incident response"", ""network security"", ""vulnerability assessment""]","[""cloud security"", ""penetration testing""]",0.5,0.3333333333333333,0.4666666666666667,0.0,"{""SIEM"": [{""matched_phrase"": ""SIEM"", ""sentence"": ""Skills: risk assessment, security monitoring, SIEM, cloud security, firewall management, penetration testing."", ""start_character"": 217, ""end_character"": 221}], ""risk assessment"": [{""matched_phrase"": ""risk assessment"", ""sentence"": ""Skills: risk assessment, security monitoring, SIEM, cloud security, firewall management, penetration testing."", ""start_character"": 179, ""end_character"": 194}], ""security monitoring"": [{""matched_phrase"": ""security monitoring"", ""sentence"": ""Skills: risk assessment, security monitoring, SIEM, cloud security, firewall management, penetration testing."", ""start_character"": 196, ""end_character"": 215}], ""cloud security"": [{""matched_phrase"": ""cloud security"", ""sentence"": ""Skills: risk assessment, security monitoring, SIEM, cloud security, firewall management, penetration testing."", ""start_character"": 223, ""end_character"": 237}], ""penetration testing"": [{""matched_phrase"": ""penetration testing"", ""sentence"": ""Skills: risk assessment, security monitoring, SIEM, cloud security, firewall management, penetration testing."", ""start_character"": 260, ""end_character"": 279}]}"
CAND059,JOB004,IT Project Manager,1,0.0,3.0,"[""SIEM"", ""cloud security"", ""penetration testing"", ""risk assessment"", ""security monitoring""]",[],"[""Agile"", ""budget management"", ""communication"", ""project management"", ""risk management"", ""stakeholder management""]",[],0.0,0.0,0.0,0.0,{}
CAND059,JOB005,Digital Marketing Specialist,0,0.0,2.0,"[""SIEM"", ""cloud security"", ""penetration testing"", ""risk assessment"", ""security monitoring""]",[],"[""Google Analytics"", ""SEO"", ""campaign management"", ""content marketing"", ""digital marketing"", ""social media marketing""]",[],0.0,0.0,0.0,0.0,{}
CAND060,JOB001,Software Engineer,1,0.0,2.0,"[""ISO 27001"", ""NIST"", ""Splunk"", ""security monitoring""]",[],"[""Git"", ""JavaScript"", ""Python"", ""REST APIs"", ""SQL"", ""software testing""]",[],0.0,0.0,0.0,0.0,{}
CAND060,JOB002,Data Analyst,0,0.0,2.0,"[""ISO 27001"", ""NIST"", ""Splunk"", ""security monitoring""]",[],"[""Excel"", ""Python"", ""SQL"", ""data analysis"", ""data visualisation"", ""statistics""]",[],0.0,0.0,0.0,0.0,{}
CAND060,JOB003,Cybersecurity Analyst,1,0.0,2.0,"[""ISO 27001"", ""NIST"", ""Splunk"", ""security monitoring""]","[""security monitoring""]","[""SIEM"", ""incident response"", ""network security"", ""risk assessment"", ""vulnerability assessment""]","[""ISO 27001"", ""NIST"", ""Splunk""]",0.16666666666666666,0.5,0.23333333333333334,0.0,"{""security monitoring"": [{""matched_phrase"": ""security monitoring"", ""sentence"": ""Skills: ISO 27001, security monitoring, NIST, Splunk."", ""start_character"": 189, ""end_character"": 208}], ""ISO 27001"": [{""matched_phrase"": ""ISO 27001"", ""sentence"": ""Skills: ISO 27001, security monitoring, NIST, Splunk."", ""start_character"": 178, ""end_character"": 187}], ""NIST"": [{""matched_phrase"": ""NIST"", ""sentence"": ""Skills: ISO 27001, security monitoring, NIST, Splunk."", ""start_character"": 210, ""end_character"": 214}], ""Splunk"": [{""matched_phrase"": ""Splunk"", ""sentence"": ""Skills: ISO 27001, security monitoring, NIST, Splunk."", ""start_character"": 216, ""end_character"": 222}]}"
CAND060,JOB004,IT Project Manager,1,0.0,3.0,"[""ISO 27001"", ""NIST"", ""Splunk"", ""security monitoring""]",[],"[""Agile"", ""budget management"", ""communication"", ""project management"", ""risk management"", ""stakeholder management""]",[],0.0,0.0,0.0,0.0,{}
CAND060,JOB005,Digital Marketing Specialist,0,0.0,2.0,"[""ISO 27001"", ""NIST"", ""Splunk"", ""security monitoring""]",[],"[""Google Analytics"", ""SEO"", ""campaign management"", ""content marketing"", ""digital marketing"", ""social media marketing""]",[],0.0,0.0,0.0,0.0,{}
CAND061,JOB001,Software Engineer,1,7.0,2.0,"[""Agile"", ""Jira"", ""PRINCE2"", ""budget management"", ""communication"", ""leadership"", ""project management"", ""resource planning"", ""risk management""]",[],"[""Git"", ""JavaScript"", ""Python"", ""REST APIs"", ""SQL"", ""software testing""]","[""Agile""]",0.0,0.2,0.04000000000000001,1.0,"{""Agile"": [{""matched_phrase"": ""Agile"", ""sentence"": ""Skills: project management, resource planning, leadership, budget management, risk management, Jira, Agile, project scheduling, PRINCE2, communication."", ""start_character"": 269, ""end_character"": 274}]}"
CAND061,JOB002,Data Analyst,0,7.0,2.0,"[""Agile"", ""Jira"", ""PRINCE2"", ""budget management"", ""communication"", ""leadership"", ""project management"", ""resource planning"", ""risk management""]",[],"[""Excel"", ""Python"", ""SQL"", ""data analysis"", ""data visualisation"", ""statistics""]",[],0.0,0.0,0.0,1.0,{}
CAND061,JOB003,Cybersecurity Analyst,1,7.0,2.0,"[""Agile"", ""Jira"", ""PRINCE2"", ""budget management"", ""communication"", ""leadership"", ""project management"", ""resource planning"", ""risk management""]",[],"[""SIEM"", ""incident response"", ""network security"", ""risk assessment"", ""security monitoring"", ""vulnerability assessment""]",[],0.0,0.0,0.0,1.0,{}
CAND061,JOB004,IT Project Manager,3,7.0,3.0,"[""Agile"", ""Jira"", ""PRINCE2"", ""budget management"", ""communication"", ""leadership"", ""project management"", ""resource planning"", ""risk management""]","[""Agile"", ""budget management"", ""communication"", ""project management"", ""risk management""]","[""stakeholder management""]","[""Jira"", ""PRINCE2"", ""leadership"", ""resource planning""]",0.8333333333333334,0.8,0.8266666666666668,1.0,"{""Agile"": [{""matched_phrase"": ""Agile"", ""sentence"": ""Skills: project management, resource planning, leadership, budget management, risk management, Jira, Agile, project scheduling, PRINCE2, communication."", ""start_character"": 269, ""end_character"": 274}], ""budget management"": [{""matched_phrase"": ""budget management"", ""sentence"": ""Skills: project management, resource planning, leadership, budget management, risk management, Jira, Agile, project scheduling, PRINCE2, communication."", ""start_character"": 227, ""end_character"": 244}], ""communication"": [{""matched_phrase"": ""communication"", ""sentence"": ""Skills: project management, resource planning, leadership, budget management, risk management, Jira, Agile, project scheduling, PRINCE2, communication."", ""start_character"": 305, ""end_character"": 318}], ""project management"": [{""matched_phrase"": ""project management"", ""sentence"": ""Skills: project management, resource planning, leadership, budget management, risk management, Jira, Agile, project scheduling, PRINCE2, communication."", ""start_character"": 176, ""end_character"": 194}], ""risk management"": [{""matched_phrase"": ""risk management"", ""sentence"": ""Skills: project management, resource planning, leadership, budget management, risk management, Jira, Agile, project scheduling, PRINCE2, communication."", ""start_character"": 246, ""end_character"": 261}], ""Jira"": [{""matched_phrase"": ""Jira"", ""sentence"": ""Skills: project management, resource planning, leadership, budget management, risk management, Jira, Agile, project scheduling, PRINCE2, communication."", ""start_character"": 263, ""end_character"": 267}], ""PRINCE2"": [{""matched_phrase"": ""PRINCE2"", ""sentence"": ""Skills: project management, resource planning, leadership, budget management, risk management, Jira, Agile, project scheduling, PRINCE2, communication."", ""start_character"": 296, ""end_character"": 303}], ""leadership"": [{""matched_phrase"": ""leadership"", ""sentence"": ""Skills: project management, resource planning, leadership, budget management, risk management, Jira, Agile, project scheduling, PRINCE2, communication."", ""start_character"": 215, ""end_character"": 225}], ""resource planning"": [{""matched_phrase"": ""resource planning"", ""sentence"": ""Skills: project management, resource planning, leadership, budget management, risk management, Jira, Agile, project scheduling, PRINCE2, communication."", ""start_character"": 196, ""end_character"": 213}]}"
CAND061,JOB005,Digital Marketing Specialist,0,7.0,2.0,"[""Agile"", ""Jira"", ""PRINCE2"", ""budget management"", ""communication"", ""leadership"", ""project management"", ""resource planning"", ""risk management""]",[],"[""Google Analytics"", ""SEO"", ""campaign management"", ""content marketing"", ""digital marketing"", ""social media marketing""]",[],0.0,0.0,0.0,1.0,{}
CAND062,JOB001,Software Engineer,1,4.0,2.0,"[""Agile"", ""Jira"", ""PRINCE2"", ""Scrum"", ""budget management"", ""communication"", ""leadership"", ""project management"", ""resource planning"", ""risk management"", ""stakeholder management""]",[],"[""Git"", ""JavaScript"", ""Python"", ""REST APIs"", ""SQL"", ""software testing""]","[""Agile""]",0.0,0.2,0.04000000000000001,1.0,"{""Agile"": [{""matched_phrase"": ""Agile"", ""sentence"": ""Skills: Scrum, Jira, resource planning, budget management, leadership, Agile, stakeholder management, PRINCE2, communication, risk management, project management, project scheduling."", ""start_character"": 224, ""end_character"": 229}]}"
CAND062,JOB002,Data Analyst,1,4.0,2.0,"[""Agile"", ""Jira"", ""PRINCE2"", ""Scrum"", ""budget management"", ""communication"", ""leadership"", ""project management"", ""resource planning"", ""risk management"", ""stakeholder management""]",[],"[""Excel"", ""Python"", ""SQL"", ""data analysis"", ""data visualisation"", ""statistics""]",[],0.0,0.0,0.0,1.0,{}
CAND062,JOB003,Cybersecurity Analyst,0,4.0,2.0,"[""Agile"", ""Jira"", ""PRINCE2"", ""Scrum"", ""budget management"", ""communication"", ""leadership"", ""project management"", ""resource planning"", ""risk management"", ""stakeholder management""]",[],"[""SIEM"", ""incident response"", ""network security"", ""risk assessment"", ""security monitoring"", ""vulnerability assessment""]",[],0.0,0.0,0.0,1.0,{}
CAND062,JOB004,IT Project Manager,3,4.0,3.0,"[""Agile"", ""Jira"", ""PRINCE2"", ""Scrum"", ""budget management"", ""communication"", ""leadership"", ""project management"", ""resource planning"", ""risk management"", ""stakeholder management""]","[""Agile"", ""budget management"", ""communication"", ""project management"", ""risk management"", ""stakeholder management""]",[],"[""Jira"", ""PRINCE2"", ""Scrum"", ""leadership"", ""resource planning""]",1.0,1.0,1.0,1.0,"{""Agile"": [{""matched_phrase"": ""Agile"", ""sentence"": ""Skills: Scrum, Jira, resource planning, budget management, leadership, Agile, stakeholder management, PRINCE2, communication, risk management, project management, project scheduling."", ""start_character"": 224, ""end_character"": 229}], ""budget management"": [{""matched_phrase"": ""budget management"", ""sentence"": ""Skills: Scrum, Jira, resource planning, budget management, leadership, Agile, stakeholder management, PRINCE2, communication, risk management, project management, project scheduling."", ""start_character"": 193, ""end_character"": 210}], ""communication"": [{""matched_phrase"": ""communication"", ""sentence"": ""Skills: Scrum, Jira, resource planning, budget management, leadership, Agile, stakeholder management, PRINCE2, communication, risk management, project management, project scheduling."", ""start_character"": 264, ""end_character"": 277}], ""project management"": [{""matched_phrase"": ""project management"", ""sentence"": ""Skills: Scrum, Jira, resource planning, budget management, leadership, Agile, stakeholder management, PRINCE2, communication, risk management, project management, project scheduling."", ""start_character"": 296, ""end_character"": 314}], ""risk management"": [{""matched_phrase"": ""risk management"", ""sentence"": ""Skills: Scrum, Jira, resource planning, budget management, leadership, Agile, stakeholder management, PRINCE2, communication, risk management, project management, project scheduling."", ""start_character"": 279, ""end_character"": 294}], ""stakeholder management"": [{""matched_phrase"": ""stakeholder management"", ""sentence"": ""Skills: Scrum, Jira, resource planning, budget management, leadership, Agile, stakeholder management, PRINCE2, communication, risk management, project management, project scheduling."", ""start_character"": 231, ""end_character"": 253}], ""Jira"": [{""matched_phrase"": ""Jira"", ""sentence"": ""Skills: Scrum, Jira, resource planning, budget management, leadership, Agile, stakeholder management, PRINCE2, communication, risk management, project management, project scheduling."", ""start_character"": 168, ""end_character"": 172}], ""PRINCE2"": [{""matched_phrase"": ""PRINCE2"", ""sentence"": ""Skills: Scrum, Jira, resource planning, budget management, leadership, Agile, stakeholder management, PRINCE2, communication, risk management, project management, project scheduling."", ""start_character"": 255, ""end_character"": 262}], ""Scrum"": [{""matched_phrase"": ""Scrum"", ""sentence"": ""Skills: Scrum, Jira, resource planning, budget management, leadership, Agile, stakeholder management, PRINCE2, communication, risk management, project management, project scheduling."", ""start_character"": 161, ""end_character"": 166}], ""leadership"": [{""matched_phrase"": ""leadership"", ""sentence"": ""Skills: Scrum, Jira, resource planning, budget management, leadership, Agile, stakeholder management, PRINCE2, communication, risk management, project management, project scheduling."", ""start_character"": 212, ""end_character"": 222}], ""resource planning"": [{""matched_phrase"": ""resource planning"", ""sentence"": ""Skills: Scrum, Jira, resource planning, budget management, leadership, Agile, stakeholder management, PRINCE2, communication, risk management, project management, project scheduling."", ""start_character"": 174, ""end_character"": 191}]}"
CAND062,JOB005,Digital Marketing Specialist,0,4.0,2.0,"[""Agile"", ""Jira"", ""PRINCE2"", ""Scrum"", ""budget management"", ""communication"", ""leadership"", ""project management"", ""resource planning"", ""risk management"", ""stakeholder management""]",[],"[""Google Analytics"", ""SEO"", ""campaign management"", ""content marketing"", ""digital marketing"", ""social media marketing""]",[],0.0,0.0,0.0,1.0,{}
CAND063,JOB001,Software Engineer,1,7.0,2.0,"[""Agile"", ""Jira"", ""PRINCE2"", ""Scrum"", ""budget management"", ""communication"", ""leadership"", ""project management"", ""resource planning"", ""stakeholder management""]",[],"[""Git"", ""JavaScript"", ""Python"", ""REST APIs"", ""SQL"", ""software testing""]","[""Agile""]",0.0,0.2,0.04000000000000001,1.0,"{""Agile"": [{""matched_phrase"": ""Agile"", ""sentence"": ""Skills: Jira, PRINCE2, project scheduling, communication, resource planning, Agile, Scrum, budget management, leadership, stakeholder management, project management."", ""start_character"": 234, ""end_character"": 239}]}"
CAND063,JOB002,Data Analyst,1,7.0,2.0,"[""Agile"", ""Jira"", ""PRINCE2"", ""Scrum"", ""budget management"", ""communication"", ""leadership"", ""project management"", ""resource planning"", ""stakeholder management""]",[],"[""Excel"", ""Python"", ""SQL"", ""data analysis"", ""data visualisation"", ""statistics""]",[],0.0,0.0,0.0,1.0,{}
CAND063,JOB003,Cybersecurity Analyst,1,7.0,2.0,"[""Agile"", ""Jira"", ""PRINCE2"", ""Scrum"", ""budget management"", ""communication"", ""leadership"", ""project management"", ""resource planning"", ""stakeholder management""]",[],"[""SIEM"", ""incident response"", ""network security"", ""risk assessment"", ""security monitoring"", ""vulnerability assessment""]",[],0.0,0.0,0.0,1.0,{}
CAND063,JOB004,IT Project Manager,3,7.0,3.0,"[""Agile"", ""Jira"", ""PRINCE2"", ""Scrum"", ""budget management"", ""communication"", ""leadership"", ""project management"", ""resource planning"", ""stakeholder management""]","[""Agile"", ""budget management"", ""communication"", ""project management"", ""stakeholder management""]","[""risk management""]","[""Jira"", ""PRINCE2"", ""Scrum"", ""leadership"", ""resource planning""]",0.8333333333333334,1.0,0.8666666666666667,1.0,"{""Agile"": [{""matched_phrase"": ""Agile"", ""sentence"": ""Skills: Jira, PRINCE2, project scheduling, communication, resource planning, Agile, Scrum, budget management, leadership, stakeholder management, project management."", ""start_character"": 234, ""end_character"": 239}], ""budget management"": [{""matched_phrase"": ""budget management"", ""sentence"": ""Skills: Jira, PRINCE2, project scheduling, communication, resource planning, Agile, Scrum, budget management, leadership, stakeholder management, project management."", ""start_character"": 248, ""end_character"": 265}], ""communication"": [{""matched_phrase"": ""communication"", ""sentence"": ""Skills: Jira, PRINCE2, project scheduling, communication, resource planning, Agile, Scrum, budget management, leadership, stakeholder management, project management."", ""start_character"": 200, ""end_character"": 213}], ""project management"": [{""matched_phrase"": ""project management"", ""sentence"": ""Skills: Jira, PRINCE2, project scheduling, communication, resource planning, Agile, Scrum, budget management, leadership, stakeholder management, project management."", ""start_character"": 303, ""end_character"": 321}], ""stakeholder management"": [{""matched_phrase"": ""stakeholder management"", ""sentence"": ""Skills: Jira, PRINCE2, project scheduling, communication, resource planning, Agile, Scrum, budget management, leadership, stakeholder management, project management."", ""start_character"": 279, ""end_character"": 301}], ""Jira"": [{""matched_phrase"": ""Jira"", ""sentence"": ""Skills: Jira, PRINCE2, project scheduling, communication, resource planning, Agile, Scrum, budget management, leadership, stakeholder management, project management."", ""start_character"": 165, ""end_character"": 169}], ""PRINCE2"": [{""matched_phrase"": ""PRINCE2"", ""sentence"": ""Skills: Jira, PRINCE2, project scheduling, communication, resource planning, Agile, Scrum, budget management, leadership, stakeholder management, project management."", ""start_character"": 171, ""end_character"": 178}], ""Scrum"": [{""matched_phrase"": ""Scrum"", ""sentence"": ""Skills: Jira, PRINCE2, project scheduling, communication, resource planning, Agile, Scrum, budget management, leadership, stakeholder management, project management."", ""start_character"": 241, ""end_character"": 246}], ""leadership"": [{""matched_phrase"": ""leadership"", ""sentence"": ""Skills: Jira, PRINCE2, project scheduling, communication, resource planning, Agile, Scrum, budget management, leadership, stakeholder management, project management."", ""start_character"": 267, ""end_character"": 277}], ""resource planning"": [{""matched_phrase"": ""resource planning"", ""sentence"": ""Skills: Jira, PRINCE2, project scheduling, communication, resource planning, Agile, Scrum, budget management, leadership, stakeholder management, project management."", ""start_character"": 215, ""end_character"": 232}]}"
CAND063,JOB005,Digital Marketing Specialist,0,7.0,2.0,"[""Agile"", ""Jira"", ""PRINCE2"", ""Scrum"", ""budget management"", ""communication"", ""leadership"", ""project management"", ""resource planning"", ""stakeholder management""]",[],"[""Google Analytics"", ""SEO"", ""campaign management"", ""content marketing"", ""digital marketing"", ""social media marketing""]",[],0.0,0.0,0.0,1.0,{}
CAND064,JOB001,Software Engineer,1,5.0,2.0,"[""Agile"", ""Jira"", ""PRINCE2"", ""Scrum"", ""budget management"", ""communication"", ""leadership"", ""project management"", ""resource planning"", ""risk management"", ""stakeholder management""]",[],"[""Git"", ""JavaScript"", ""Python"", ""REST APIs"", ""SQL"", ""software testing""]","[""Agile""]",0.0,0.2,0.04000000000000001,1.0,"{""Agile"": [{""matched_phrase"": ""Agile"", ""sentence"": ""Skills: project scheduling, Scrum, resource planning, risk management, Jira, project management, stakeholder management, Agile, PRINCE2, leadership, communication, budget management."", ""start_character"": 283, ""end_character"": 288}]}"
CAND064,JOB002,Data Analyst,0,5.0,2.0,"[""Agile"", ""Jira"", ""PRINCE2"", ""Scrum"", ""budget management"", ""communication"", ""leadership"", ""project management"", ""resource planning"", ""risk management"", ""stakeholder management""]",[],"[""Excel"", ""Python"", ""SQL"", ""data analysis"", ""data visualisation"", ""statistics""]",[],0.0,0.0,0.0,1.0,{}
CAND064,JOB003,Cybersecurity Analyst,1,5.0,2.0,"[""Agile"", ""Jira"", ""PRINCE2"", ""Scrum"", ""budget management"", ""communication"", ""leadership"", ""project management"", ""resource planning"", ""risk management"", ""stakeholder management""]",[],"[""SIEM"", ""incident response"", ""network security"", ""risk assessment"", ""security monitoring"", ""vulnerability assessment""]",[],0.0,0.0,0.0,1.0,{}
CAND064,JOB004,IT Project Manager,3,5.0,3.0,"[""Agile"", ""Jira"", ""PRINCE2"", ""Scrum"", ""budget management"", ""communication"", ""leadership"", ""project management"", ""resource planning"", ""risk management"", ""stakeholder management""]","[""Agile"", ""budget management"", ""communication"", ""project management"", ""risk management"", ""stakeholder management""]",[],"[""Jira"", ""PRINCE2"", ""Scrum"", ""leadership"", ""resource planning""]",1.0,1.0,1.0,1.0,"{""Agile"": [{""matched_phrase"": ""Agile"", ""sentence"": ""Skills: project scheduling, Scrum, resource planning, risk management, Jira, project management, stakeholder management, Agile, PRINCE2, leadership, communication, budget management."", ""start_character"": 283, ""end_character"": 288}], ""budget management"": [{""matched_phrase"": ""budget management"", ""sentence"": ""Skills: project scheduling, Scrum, resource planning, risk management, Jira, project management, stakeholder management, Agile, PRINCE2, leadership, communication, budget management."", ""start_character"": 326, ""end_character"": 343}], ""communication"": [{""matched_phrase"": ""communication"", ""sentence"": ""Skills: project scheduling, Scrum, resource planning, risk management, Jira, project management, stakeholder management, Agile, PRINCE2, leadership, communication, budget management."", ""start_character"": 311, ""end_character"": 324}], ""project management"": [{""matched_phrase"": ""project management"", ""sentence"": ""Skills: project scheduling, Scrum, resource planning, risk management, Jira, project management, stakeholder management, Agile, PRINCE2, leadership, communication, budget management."", ""start_character"": 239, ""end_character"": 257}], ""risk management"": [{""matched_phrase"": ""risk management"", ""sentence"": ""Skills: project scheduling, Scrum, resource planning, risk management, Jira, project management, stakeholder management, Agile, PRINCE2, leadership, communication, budget management."", ""start_character"": 216, ""end_character"": 231}], ""stakeholder management"": [{""matched_phrase"": ""stakeholder management"", ""sentence"": ""Skills: project scheduling, Scrum, resource planning, risk management, Jira, project management, stakeholder management, Agile, PRINCE2, leadership, communication, budget management."", ""start_character"": 259, ""end_character"": 281}], ""Jira"": [{""matched_phrase"": ""Jira"", ""sentence"": ""Skills: project scheduling, Scrum, resource planning, risk management, Jira, project management, stakeholder management, Agile, PRINCE2, leadership, communication, budget management."", ""start_character"": 233, ""end_character"": 237}], ""PRINCE2"": [{""matched_phrase"": ""PRINCE2"", ""sentence"": ""Skills: project scheduling, Scrum, resource planning, risk management, Jira, project management, stakeholder management, Agile, PRINCE2, leadership, communication, budget management."", ""start_character"": 290, ""end_character"": 297}], ""Scrum"": [{""matched_phrase"": ""Scrum"", ""sentence"": ""Skills: project scheduling, Scrum, resource planning, risk management, Jira, project management, stakeholder management, Agile, PRINCE2, leadership, communication, budget management."", ""start_character"": 190, ""end_character"": 195}], ""leadership"": [{""matched_phrase"": ""leadership"", ""sentence"": ""Skills: project scheduling, Scrum, resource planning, risk management, Jira, project management, stakeholder management, Agile, PRINCE2, leadership, communication, budget management."", ""start_character"": 299, ""end_character"": 309}], ""resource planning"": [{""matched_phrase"": ""resource planning"", ""sentence"": ""Skills: project scheduling, Scrum, resource planning, risk management, Jira, project management, stakeholder management, Agile, PRINCE2, leadership, communication, budget management."", ""start_character"": 197, ""end_character"": 214}]}"
CAND064,JOB005,Digital Marketing Specialist,0,5.0,2.0,"[""Agile"", ""Jira"", ""PRINCE2"", ""Scrum"", ""budget management"", ""communication"", ""leadership"", ""project management"", ""resource planning"", ""risk management"", ""stakeholder management""]",[],"[""Google Analytics"", ""SEO"", ""campaign management"", ""content marketing"", ""digital marketing"", ""social media marketing""]",[],0.0,0.0,0.0,1.0,{}
CAND065,JOB001,Software Engineer,1,4.0,2.0,"[""Agile"", ""Jira"", ""PRINCE2"", ""Scrum"", ""budget management"", ""communication"", ""leadership"", ""project management"", ""resource planning"", ""risk management"", ""stakeholder management""]",[],"[""Git"", ""JavaScript"", ""Python"", ""REST APIs"", ""SQL"", ""software testing""]","[""Agile""]",0.0,0.2,0.04000000000000001,1.0,"{""Agile"": [{""matched_phrase"": ""Agile"", ""sentence"": ""Skills: leadership, Scrum, stakeholder management, communication, resource planning, risk management, PRINCE2, budget management, project management, Jira, Agile, project scheduling."", ""start_character"": 318, ""end_character"": 323}]}"
CAND065,JOB002,Data Analyst,0,4.0,2.0,"[""Agile"", ""Jira"", ""PRINCE2"", ""Scrum"", ""budget management"", ""communication"", ""leadership"", ""project management"", ""resource planning"", ""risk management"", ""stakeholder management""]",[],"[""Excel"", ""Python"", ""SQL"", ""data analysis"", ""data visualisation"", ""statistics""]",[],0.0,0.0,0.0,1.0,{}
CAND065,JOB003,Cybersecurity Analyst,1,4.0,2.0,"[""Agile"", ""Jira"", ""PRINCE2"", ""Scrum"", ""budget management"", ""communication"", ""leadership"", ""project management"", ""resource planning"", ""risk management"", ""stakeholder management""]",[],"[""SIEM"", ""incident response"", ""network security"", ""risk assessment"", ""security monitoring"", ""vulnerability assessment""]",[],0.0,0.0,0.0,1.0,{}
CAND065,JOB004,IT Project Manager,3,4.0,3.0,"[""Agile"", ""Jira"", ""PRINCE2"", ""Scrum"", ""budget management"", ""communication"", ""leadership"", ""project management"", ""resource planning"", ""risk management"", ""stakeholder management""]","[""Agile"", ""budget management"", ""communication"", ""project management"", ""risk management"", ""stakeholder management""]",[],"[""Jira"", ""PRINCE2"", ""Scrum"", ""leadership"", ""resource planning""]",1.0,1.0,1.0,1.0,"{""Agile"": [{""matched_phrase"": ""Agile"", ""sentence"": ""Skills: leadership, Scrum, stakeholder management, communication, resource planning, risk management, PRINCE2, budget management, project management, Jira, Agile, project scheduling."", ""start_character"": 318, ""end_character"": 323}], ""budget management"": [{""matched_phrase"": ""budget management"", ""sentence"": ""Skills: leadership, Scrum, stakeholder management, communication, resource planning, risk management, PRINCE2, budget management, project management, Jira, Agile, project scheduling."", ""start_character"": 273, ""end_character"": 290}], ""communication"": [{""matched_phrase"": ""communication"", ""sentence"": ""Skills: leadership, Scrum, stakeholder management, communication, resource planning, risk management, PRINCE2, budget management, project management, Jira, Agile, project scheduling."", ""start_character"": 213, ""end_character"": 226}], ""project management"": [{""matched_phrase"": ""project management"", ""sentence"": ""Skills: leadership, Scrum, stakeholder management, communication, resource planning, risk management, PRINCE2, budget management, project management, Jira, Agile, project scheduling."", ""start_character"": 292, ""end_character"": 310}], ""risk management"": [{""matched_phrase"": ""risk management"", ""sentence"": ""Skills: leadership, Scrum, stakeholder management, communication, resource planning, risk management, PRINCE2, budget management, project management, Jira, Agile, project scheduling."", ""start_character"": 247, ""end_character"": 262}], ""stakeholder management"": [{""matched_phrase"": ""stakeholder management"", ""sentence"": ""Skills: leadership, Scrum, stakeholder management, communication, resource planning, risk management, PRINCE2, budget management, project management, Jira, Agile, project scheduling."", ""start_character"": 189, ""end_character"": 211}], ""Jira"": [{""matched_phrase"": ""Jira"", ""sentence"": ""Skills: leadership, Scrum, stakeholder management, communication, resource planning, risk management, PRINCE2, budget management, project management, Jira, Agile, project scheduling."", ""start_character"": 312, ""end_character"": 316}], ""PRINCE2"": [{""matched_phrase"": ""PRINCE2"", ""sentence"": ""Skills: leadership, Scrum, stakeholder management, communication, resource planning, risk management, PRINCE2, budget management, project management, Jira, Agile, project scheduling."", ""start_character"": 264, ""end_character"": 271}], ""Scrum"": [{""matched_phrase"": ""Scrum"", ""sentence"": ""Skills: leadership, Scrum, stakeholder management, communication, resource planning, risk management, PRINCE2, budget management, project management, Jira, Agile, project scheduling."", ""start_character"": 182, ""end_character"": 187}], ""leadership"": [{""matched_phrase"": ""leadership"", ""sentence"": ""Skills: leadership, Scrum, stakeholder management, communication, resource planning, risk management, PRINCE2, budget management, project management, Jira, Agile, project scheduling."", ""start_character"": 170, ""end_character"": 180}], ""resource planning"": [{""matched_phrase"": ""resource planning"", ""sentence"": ""Skills: leadership, Scrum, stakeholder management, communication, resource planning, risk management, PRINCE2, budget management, project management, Jira, Agile, project scheduling."", ""start_character"": 228, ""end_character"": 245}]}"
CAND065,JOB005,Digital Marketing Specialist,0,4.0,2.0,"[""Agile"", ""Jira"", ""PRINCE2"", ""Scrum"", ""budget management"", ""communication"", ""leadership"", ""project management"", ""resource planning"", ""risk management"", ""stakeholder management""]",[],"[""Google Analytics"", ""SEO"", ""campaign management"", ""content marketing"", ""digital marketing"", ""social media marketing""]",[],0.0,0.0,0.0,1.0,{}
CAND066,JOB001,Software Engineer,0,2.0,2.0,"[""Agile"", ""Scrum"", ""budget management"", ""communication"", ""project management"", ""resource planning"", ""risk management""]",[],"[""Git"", ""JavaScript"", ""Python"", ""REST APIs"", ""SQL"", ""software testing""]","[""Agile""]",0.0,0.2,0.04000000000000001,1.0,"{""Agile"": [{""matched_phrase"": ""Agile"", ""sentence"": ""Skills: project management, project scheduling, communication, resource planning, Agile, risk management, Scrum, budget management."", ""start_character"": 238, ""end_character"": 243}]}"
CAND066,JOB002,Data Analyst,0,2.0,2.0,"[""Agile"", ""Scrum"", ""budget management"", ""communication"", ""project management"", ""resource planning"", ""risk management""]",[],"[""Excel"", ""Python"", ""SQL"", ""data analysis"", ""data visualisation"", ""statistics""]",[],0.0,0.0,0.0,1.0,{}
CAND066,JOB003,Cybersecurity Analyst,0,2.0,2.0,"[""Agile"", ""Scrum"", ""budget management"", ""communication"", ""project management"", ""resource planning"", ""risk management""]",[],"[""SIEM"", ""incident response"", ""network security"", ""risk assessment"", ""security monitoring"", ""vulnerability assessment""]",[],0.0,0.0,0.0,1.0,{}
CAND066,JOB004,IT Project Manager,2,2.0,3.0,"[""Agile"", ""Scrum"", ""budget management"", ""communication"", ""project management"", ""resource planning"", ""risk management""]","[""Agile"", ""budget management"", ""communication"", ""project management"", ""risk management""]","[""stakeholder management""]","[""Scrum"", ""resource planning""]",0.8333333333333334,0.4,0.7466666666666668,0.6666666666666666,"{""Agile"": [{""matched_phrase"": ""Agile"", ""sentence"": ""Skills: project management, project scheduling, communication, resource planning, Agile, risk management, Scrum, budget management."", ""start_character"": 238, ""end_character"": 243}], ""budget management"": [{""matched_phrase"": ""budget management"", ""sentence"": ""Skills: project management, project scheduling, communication, resource planning, Agile, risk management, Scrum, budget management."", ""start_character"": 269, ""end_character"": 286}], ""communication"": [{""matched_phrase"": ""communication"", ""sentence"": ""Skills: project management, project scheduling, communication, resource planning, Agile, risk management, Scrum, budget management."", ""start_character"": 204, ""end_character"": 217}], ""project management"": [{""matched_phrase"": ""project management"", ""sentence"": ""Skills: project management, project scheduling, communication, resource planning, Agile, risk management, Scrum, budget management."", ""start_character"": 164, ""end_character"": 182}], ""risk management"": [{""matched_phrase"": ""risk management"", ""sentence"": ""Skills: project management, project scheduling, communication, resource planning, Agile, risk management, Scrum, budget management."", ""start_character"": 245, ""end_character"": 260}], ""Scrum"": [{""matched_phrase"": ""Scrum"", ""sentence"": ""Skills: project management, project scheduling, communication, resource planning, Agile, risk management, Scrum, budget management."", ""start_character"": 262, ""end_character"": 267}], ""resource planning"": [{""matched_phrase"": ""resource planning"", ""sentence"": ""Skills: project management, project scheduling, communication, resource planning, Agile, risk management, Scrum, budget management."", ""start_character"": 219, ""end_character"": 236}]}"
CAND066,JOB005,Digital Marketing Specialist,1,2.0,2.0,"[""Agile"", ""Scrum"", ""budget management"", ""communication"", ""project management"", ""resource planning"", ""risk management""]",[],"[""Google Analytics"", ""SEO"", ""campaign management"", ""content marketing"", ""digital marketing"", ""social media marketing""]",[],0.0,0.0,0.0,1.0,{}
CAND067,JOB001,Software Engineer,1,2.0,2.0,"[""Agile"", ""Jira"", ""Scrum"", ""budget management"", ""leadership""]",[],"[""Git"", ""JavaScript"", ""Python"", ""REST APIs"", ""SQL"", ""software testing""]","[""Agile""]",0.0,0.2,0.04000000000000001,1.0,"{""Agile"": [{""matched_phrase"": ""Agile"", ""sentence"": ""Skills: leadership, Scrum, project scheduling, budget management, Jira, Agile."", ""start_character"": 232, ""end_character"": 237}]}"
CAND067,JOB002,Data Analyst,1,2.0,2.0,"[""Agile"", ""Jira"", ""Scrum"", ""budget management"", ""leadership""]",[],"[""Excel"", ""Python"", ""SQL"", ""data analysis"", ""data visualisation"", ""statistics""]",[],0.0,0.0,0.0,1.0,{}
CAND067,JOB003,Cybersecurity Analyst,0,2.0,2.0,"[""Agile"", ""Jira"", ""Scrum"", ""budget management"", ""leadership""]",[],"[""SIEM"", ""incident response"", ""network security"", ""risk assessment"", ""security monitoring"", ""vulnerability assessment""]",[],0.0,0.0,0.0,1.0,{}
CAND067,JOB004,IT Project Manager,2,2.0,3.0,"[""Agile"", ""Jira"", ""Scrum"", ""budget management"", ""leadership""]","[""Agile"", ""budget management""]","[""communication"", ""project management"", ""risk management"", ""stakeholder management""]","[""Jira"", ""Scrum"", ""leadership""]",0.3333333333333333,0.6,0.38666666666666666,0.6666666666666666,"{""Agile"": [{""matched_phrase"": ""Agile"", ""sentence"": ""Skills: leadership, Scrum, project scheduling, budget management, Jira, Agile."", ""start_character"": 232, ""end_character"": 237}], ""budget management"": [{""matched_phrase"": ""budget management"", ""sentence"": ""Skills: leadership, Scrum, project scheduling, budget management, Jira, Agile."", ""start_character"": 207, ""end_character"": 224}], ""Jira"": [{""matched_phrase"": ""Jira"", ""sentence"": ""Skills: leadership, Scrum, project scheduling, budget management, Jira, Agile."", ""start_character"": 226, ""end_character"": 230}], ""Scrum"": [{""matched_phrase"": ""Scrum"", ""sentence"": ""Skills: leadership, Scrum, project scheduling, budget management, Jira, Agile."", ""start_character"": 180, ""end_character"": 185}], ""leadership"": [{""matched_phrase"": ""leadership"", ""sentence"": ""Skills: leadership, Scrum, project scheduling, budget management, Jira, Agile."", ""start_character"": 168, ""end_character"": 178}]}"
CAND067,JOB005,Digital Marketing Specialist,0,2.0,2.0,"[""Agile"", ""Jira"", ""Scrum"", ""budget management"", ""leadership""]",[],"[""Google Analytics"", ""SEO"", ""campaign management"", ""content marketing"", ""digital marketing"", ""social media marketing""]",[],0.0,0.0,0.0,1.0,{}
CAND068,JOB001,Software Engineer,1,0.0,2.0,"[""Agile"", ""PRINCE2"", ""budget management"", ""communication"", ""leadership"", ""resource planning"", ""risk management"", ""stakeholder management""]",[],"[""Git"", ""JavaScript"", ""Python"", ""REST APIs"", ""SQL"", ""software testing""]","[""Agile""]",0.0,0.2,0.04000000000000001,0.0,"{""Agile"": [{""matched_phrase"": ""Agile"", ""sentence"": ""Skills: Agile, resource planning, PRINCE2, risk management, stakeholder management, budget management, leadership, project scheduling, communication."", ""start_character"": 176, ""end_character"": 181}]}"
CAND068,JOB002,Data Analyst,0,0.0,2.0,"[""Agile"", ""PRINCE2"", ""budget management"", ""communication"", ""leadership"", ""resource planning"", ""risk management"", ""stakeholder management""]",[],"[""Excel"", ""Python"", ""SQL"", ""data analysis"", ""data visualisation"", ""statistics""]",[],0.0,0.0,0.0,0.0,{}
CAND068,JOB003,Cybersecurity Analyst,1,0.0,2.0,"[""Agile"", ""PRINCE2"", ""budget management"", ""communication"", ""leadership"", ""resource planning"", ""risk management"", ""stakeholder management""]",[],"[""SIEM"", ""incident response"", ""network security"", ""risk assessment"", ""security monitoring"", ""vulnerability assessment""]",[],0.0,0.0,0.0,0.0,{}
CAND068,JOB004,IT Project Manager,2,0.0,3.0,"[""Agile"", ""PRINCE2"", ""budget management"", ""communication"", ""leadership"", ""resource planning"", ""risk management"", ""stakeholder management""]","[""Agile"", ""budget management"", ""communication"", ""risk management"", ""stakeholder management""]","[""project management""]","[""PRINCE2"", ""leadership"", ""resource planning""]",0.8333333333333334,0.6,0.7866666666666667,0.0,"{""Agile"": [{""matched_phrase"": ""Agile"", ""sentence"": ""Skills: Agile, resource planning, PRINCE2, risk management, stakeholder management, budget management, leadership, project scheduling, communication."", ""start_character"": 176, ""end_character"": 181}], ""budget management"": [{""matched_phrase"": ""budget management"", ""sentence"": ""Skills: Agile, resource planning, PRINCE2, risk management, stakeholder management, budget management, leadership, project scheduling, communication."", ""start_character"": 252, ""end_character"": 269}], ""communication"": [{""matched_phrase"": ""communication"", ""sentence"": ""Skills: Agile, resource planning, PRINCE2, risk management, stakeholder management, budget management, leadership, project scheduling, communication."", ""start_character"": 303, ""end_character"": 316}], ""risk management"": [{""matched_phrase"": ""risk management"", ""sentence"": ""Skills: Agile, resource planning, PRINCE2, risk management, stakeholder management, budget management, leadership, project scheduling, communication."", ""start_character"": 211, ""end_character"": 226}], ""stakeholder management"": [{""matched_phrase"": ""stakeholder management"", ""sentence"": ""Skills: Agile, resource planning, PRINCE2, risk management, stakeholder management, budget management, leadership, project scheduling, communication."", ""start_character"": 228, ""end_character"": 250}], ""PRINCE2"": [{""matched_phrase"": ""PRINCE2"", ""sentence"": ""Skills: Agile, resource planning, PRINCE2, risk management, stakeholder management, budget management, leadership, project scheduling, communication."", ""start_character"": 202, ""end_character"": 209}], ""leadership"": [{""matched_phrase"": ""leadership"", ""sentence"": ""Skills: Agile, resource planning, PRINCE2, risk management, stakeholder management, budget management, leadership, project scheduling, communication."", ""start_character"": 271, ""end_character"": 281}], ""resource planning"": [{""matched_phrase"": ""resource planning"", ""sentence"": ""Skills: Agile, resource planning, PRINCE2, risk management, stakeholder management, budget management, leadership, project scheduling, communication."", ""start_character"": 183, ""end_character"": 200}]}"
CAND068,JOB005,Digital Marketing Specialist,0,0.0,2.0,"[""Agile"", ""PRINCE2"", ""budget management"", ""communication"", ""leadership"", ""resource planning"", ""risk management"", ""stakeholder management""]",[],"[""Google Analytics"", ""SEO"", ""campaign management"", ""content marketing"", ""digital marketing"", ""social media marketing""]",[],0.0,0.0,0.0,0.0,{}
CAND069,JOB001,Software Engineer,0,1.0,2.0,"[""Agile"", ""PRINCE2"", ""Scrum"", ""communication"", ""leadership"", ""project management"", ""resource planning""]",[],"[""Git"", ""JavaScript"", ""Python"", ""REST APIs"", ""SQL"", ""software testing""]","[""Agile""]",0.0,0.2,0.04000000000000001,0.5,"{""Agile"": [{""matched_phrase"": ""Agile"", ""sentence"": ""Skills: Scrum, leadership, communication, Agile, PRINCE2, project management, resource planning."", ""start_character"": 191, ""end_character"": 196}]}"
CAND069,JOB002,Data Analyst,0,1.0,2.0,"[""Agile"", ""PRINCE2"", ""Scrum"", ""communication"", ""leadership"", ""project management"", ""resource planning""]",[],"[""Excel"", ""Python"", ""SQL"", ""data analysis"", ""data visualisation"", ""statistics""]",[],0.0,0.0,0.0,0.5,{}
CAND069,JOB003,Cybersecurity Analyst,0,1.0,2.0,"[""Agile"", ""PRINCE2"", ""Scrum"", ""communication"", ""leadership"", ""project management"", ""resource planning""]",[],"[""SIEM"", ""incident response"", ""network security"", ""risk assessment"", ""security monitoring"", ""vulnerability assessment""]",[],0.0,0.0,0.0,0.5,{}
CAND069,JOB004,IT Project Manager,2,1.0,3.0,"[""Agile"", ""PRINCE2"", ""Scrum"", ""communication"", ""leadership"", ""project management"", ""resource planning""]","[""Agile"", ""communication"", ""project management""]","[""budget management"", ""risk management"", ""stakeholder management""]","[""PRINCE2"", ""Scrum"", ""leadership"", ""resource planning""]",0.5,0.8,0.56,0.3333333333333333,"{""Agile"": [{""matched_phrase"": ""Agile"", ""sentence"": ""Skills: Scrum, leadership, communication, Agile, PRINCE2, project management, resource planning."", ""start_character"": 191, ""end_character"": 196}], ""communication"": [{""matched_phrase"": ""communication"", ""sentence"": ""Skills: Scrum, leadership, communication, Agile, PRINCE2, project management, resource planning."", ""start_character"": 176, ""end_character"": 189}], ""project management"": [{""matched_phrase"": ""project management"", ""sentence"": ""Skills: Scrum, leadership, communication, Agile, PRINCE2, project management, resource planning."", ""start_character"": 207, ""end_character"": 225}], ""PRINCE2"": [{""matched_phrase"": ""PRINCE2"", ""sentence"": ""Skills: Scrum, leadership, communication, Agile, PRINCE2, project management, resource planning."", ""start_character"": 198, ""end_character"": 205}], ""Scrum"": [{""matched_phrase"": ""Scrum"", ""sentence"": ""Skills: Scrum, leadership, communication, Agile, PRINCE2, project management, resource planning."", ""start_character"": 157, ""end_character"": 162}], ""leadership"": [{""matched_phrase"": ""leadership"", ""sentence"": ""Skills: Scrum, leadership, communication, Agile, PRINCE2, project management, resource planning."", ""start_character"": 164, ""end_character"": 174}], ""resource planning"": [{""matched_phrase"": ""resource planning"", ""sentence"": ""Skills: Scrum, leadership, communication, Agile, PRINCE2, project management, resource planning."", ""start_character"": 227, ""end_character"": 244}]}"
CAND069,JOB005,Digital Marketing Specialist,1,1.0,2.0,"[""Agile"", ""PRINCE2"", ""Scrum"", ""communication"", ""leadership"", ""project management"", ""resource planning""]",[],"[""Google Analytics"", ""SEO"", ""campaign management"", ""content marketing"", ""digital marketing"", ""social media marketing""]",[],0.0,0.0,0.0,0.5,{}
CAND070,JOB001,Software Engineer,0,5.0,2.0,"[""Agile"", ""budget management"", ""communication"", ""leadership"", ""project management"", ""resource planning"", ""risk management""]",[],"[""Git"", ""JavaScript"", ""Python"", ""REST APIs"", ""SQL"", ""software testing""]","[""Agile""]",0.0,0.2,0.04000000000000001,1.0,"{""Agile"": [{""matched_phrase"": ""Agile"", ""sentence"": ""Skills: resource planning, budget management, leadership, Agile, risk management, communication, project management."", ""start_character"": 222, ""end_character"": 227}]}"
CAND070,JOB002,Data Analyst,0,5.0,2.0,"[""Agile"", ""budget management"", ""communication"", ""leadership"", ""project management"", ""resource planning"", ""risk management""]",[],"[""Excel"", ""Python"", ""SQL"", ""data analysis"", ""data visualisation"", ""statistics""]",[],0.0,0.0,0.0,1.0,{}
CAND070,JOB003,Cybersecurity Analyst,0,5.0,2.0,"[""Agile"", ""budget management"", ""communication"", ""leadership"", ""project management"", ""resource planning"", ""risk management""]",[],"[""SIEM"", ""incident response"", ""network security"", ""risk assessment"", ""security monitoring"", ""vulnerability assessment""]",[],0.0,0.0,0.0,1.0,{}
CAND070,JOB004,IT Project Manager,3,5.0,3.0,"[""Agile"", ""budget management"", ""communication"", ""leadership"", ""project management"", ""resource planning"", ""risk management""]","[""Agile"", ""budget management"", ""communication"", ""project management"", ""risk management""]","[""stakeholder management""]","[""leadership"", ""resource planning""]",0.8333333333333334,0.4,0.7466666666666668,1.0,"{""Agile"": [{""matched_phrase"": ""Agile"", ""sentence"": ""Skills: resource planning, budget management, leadership, Agile, risk management, communication, project management."", ""start_character"": 222, ""end_character"": 227}], ""budget management"": [{""matched_phrase"": ""budget management"", ""sentence"": ""Skills: resource planning, budget management, leadership, Agile, risk management, communication, project management."", ""start_character"": 191, ""end_character"": 208}], ""communication"": [{""matched_phrase"": ""communication"", ""sentence"": ""Skills: resource planning, budget management, leadership, Agile, risk management, communication, project management."", ""start_character"": 246, ""end_character"": 259}], ""project management"": [{""matched_phrase"": ""project management"", ""sentence"": ""Skills: resource planning, budget management, leadership, Agile, risk management, communication, project management."", ""start_character"": 261, ""end_character"": 279}], ""risk management"": [{""matched_phrase"": ""risk management"", ""sentence"": ""Skills: resource planning, budget management, leadership, Agile, risk management, communication, project management."", ""start_character"": 229, ""end_character"": 244}], ""leadership"": [{""matched_phrase"": ""leadership"", ""sentence"": ""Skills: resource planning, budget management, leadership, Agile, risk management, communication, project management."", ""start_character"": 210, ""end_character"": 220}], ""resource planning"": [{""matched_phrase"": ""resource planning"", ""sentence"": ""Skills: resource planning, budget management, leadership, Agile, risk management, communication, project management."", ""start_character"": 172, ""end_character"": 189}]}"
CAND070,JOB005,Digital Marketing Specialist,0,5.0,2.0,"[""Agile"", ""budget management"", ""communication"", ""leadership"", ""project management"", ""resource planning"", ""risk management""]",[],"[""Google Analytics"", ""SEO"", ""campaign management"", ""content marketing"", ""digital marketing"", ""social media marketing""]",[],0.0,0.0,0.0,1.0,{}
CAND071,JOB001,Software Engineer,1,5.0,2.0,"[""Agile"", ""PRINCE2"", ""Scrum"", ""communication"", ""risk management"", ""stakeholder management""]",[],"[""Git"", ""JavaScript"", ""Python"", ""REST APIs"", ""SQL"", ""software testing""]","[""Agile""]",0.0,0.2,0.04000000000000001,1.0,"{""Agile"": [{""matched_phrase"": ""Agile"", ""sentence"": ""Skills: stakeholder management, Agile, communication, Scrum, risk management, project scheduling, PRINCE2."", ""start_character"": 193, ""end_character"": 198}]}"
CAND071,JOB002,Data Analyst,0,5.0,2.0,"[""Agile"", ""PRINCE2"", ""Scrum"", ""communication"", ""risk management"", ""stakeholder management""]",[],"[""Excel"", ""Python"", ""SQL"", ""data analysis"", ""data visualisation"", ""statistics""]",[],0.0,0.0,0.0,1.0,{}
CAND071,JOB003,Cybersecurity Analyst,1,5.0,2.0,"[""Agile"", ""PRINCE2"", ""Scrum"", ""communication"", ""risk management"", ""stakeholder management""]",[],"[""SIEM"", ""incident response"", ""network security"", ""risk assessment"", ""security monitoring"", ""vulnerability assessment""]",[],0.0,0.0,0.0,1.0,{}
CAND071,JOB004,IT Project Manager,3,5.0,3.0,"[""Agile"", ""PRINCE2"", ""Scrum"", ""communication"", ""risk management"", ""stakeholder management""]","[""Agile"", ""communication"", ""risk management"", ""stakeholder management""]","[""budget management"", ""project management""]","[""PRINCE2"", ""Scrum""]",0.6666666666666666,0.4,0.6133333333333333,1.0,"{""Agile"": [{""matched_phrase"": ""Agile"", ""sentence"": ""Skills: stakeholder management, Agile, communication, Scrum, risk management, project scheduling, PRINCE2."", ""start_character"": 193, ""end_character"": 198}], ""communication"": [{""matched_phrase"": ""communication"", ""sentence"": ""Skills: stakeholder management, Agile, communication, Scrum, risk management, project scheduling, PRINCE2."", ""start_character"": 200, ""end_character"": 213}], ""risk management"": [{""matched_phrase"": ""risk management"", ""sentence"": ""Skills: stakeholder management, Agile, communication, Scrum, risk management, project scheduling, PRINCE2."", ""start_character"": 222, ""end_character"": 237}], ""stakeholder management"": [{""matched_phrase"": ""stakeholder management"", ""sentence"": ""Skills: stakeholder management, Agile, communication, Scrum, risk management, project scheduling, PRINCE2."", ""start_character"": 169, ""end_character"": 191}], ""PRINCE2"": [{""matched_phrase"": ""PRINCE2"", ""sentence"": ""Skills: stakeholder management, Agile, communication, Scrum, risk management, project scheduling, PRINCE2."", ""start_character"": 259, ""end_character"": 266}], ""Scrum"": [{""matched_phrase"": ""Scrum"", ""sentence"": ""Skills: stakeholder management, Agile, communication, Scrum, risk management, project scheduling, PRINCE2."", ""start_character"": 215, ""end_character"": 220}]}"
CAND071,JOB005,Digital Marketing Specialist,0,5.0,2.0,"[""Agile"", ""PRINCE2"", ""Scrum"", ""communication"", ""risk management"", ""stakeholder management""]",[],"[""Google Analytics"", ""SEO"", ""campaign management"", ""content marketing"", ""digital marketing"", ""social media marketing""]",[],0.0,0.0,0.0,1.0,{}
CAND072,JOB001,Software Engineer,1,4.0,2.0,"[""Jira"", ""Scrum"", ""budget management"", ""communication"", ""resource planning"", ""risk management"", ""stakeholder management""]",[],"[""Git"", ""JavaScript"", ""Python"", ""REST APIs"", ""SQL"", ""software testing""]",[],0.0,0.0,0.0,1.0,{}
CAND072,JOB002,Data Analyst,0,4.0,2.0,"[""Jira"", ""Scrum"", ""budget management"", ""communication"", ""resource planning"", ""risk management"", ""stakeholder management""]",[],"[""Excel"", ""Python"", ""SQL"", ""data analysis"", ""data visualisation"", ""statistics""]",[],0.0,0.0,0.0,1.0,{}
CAND072,JOB003,Cybersecurity Analyst,1,4.0,2.0,"[""Jira"", ""Scrum"", ""budget management"", ""communication"", ""resource planning"", ""risk management"", ""stakeholder management""]",[],"[""SIEM"", ""incident response"", ""network security"", ""risk assessment"", ""security monitoring"", ""vulnerability assessment""]",[],0.0,0.0,0.0,1.0,{}
CAND072,JOB004,IT Project Manager,3,4.0,3.0,"[""Jira"", ""Scrum"", ""budget management"", ""communication"", ""resource planning"", ""risk management"", ""stakeholder management""]","[""budget management"", ""communication"", ""risk management"", ""stakeholder management""]","[""Agile"", ""project management""]","[""Jira"", ""Scrum"", ""resource planning""]",0.6666666666666666,0.6,0.6533333333333333,1.0,"{""budget management"": [{""matched_phrase"": ""budget management"", ""sentence"": ""Skills: stakeholder management, Jira, project scheduling, risk management, budget management, Scrum, communication, resource planning."", ""start_character"": 237, ""end_character"": 254}], ""communication"": [{""matched_phrase"": ""communication"", ""sentence"": ""Skills: stakeholder management, Jira, project scheduling, risk management, budget management, Scrum, communication, resource planning."", ""start_character"": 263, ""end_character"": 276}], ""risk management"": [{""matched_phrase"": ""risk management"", ""sentence"": ""Skills: stakeholder management, Jira, project scheduling, risk management, budget management, Scrum, communication, resource planning."", ""start_character"": 220, ""end_character"": 235}], ""stakeholder management"": [{""matched_phrase"": ""stakeholder management"", ""sentence"": ""Skills: stakeholder management, Jira, project scheduling, risk management, budget management, Scrum, communication, resource planning."", ""start_character"": 170, ""end_character"": 192}], ""Jira"": [{""matched_phrase"": ""Jira"", ""sentence"": ""Skills: stakeholder management, Jira, project scheduling, risk management, budget management, Scrum, communication, resource planning."", ""start_character"": 194, ""end_character"": 198}], ""Scrum"": [{""matched_phrase"": ""Scrum"", ""sentence"": ""Skills: stakeholder management, Jira, project scheduling, risk management, budget management, Scrum, communication, resource planning."", ""start_character"": 256, ""end_character"": 261}], ""resource planning"": [{""matched_phrase"": ""resource planning"", ""sentence"": ""Skills: stakeholder management, Jira, project scheduling, risk management, budget management, Scrum, communication, resource planning."", ""start_character"": 278, ""end_character"": 295}]}"
CAND072,JOB005,Digital Marketing Specialist,0,4.0,2.0,"[""Jira"", ""Scrum"", ""budget management"", ""communication"", ""resource planning"", ""risk management"", ""stakeholder management""]",[],"[""Google Analytics"", ""SEO"", ""campaign management"", ""content marketing"", ""digital marketing"", ""social media marketing""]",[],0.0,0.0,0.0,1.0,{}
CAND073,JOB001,Software Engineer,1,5.0,2.0,"[""Scrum"", ""budget management"", ""communication"", ""leadership"", ""stakeholder management""]",[],"[""Git"", ""JavaScript"", ""Python"", ""REST APIs"", ""SQL"", ""software testing""]",[],0.0,0.0,0.0,1.0,{}
CAND073,JOB002,Data Analyst,0,5.0,2.0,"[""Scrum"", ""budget management"", ""communication"", ""leadership"", ""stakeholder management""]",[],"[""Excel"", ""Python"", ""SQL"", ""data analysis"", ""data visualisation"", ""statistics""]",[],0.0,0.0,0.0,1.0,{}
CAND073,JOB003,Cybersecurity Analyst,1,5.0,2.0,"[""Scrum"", ""budget management"", ""communication"", ""leadership"", ""stakeholder management""]",[],"[""SIEM"", ""incident response"", ""network security"", ""risk assessment"", ""security monitoring"", ""vulnerability assessment""]",[],0.0,0.0,0.0,1.0,{}
CAND073,JOB004,IT Project Manager,2,5.0,3.0,"[""Scrum"", ""budget management"", ""communication"", ""leadership"", ""stakeholder management""]","[""budget management"", ""communication"", ""stakeholder management""]","[""Agile"", ""project management"", ""risk management""]","[""Scrum"", ""leadership""]",0.5,0.4,0.48000000000000004,1.0,"{""budget management"": [{""matched_phrase"": ""budget management"", ""sentence"": ""Skills: leadership, Scrum, communication, stakeholder management, budget management."", ""start_character"": 228, ""end_character"": 245}], ""communication"": [{""matched_phrase"": ""communication"", ""sentence"": ""Skills: leadership, Scrum, communication, stakeholder management, budget management."", ""start_character"": 189, ""end_character"": 202}], ""stakeholder management"": [{""matched_phrase"": ""stakeholder management"", ""sentence"": ""Skills: leadership, Scrum, communication, stakeholder management, budget management."", ""start_character"": 204, ""end_character"": 226}], ""Scrum"": [{""matched_phrase"": ""Scrum"", ""sentence"": ""Skills: leadership, Scrum, communication, stakeholder management, budget management."", ""start_character"": 182, ""end_character"": 187}], ""leadership"": [{""matched_phrase"": ""leadership"", ""sentence"": ""Skills: leadership, Scrum, communication, stakeholder management, budget management."", ""start_character"": 170, ""end_character"": 180}]}"
CAND073,JOB005,Digital Marketing Specialist,0,5.0,2.0,"[""Scrum"", ""budget management"", ""communication"", ""leadership"", ""stakeholder management""]",[],"[""Google Analytics"", ""SEO"", ""campaign management"", ""content marketing"", ""digital marketing"", ""social media marketing""]",[],0.0,0.0,0.0,1.0,{}
CAND074,JOB001,Software Engineer,1,4.0,2.0,"[""Agile"", ""budget management"", ""leadership"", ""project management"", ""risk management"", ""stakeholder management""]",[],"[""Git"", ""JavaScript"", ""Python"", ""REST APIs"", ""SQL"", ""software testing""]","[""Agile""]",0.0,0.2,0.04000000000000001,1.0,"{""Agile"": [{""matched_phrase"": ""Agile"", ""sentence"": ""Skills: stakeholder management, risk management, project management, leadership, Agile, budget management."", ""start_character"": 249, ""end_character"": 254}]}"
CAND074,JOB002,Data Analyst,0,4.0,2.0,"[""Agile"", ""budget management"", ""leadership"", ""project management"", ""risk management"", ""stakeholder management""]",[],"[""Excel"", ""Python"", ""SQL"", ""data analysis"", ""data visualisation"", ""statistics""]",[],0.0,0.0,0.0,1.0,{}
CAND074,JOB003,Cybersecurity Analyst,1,4.0,2.0,"[""Agile"", ""budget management"", ""leadership"", ""project management"", ""risk management"", ""stakeholder management""]",[],"[""SIEM"", ""incident response"", ""network security"", ""risk assessment"", ""security monitoring"", ""vulnerability assessment""]",[],0.0,0.0,0.0,1.0,{}
CAND074,JOB004,IT Project Manager,3,4.0,3.0,"[""Agile"", ""budget management"", ""leadership"", ""project management"", ""risk management"", ""stakeholder management""]","[""Agile"", ""budget management"", ""project management"", ""risk management"", ""stakeholder management""]","[""communication""]","[""leadership""]",0.8333333333333334,0.2,0.7066666666666668,1.0,"{""Agile"": [{""matched_phrase"": ""Agile"", ""sentence"": ""Skills: stakeholder management, risk management, project management, leadership, Agile, budget management."", ""start_character"": 249, ""end_character"": 254}], ""budget management"": [{""matched_phrase"": ""budget management"", ""sentence"": ""Skills: stakeholder management, risk management, project management, leadership, Agile, budget management."", ""start_character"": 256, ""end_character"": 273}], ""project management"": [{""matched_phrase"": ""project management"", ""sentence"": ""Skills: stakeholder management, risk management, project management, leadership, Agile, budget management."", ""start_character"": 217, ""end_character"": 235}], ""risk management"": [{""matched_phrase"": ""risk management"", ""sentence"": ""Skills: stakeholder management, risk management, project management, leadership, Agile, budget management."", ""start_character"": 200, ""end_character"": 215}], ""stakeholder management"": [{""matched_phrase"": ""stakeholder management"", ""sentence"": ""Skills: stakeholder management, risk management, project management, leadership, Agile, budget management."", ""start_character"": 176, ""end_character"": 198}], ""leadership"": [{""matched_phrase"": ""leadership"", ""sentence"": ""Skills: stakeholder management, risk management, project management, leadership, Agile, budget management."", ""start_character"": 237, ""end_character"": 247}]}"
CAND074,JOB005,Digital Marketing Specialist,0,4.0,2.0,"[""Agile"", ""budget management"", ""leadership"", ""project management"", ""risk management"", ""stakeholder management""]",[],"[""Google Analytics"", ""SEO"", ""campaign management"", ""content marketing"", ""digital marketing"", ""social media marketing""]",[],0.0,0.0,0.0,1.0,{}
CAND075,JOB001,Software Engineer,1,7.0,2.0,"[""PRINCE2"", ""Scrum"", ""leadership"", ""resource planning"", ""risk management""]",[],"[""Git"", ""JavaScript"", ""Python"", ""REST APIs"", ""SQL"", ""software testing""]",[],0.0,0.0,0.0,1.0,{}
CAND075,JOB002,Data Analyst,1,7.0,2.0,"[""PRINCE2"", ""Scrum"", ""leadership"", ""resource planning"", ""risk management""]",[],"[""Excel"", ""Python"", ""SQL"", ""data analysis"", ""data visualisation"", ""statistics""]",[],0.0,0.0,0.0,1.0,{}
CAND075,JOB003,Cybersecurity Analyst,0,7.0,2.0,"[""PRINCE2"", ""Scrum"", ""leadership"", ""resource planning"", ""risk management""]",[],"[""SIEM"", ""incident response"", ""network security"", ""risk assessment"", ""security monitoring"", ""vulnerability assessment""]",[],0.0,0.0,0.0,1.0,{}
CAND075,JOB004,IT Project Manager,2,7.0,3.0,"[""PRINCE2"", ""Scrum"", ""leadership"", ""resource planning"", ""risk management""]","[""risk management""]","[""Agile"", ""budget management"", ""communication"", ""project management"", ""stakeholder management""]","[""PRINCE2"", ""Scrum"", ""leadership"", ""resource planning""]",0.16666666666666666,0.8,0.29333333333333333,1.0,"{""risk management"": [{""matched_phrase"": ""risk management"", ""sentence"": ""Skills: resource planning, PRINCE2, Scrum, risk management, leadership."", ""start_character"": 203, ""end_character"": 218}], ""PRINCE2"": [{""matched_phrase"": ""PRINCE2"", ""sentence"": ""Skills: resource planning, PRINCE2, Scrum, risk management, leadership."", ""start_character"": 187, ""end_character"": 194}], ""Scrum"": [{""matched_phrase"": ""Scrum"", ""sentence"": ""Skills: resource planning, PRINCE2, Scrum, risk management, leadership."", ""start_character"": 196, ""end_character"": 201}], ""leadership"": [{""matched_phrase"": ""leadership"", ""sentence"": ""Skills: resource planning, PRINCE2, Scrum, risk management, leadership."", ""start_character"": 220, ""end_character"": 230}], ""resource planning"": [{""matched_phrase"": ""resource planning"", ""sentence"": ""Skills: resource planning, PRINCE2, Scrum, risk management, leadership."", ""start_character"": 168, ""end_character"": 185}]}"
CAND075,JOB005,Digital Marketing Specialist,0,7.0,2.0,"[""PRINCE2"", ""Scrum"", ""leadership"", ""resource planning"", ""risk management""]",[],"[""Google Analytics"", ""SEO"", ""campaign management"", ""content marketing"", ""digital marketing"", ""social media marketing""]",[],0.0,0.0,0.0,1.0,{}
CAND076,JOB001,Software Engineer,1,0.0,2.0,"[""Jira"", ""budget management"", ""communication"", ""resource planning""]",[],"[""Git"", ""JavaScript"", ""Python"", ""REST APIs"", ""SQL"", ""software testing""]",[],0.0,0.0,0.0,0.0,{}
CAND076,JOB002,Data Analyst,1,0.0,2.0,"[""Jira"", ""budget management"", ""communication"", ""resource planning""]",[],"[""Excel"", ""Python"", ""SQL"", ""data analysis"", ""data visualisation"", ""statistics""]",[],0.0,0.0,0.0,0.0,{}
CAND076,JOB003,Cybersecurity Analyst,1,0.0,2.0,"[""Jira"", ""budget management"", ""communication"", ""resource planning""]",[],"[""SIEM"", ""incident response"", ""network security"", ""risk assessment"", ""security monitoring"", ""vulnerability assessment""]",[],0.0,0.0,0.0,0.0,{}
CAND076,JOB004,IT Project Manager,2,0.0,3.0,"[""Jira"", ""budget management"", ""communication"", ""resource planning""]","[""budget management"", ""communication""]","[""Agile"", ""project management"", ""risk management"", ""stakeholder management""]","[""Jira"", ""resource planning""]",0.3333333333333333,0.4,0.3466666666666667,0.0,"{""budget management"": [{""matched_phrase"": ""budget management"", ""sentence"": ""Skills: budget management, Jira, resource planning, project scheduling, communication."", ""start_character"": 158, ""end_character"": 175}], ""communication"": [{""matched_phrase"": ""communication"", ""sentence"": ""Skills: budget management, Jira, resource planning, project scheduling, communication."", ""start_character"": 222, ""end_character"": 235}], ""Jira"": [{""matched_phrase"": ""Jira"", ""sentence"": ""Skills: budget management, Jira, resource planning, project scheduling, communication."", ""start_character"": 177, ""end_character"": 181}], ""resource planning"": [{""matched_phrase"": ""resource planning"", ""sentence"": ""Skills: budget management, Jira, resource planning, project scheduling, communication."", ""start_character"": 183, ""end_character"": 200}]}"
CAND076,JOB005,Digital Marketing Specialist,0,0.0,2.0,"[""Jira"", ""budget management"", ""communication"", ""resource planning""]",[],"[""Google Analytics"", ""SEO"", ""campaign management"", ""content marketing"", ""digital marketing"", ""social media marketing""]",[],0.0,0.0,0.0,0.0,{}
CAND077,JOB001,Software Engineer,0,6.0,2.0,"[""Jira"", ""budget management"", ""resource planning"", ""stakeholder management""]",[],"[""Git"", ""JavaScript"", ""Python"", ""REST APIs"", ""SQL"", ""software testing""]",[],0.0,0.0,0.0,1.0,{}
CAND077,JOB002,Data Analyst,0,6.0,2.0,"[""Jira"", ""budget management"", ""resource planning"", ""stakeholder management""]",[],"[""Excel"", ""Python"", ""SQL"", ""data analysis"", ""data visualisation"", ""statistics""]",[],0.0,0.0,0.0,1.0,{}
CAND077,JOB003,Cybersecurity Analyst,0,6.0,2.0,"[""Jira"", ""budget management"", ""resource planning"", ""stakeholder management""]",[],"[""SIEM"", ""incident response"", ""network security"", ""risk assessment"", ""security monitoring"", ""vulnerability assessment""]",[],0.0,0.0,0.0,1.0,{}
CAND077,JOB004,IT Project Manager,2,6.0,3.0,"[""Jira"", ""budget management"", ""resource planning"", ""stakeholder management""]","[""budget management"", ""stakeholder management""]","[""Agile"", ""communication"", ""project management"", ""risk management""]","[""Jira"", ""resource planning""]",0.3333333333333333,0.4,0.3466666666666667,1.0,"{""budget management"": [{""matched_phrase"": ""budget management"", ""sentence"": ""Skills: budget management, stakeholder management, Jira, resource planning, project scheduling."", ""start_character"": 164, ""end_character"": 181}], ""stakeholder management"": [{""matched_phrase"": ""stakeholder management"", ""sentence"": ""Skills: budget management, stakeholder management, Jira, resource planning, project scheduling."", ""start_character"": 183, ""end_character"": 205}], ""Jira"": [{""matched_phrase"": ""Jira"", ""sentence"": ""Skills: budget management, stakeholder management, Jira, resource planning, project scheduling."", ""start_character"": 207, ""end_character"": 211}], ""resource planning"": [{""matched_phrase"": ""resource planning"", ""sentence"": ""Skills: budget management, stakeholder management, Jira, resource planning, project scheduling."", ""start_character"": 213, ""end_character"": 230}]}"
CAND077,JOB005,Digital Marketing Specialist,1,6.0,2.0,"[""Jira"", ""budget management"", ""resource planning"", ""stakeholder management""]",[],"[""Google Analytics"", ""SEO"", ""campaign management"", ""content marketing"", ""digital marketing"", ""social media marketing""]",[],0.0,0.0,0.0,1.0,{}
CAND078,JOB001,Software Engineer,1,3.0,2.0,"[""PRINCE2"", ""budget management"", ""leadership""]",[],"[""Git"", ""JavaScript"", ""Python"", ""REST APIs"", ""SQL"", ""software testing""]",[],0.0,0.0,0.0,1.0,{}
CAND078,JOB002,Data Analyst,1,3.0,2.0,"[""PRINCE2"", ""budget management"", ""leadership""]",[],"[""Excel"", ""Python"", ""SQL"", ""data analysis"", ""data visualisation"", ""statistics""]",[],0.0,0.0,0.0,1.0,{}
CAND078,JOB003,Cybersecurity Analyst,0,3.0,2.0,"[""PRINCE2"", ""budget management"", ""leadership""]",[],"[""SIEM"", ""incident response"", ""network security"", ""risk assessment"", ""security monitoring"", ""vulnerability assessment""]",[],0.0,0.0,0.0,1.0,{}
CAND078,JOB004,IT Project Manager,1,3.0,3.0,"[""PRINCE2"", ""budget management"", ""leadership""]","[""budget management""]","[""Agile"", ""communication"", ""project management"", ""risk management"", ""stakeholder management""]","[""PRINCE2"", ""leadership""]",0.16666666666666666,0.4,0.21333333333333335,1.0,"{""budget management"": [{""matched_phrase"": ""budget management"", ""sentence"": ""Skills: PRINCE2, budget management, leadership."", ""start_character"": 171, ""end_character"": 188}], ""PRINCE2"": [{""matched_phrase"": ""PRINCE2"", ""sentence"": ""Skills: PRINCE2, budget management, leadership."", ""start_character"": 162, ""end_character"": 169}], ""leadership"": [{""matched_phrase"": ""leadership"", ""sentence"": ""Skills: PRINCE2, budget management, leadership."", ""start_character"": 190, ""end_character"": 200}]}"
CAND078,JOB005,Digital Marketing Specialist,0,3.0,2.0,"[""PRINCE2"", ""budget management"", ""leadership""]",[],"[""Google Analytics"", ""SEO"", ""campaign management"", ""content marketing"", ""digital marketing"", ""social media marketing""]",[],0.0,0.0,0.0,1.0,{}
CAND079,JOB001,Software Engineer,0,2.0,2.0,"[""Agile"", ""PRINCE2"", ""risk management"", ""stakeholder management""]",[],"[""Git"", ""JavaScript"", ""Python"", ""REST APIs"", ""SQL"", ""software testing""]","[""Agile""]",0.0,0.2,0.04000000000000001,1.0,"{""Agile"": [{""matched_phrase"": ""Agile"", ""sentence"": ""Skills: PRINCE2, Agile, risk management, stakeholder management."", ""start_character"": 166, ""end_character"": 171}]}"
CAND079,JOB002,Data Analyst,0,2.0,2.0,"[""Agile"", ""PRINCE2"", ""risk management"", ""stakeholder management""]",[],"[""Excel"", ""Python"", ""SQL"", ""data analysis"", ""data visualisation"", ""statistics""]",[],0.0,0.0,0.0,1.0,{}
CAND079,JOB003,Cybersecurity Analyst,0,2.0,2.0,"[""Agile"", ""PRINCE2"", ""risk management"", ""stakeholder management""]",[],"[""SIEM"", ""incident response"", ""network security"", ""risk assessment"", ""security monitoring"", ""vulnerability assessment""]",[],0.0,0.0,0.0,1.0,{}
CAND079,JOB004,IT Project Manager,2,2.0,3.0,"[""Agile"", ""PRINCE2"", ""risk management"", ""stakeholder management""]","[""Agile"", ""risk management"", ""stakeholder management""]","[""budget management"", ""communication"", ""project management""]","[""PRINCE2""]",0.5,0.2,0.44000000000000006,0.6666666666666666,"{""Agile"": [{""matched_phrase"": ""Agile"", ""sentence"": ""Skills: PRINCE2, Agile, risk management, stakeholder management."", ""start_character"": 166, ""end_character"": 171}], ""risk management"": [{""matched_phrase"": ""risk management"", ""sentence"": ""Skills: PRINCE2, Agile, risk management, stakeholder management."", ""start_character"": 173, ""end_character"": 188}], ""stakeholder management"": [{""matched_phrase"": ""stakeholder management"", ""sentence"": ""Skills: PRINCE2, Agile, risk management, stakeholder management."", ""start_character"": 190, ""end_character"": 212}], ""PRINCE2"": [{""matched_phrase"": ""PRINCE2"", ""sentence"": ""Skills: PRINCE2, Agile, risk management, stakeholder management."", ""start_character"": 157, ""end_character"": 164}]}"
CAND079,JOB005,Digital Marketing Specialist,1,2.0,2.0,"[""Agile"", ""PRINCE2"", ""risk management"", ""stakeholder management""]",[],"[""Google Analytics"", ""SEO"", ""campaign management"", ""content marketing"", ""digital marketing"", ""social media marketing""]",[],0.0,0.0,0.0,1.0,{}
CAND080,JOB001,Software Engineer,1,5.0,2.0,"[""Agile"", ""project management"", ""risk management""]",[],"[""Git"", ""JavaScript"", ""Python"", ""REST APIs"", ""SQL"", ""software testing""]","[""Agile""]",0.0,0.2,0.04000000000000001,1.0,"{""Agile"": [{""matched_phrase"": ""Agile"", ""sentence"": ""Skills: risk management, Agile, project management."", ""start_character"": 187, ""end_character"": 192}]}"
CAND080,JOB002,Data Analyst,0,5.0,2.0,"[""Agile"", ""project management"", ""risk management""]",[],"[""Excel"", ""Python"", ""SQL"", ""data analysis"", ""data visualisation"", ""statistics""]",[],0.0,0.0,0.0,1.0,{}
CAND080,JOB003,Cybersecurity Analyst,1,5.0,2.0,"[""Agile"", ""project management"", ""risk management""]",[],"[""SIEM"", ""incident response"", ""network security"", ""risk assessment"", ""security monitoring"", ""vulnerability assessment""]",[],0.0,0.0,0.0,1.0,{}
CAND080,JOB004,IT Project Manager,2,5.0,3.0,"[""Agile"", ""project management"", ""risk management""]","[""Agile"", ""project management"", ""risk management""]","[""budget management"", ""communication"", ""stakeholder management""]",[],0.5,0.0,0.4,1.0,"{""Agile"": [{""matched_phrase"": ""Agile"", ""sentence"": ""Skills: risk management, Agile, project management."", ""start_character"": 187, ""end_character"": 192}], ""project management"": [{""matched_phrase"": ""project management"", ""sentence"": ""Skills: risk management, Agile, project management."", ""start_character"": 194, ""end_character"": 212}], ""risk management"": [{""matched_phrase"": ""risk management"", ""sentence"": ""Skills: risk management, Agile, project management."", ""start_character"": 170, ""end_character"": 185}]}"
CAND080,JOB005,Digital Marketing Specialist,0,5.0,2.0,"[""Agile"", ""project management"", ""risk management""]",[],"[""Google Analytics"", ""SEO"", ""campaign management"", ""content marketing"", ""digital marketing"", ""social media marketing""]",[],0.0,0.0,0.0,1.0,{}
CAND081,JOB001,Software Engineer,1,7.0,2.0,"[""Canva"", ""Google Ads"", ""Google Analytics"", ""SEO"", ""campaign management"", ""content marketing"", ""conversion optimisation"", ""copywriting"", ""digital marketing"", ""email marketing"", ""social media marketing""]",[],"[""Git"", ""JavaScript"", ""Python"", ""REST APIs"", ""SQL"", ""software testing""]",[],0.0,0.0,0.0,1.0,{}
CAND081,JOB002,Data Analyst,1,7.0,2.0,"[""Canva"", ""Google Ads"", ""Google Analytics"", ""SEO"", ""campaign management"", ""content marketing"", ""conversion optimisation"", ""copywriting"", ""digital marketing"", ""email marketing"", ""social media marketing""]",[],"[""Excel"", ""Python"", ""SQL"", ""data analysis"", ""data visualisation"", ""statistics""]",[],0.0,0.0,0.0,1.0,{}
CAND081,JOB003,Cybersecurity Analyst,1,7.0,2.0,"[""Canva"", ""Google Ads"", ""Google Analytics"", ""SEO"", ""campaign management"", ""content marketing"", ""conversion optimisation"", ""copywriting"", ""digital marketing"", ""email marketing"", ""social media marketing""]",[],"[""SIEM"", ""incident response"", ""network security"", ""risk assessment"", ""security monitoring"", ""vulnerability assessment""]",[],0.0,0.0,0.0,1.0,{}
CAND081,JOB004,IT Project Manager,1,7.0,3.0,"[""Canva"", ""Google Ads"", ""Google Analytics"", ""SEO"", ""campaign management"", ""content marketing"", ""conversion optimisation"", ""copywriting"", ""digital marketing"", ""email marketing"", ""social media marketing""]",[],"[""Agile"", ""budget management"", ""communication"", ""project management"", ""risk management"", ""stakeholder management""]",[],0.0,0.0,0.0,1.0,{}
CAND081,JOB005,Digital Marketing Specialist,3,7.0,2.0,"[""Canva"", ""Google Ads"", ""Google Analytics"", ""SEO"", ""campaign management"", ""content marketing"", ""conversion optimisation"", ""copywriting"", ""digital marketing"", ""email marketing"", ""social media marketing""]","[""Google Analytics"", ""SEO"", ""campaign management"", ""content marketing"", ""digital marketing"", ""social media marketing""]",[],"[""Canva"", ""Google Ads"", ""conversion optimisation"", ""copywriting"", ""email marketing""]",1.0,1.0,1.0,1.0,"{""Google Analytics"": [{""matched_phrase"": ""Google Analytics"", ""sentence"": ""Skills: Canva, copywriting, SEO, email marketing, content marketing, Google Analytics, digital marketing, Google Ads, social media marketing, conversion optimisation, campaign management, keyword research."", ""start_character"": 220, ""end_character"": 236}], ""SEO"": [{""matched_phrase"": ""SEO"", ""sentence"": ""Skills: Canva, copywriting, SEO, email marketing, content marketing, Google Analytics, digital marketing, Google Ads, social media marketing, conversion optimisation, campaign management, keyword research."", ""start_character"": 179, ""end_character"": 182}], ""campaign management"": [{""matched_phrase"": ""campaign management"", ""sentence"": ""Skills: Canva, copywriting, SEO, email marketing, content marketing, Google Analytics, digital marketing, Google Ads, social media marketing, conversion optimisation, campaign management, keyword research."", ""start_character"": 318, ""end_character"": 337}, {""matched_phrase"": ""marketing campaigns"", ""sentence"": ""Experience evidence: analysed campaign performance; prepared performance reports; delivered digital marketing campaigns; optimised website content for search engines; managed social media channels."", ""start_character"": 457, ""end_character"": 476}], ""content marketing"": [{""matched_phrase"": ""content marketing"", ""sentence"": ""Skills: Canva, copywriting, SEO, email marketing, content marketing, Google Analytics, digital marketing, Google Ads, social media marketing, conversion optimisation, campaign management, keyword research."", ""start_character"": 201, ""end_character"": 218}], ""digital marketing"": [{""matched_phrase"": ""digital marketing"", ""sentence"": ""Skills: Canva, copywriting, SEO, email marketing, content marketing, Google Analytics, digital marketing, Google Ads, social media marketing, conversion optimisation, campaign management, keyword research."", ""start_character"": 238, ""end_character"": 255}, {""matched_phrase"": ""digital marketing"", ""sentence"": ""Experience evidence: analysed campaign performance; prepared performance reports; delivered digital marketing campaigns; optimised website content for search engines; managed social media channels."", ""start_character"": 449, ""end_character"": 466}], ""social media marketing"": [{""matched_phrase"": ""social media marketing"", ""sentence"": ""Skills: Canva, copywriting, SEO, email marketing, content marketing, Google Analytics, digital marketing, Google Ads, social media marketing, conversion optimisation, campaign management, keyword research."", ""start_character"": 269, ""end_character"": 291}], ""Canva"": [{""matched_phrase"": ""Canva"", ""sentence"": ""Skills: Canva, copywriting, SEO, email marketing, content marketing, Google Analytics, digital marketing, Google Ads, social media marketing, conversion optimisation, campaign management, keyword research."", ""start_character"": 159, ""end_character"": 164}], ""Google Ads"": [{""matched_phrase"": ""Google Ads"", ""sentence"": ""Skills: Canva, copywriting, SEO, email marketing, content marketing, Google Analytics, digital marketing, Google Ads, social media marketing, conversion optimisation, campaign management, keyword research."", ""start_character"": 257, ""end_character"": 267}], ""conversion optimisation"": [{""matched_phrase"": ""conversion optimisation"", ""sentence"": ""Skills: Canva, copywriting, SEO, email marketing, content marketing, Google Analytics, digital marketing, Google Ads, social media marketing, conversion optimisation, campaign management, keyword research."", ""start_character"": 293, ""end_character"": 316}], ""copywriting"": [{""matched_phrase"": ""copywriting"", ""sentence"": ""Skills: Canva, copywriting, SEO, email marketing, content marketing, Google Analytics, digital marketing, Google Ads, social media marketing, conversion optimisation, campaign management, keyword research."", ""start_character"": 166, ""end_character"": 177}], ""email marketing"": [{""matched_phrase"": ""email marketing"", ""sentence"": ""Skills: Canva, copywriting, SEO, email marketing, content marketing, Google Analytics, digital marketing, Google Ads, social media marketing, conversion optimisation, campaign management, keyword research."", ""start_character"": 184, ""end_character"": 199}]}"
CAND082,JOB001,Software Engineer,1,5.0,2.0,"[""Canva"", ""Google Ads"", ""Google Analytics"", ""SEO"", ""campaign management"", ""content marketing"", ""conversion optimisation"", ""copywriting"", ""digital marketing"", ""email marketing"", ""social media marketing""]",[],"[""Git"", ""JavaScript"", ""Python"", ""REST APIs"", ""SQL"", ""software testing""]",[],0.0,0.0,0.0,1.0,{}
CAND082,JOB002,Data Analyst,0,5.0,2.0,"[""Canva"", ""Google Ads"", ""Google Analytics"", ""SEO"", ""campaign management"", ""content marketing"", ""conversion optimisation"", ""copywriting"", ""digital marketing"", ""email marketing"", ""social media marketing""]",[],"[""Excel"", ""Python"", ""SQL"", ""data analysis"", ""data visualisation"", ""statistics""]",[],0.0,0.0,0.0,1.0,{}
CAND082,JOB003,Cybersecurity Analyst,1,5.0,2.0,"[""Canva"", ""Google Ads"", ""Google Analytics"", ""SEO"", ""campaign management"", ""content marketing"", ""conversion optimisation"", ""copywriting"", ""digital marketing"", ""email marketing"", ""social media marketing""]",[],"[""SIEM"", ""incident response"", ""network security"", ""risk assessment"", ""security monitoring"", ""vulnerability assessment""]",[],0.0,0.0,0.0,1.0,{}
CAND082,JOB004,IT Project Manager,1,5.0,3.0,"[""Canva"", ""Google Ads"", ""Google Analytics"", ""SEO"", ""campaign management"", ""content marketing"", ""conversion optimisation"", ""copywriting"", ""digital marketing"", ""email marketing"", ""social media marketing""]",[],"[""Agile"", ""budget management"", ""communication"", ""project management"", ""risk management"", ""stakeholder management""]",[],0.0,0.0,0.0,1.0,{}
CAND082,JOB005,Digital Marketing Specialist,3,5.0,2.0,"[""Canva"", ""Google Ads"", ""Google Analytics"", ""SEO"", ""campaign management"", ""content marketing"", ""conversion optimisation"", ""copywriting"", ""digital marketing"", ""email marketing"", ""social media marketing""]","[""Google Analytics"", ""SEO"", ""campaign management"", ""content marketing"", ""digital marketing"", ""social media marketing""]",[],"[""Canva"", ""Google Ads"", ""conversion optimisation"", ""copywriting"", ""email marketing""]",1.0,1.0,1.0,1.0,"{""Google Analytics"": [{""matched_phrase"": ""Google Analytics"", ""sentence"": ""Skills: SEO, social media marketing, Google Analytics, Canva, campaign management, content marketing, copywriting, email marketing, conversion optimisation, keyword research, Google Ads."", ""start_character"": 207, ""end_character"": 223}], ""SEO"": [{""matched_phrase"": ""SEO"", ""sentence"": ""Skills: SEO, social media marketing, Google Analytics, Canva, campaign management, content marketing, copywriting, email marketing, conversion optimisation, keyword research, Google Ads."", ""start_character"": 178, ""end_character"": 181}], ""campaign management"": [{""matched_phrase"": ""campaign management"", ""sentence"": ""Skills: SEO, social media marketing, Google Analytics, Canva, campaign management, content marketing, copywriting, email marketing, conversion optimisation, keyword research, Google Ads."", ""start_character"": 232, ""end_character"": 251}, {""matched_phrase"": ""marketing campaigns"", ""sentence"": ""Experience evidence: prepared performance reports; delivered digital marketing campaigns."", ""start_character"": 426, ""end_character"": 445}], ""content marketing"": [{""matched_phrase"": ""content marketing"", ""sentence"": ""Skills: SEO, social media marketing, Google Analytics, Canva, campaign management, content marketing, copywriting, email marketing, conversion optimisation, keyword research, Google Ads."", ""start_character"": 253, ""end_character"": 270}], ""digital marketing"": [{""matched_phrase"": ""Digital Marketing"", ""sentence"": ""Professional profile: Digital Marketing Executive."", ""start_character"": 53, ""end_character"": 70}, {""matched_phrase"": ""digital marketing"", ""sentence"": ""Experience evidence: prepared performance reports; delivered digital marketing campaigns."", ""start_character"": 418, ""end_character"": 435}], ""social media marketing"": [{""matched_phrase"": ""social media marketing"", ""sentence"": ""Skills: SEO, social media marketing, Google Analytics, Canva, campaign management, content marketing, copywriting, email marketing, conversion optimisation, keyword research, Google Ads."", ""start_character"": 183, ""end_character"": 205}], ""Canva"": [{""matched_phrase"": ""Canva"", ""sentence"": ""Skills: SEO, social media marketing, Google Analytics, Canva, campaign management, content marketing, copywriting, email marketing, conversion optimisation, keyword research, Google Ads."", ""start_character"": 225, ""end_character"": 230}], ""Google Ads"": [{""matched_phrase"": ""Google Ads"", ""sentence"": ""Skills: SEO, social media marketing, Google Analytics, Canva, campaign management, content marketing, copywriting, email marketing, conversion optimisation, keyword research, Google Ads."", ""start_character"": 345, ""end_character"": 355}], ""conversion optimisation"": [{""matched_phrase"": ""conversion optimisation"", ""sentence"": ""Skills: SEO, social media marketing, Google Analytics, Canva, campaign management, content marketing, copywriting, email marketing, conversion optimisation, keyword research, Google Ads."", ""start_character"": 302, ""end_character"": 325}], ""copywriting"": [{""matched_phrase"": ""copywriting"", ""sentence"": ""Skills: SEO, social media marketing, Google Analytics, Canva, campaign management, content marketing, copywriting, email marketing, conversion optimisation, keyword research, Google Ads."", ""start_character"": 272, ""end_character"": 283}], ""email marketing"": [{""matched_phrase"": ""email marketing"", ""sentence"": ""Skills: SEO, social media marketing, Google Analytics, Canva, campaign management, content marketing, copywriting, email marketing, conversion optimisation, keyword research, Google Ads."", ""start_character"": 285, ""end_character"": 300}]}"
CAND083,JOB001,Software Engineer,1,7.0,2.0,"[""Canva"", ""Google Ads"", ""Google Analytics"", ""SEO"", ""campaign management"", ""content marketing"", ""conversion optimisation"", ""digital marketing"", ""email marketing"", ""social media marketing""]",[],"[""Git"", ""JavaScript"", ""Python"", ""REST APIs"", ""SQL"", ""software testing""]",[],0.0,0.0,0.0,1.0,{}
CAND083,JOB002,Data Analyst,1,7.0,2.0,"[""Canva"", ""Google Ads"", ""Google Analytics"", ""SEO"", ""campaign management"", ""content marketing"", ""conversion optimisation"", ""digital marketing"", ""email marketing"", ""social media marketing""]",[],"[""Excel"", ""Python"", ""SQL"", ""data analysis"", ""data visualisation"", ""statistics""]",[],0.0,0.0,0.0,1.0,{}
CAND083,JOB003,Cybersecurity Analyst,1,7.0,2.0,"[""Canva"", ""Google Ads"", ""Google Analytics"", ""SEO"", ""campaign management"", ""content marketing"", ""conversion optimisation"", ""digital marketing"", ""email marketing"", ""social media marketing""]",[],"[""SIEM"", ""incident response"", ""network security"", ""risk assessment"", ""security monitoring"", ""vulnerability assessment""]",[],0.0,0.0,0.0,1.0,{}
CAND083,JOB004,IT Project Manager,1,7.0,3.0,"[""Canva"", ""Google Ads"", ""Google Analytics"", ""SEO"", ""campaign management"", ""content marketing"", ""conversion optimisation"", ""digital marketing"", ""email marketing"", ""social media marketing""]",[],"[""Agile"", ""budget management"", ""communication"", ""project management"", ""risk management"", ""stakeholder management""]",[],0.0,0.0,0.0,1.0,{}
CAND083,JOB005,Digital Marketing Specialist,3,7.0,2.0,"[""Canva"", ""Google Ads"", ""Google Analytics"", ""SEO"", ""campaign management"", ""content marketing"", ""conversion optimisation"", ""digital marketing"", ""email marketing"", ""social media marketing""]","[""Google Analytics"", ""SEO"", ""campaign management"", ""content marketing"", ""digital marketing"", ""social media marketing""]",[],"[""Canva"", ""Google Ads"", ""conversion optimisation"", ""email marketing""]",1.0,0.8,0.9600000000000001,1.0,"{""Google Analytics"": [{""matched_phrase"": ""Google Analytics"", ""sentence"": ""Skills: Google Ads, campaign management, email marketing, keyword research, Canva, conversion optimisation, digital marketing, social media marketing, content marketing, SEO, Google Analytics."", ""start_character"": 326, ""end_character"": 342}], ""SEO"": [{""matched_phrase"": ""SEO"", ""sentence"": ""Skills: Google Ads, campaign management, email marketing, keyword research, Canva, conversion optimisation, digital marketing, social media marketing, content marketing, SEO, Google Analytics."", ""start_character"": 321, ""end_character"": 324}], ""campaign management"": [{""matched_phrase"": ""campaign management"", ""sentence"": ""Skills: Google Ads, campaign management, email marketing, keyword research, Canva, conversion optimisation, digital marketing, social media marketing, content marketing, SEO, Google Analytics."", ""start_character"": 171, ""end_character"": 190}, {""matched_phrase"": ""marketing campaigns"", ""sentence"": ""Experience evidence: optimised website content for search engines; analysed campaign performance; delivered digital marketing campaigns; created marketing content."", ""start_character"": 460, ""end_character"": 479}], ""content marketing"": [{""matched_phrase"": ""content marketing"", ""sentence"": ""Skills: Google Ads, campaign management, email marketing, keyword research, Canva, conversion optimisation, digital marketing, social media marketing, content marketing, SEO, Google Analytics."", ""start_character"": 302, ""end_character"": 319}, {""matched_phrase"": ""marketing content"", ""sentence"": ""Experience evidence: optimised website content for search engines; analysed campaign performance; delivered digital marketing campaigns; created marketing content."", ""start_character"": 489, ""end_character"": 506}], ""digital marketing"": [{""matched_phrase"": ""digital marketing"", ""sentence"": ""Skills: Google Ads, campaign management, email marketing, keyword research, Canva, conversion optimisation, digital marketing, social media marketing, content marketing, SEO, Google Analytics."", ""start_character"": 259, ""end_character"": 276}, {""matched_phrase"": ""digital marketing"", ""sentence"": ""Experience evidence: optimised website content for search engines; analysed campaign performance; delivered digital marketing campaigns; created marketing content."", ""start_character"": 452, ""end_character"": 469}], ""social media marketing"": [{""matched_phrase"": ""social media marketing"", ""sentence"": ""Skills: Google Ads, campaign management, email marketing, keyword research, Canva, conversion optimisation, digital marketing, social media marketing, content marketing, SEO, Google Analytics."", ""start_character"": 278, ""end_character"": 300}], ""Canva"": [{""matched_phrase"": ""Canva"", ""sentence"": ""Skills: Google Ads, campaign management, email marketing, keyword research, Canva, conversion optimisation, digital marketing, social media marketing, content marketing, SEO, Google Analytics."", ""start_character"": 227, ""end_character"": 232}], ""Google Ads"": [{""matched_phrase"": ""Google Ads"", ""sentence"": ""Skills: Google Ads, campaign management, email marketing, keyword research, Canva, conversion optimisation, digital marketing, social media marketing, content marketing, SEO, Google Analytics."", ""start_character"": 159, ""end_character"": 169}], ""conversion optimisation"": [{""matched_phrase"": ""conversion optimisation"", ""sentence"": ""Skills: Google Ads, campaign management, email marketing, keyword research, Canva, conversion optimisation, digital marketing, social media marketing, content marketing, SEO, Google Analytics."", ""start_character"": 234, ""end_character"": 257}], ""email marketing"": [{""matched_phrase"": ""email marketing"", ""sentence"": ""Skills: Google Ads, campaign management, email marketing, keyword research, Canva, conversion optimisation, digital marketing, social media marketing, content marketing, SEO, Google Analytics."", ""start_character"": 192, ""end_character"": 207}]}"
CAND084,JOB001,Software Engineer,1,6.0,2.0,"[""Canva"", ""Google Ads"", ""Google Analytics"", ""SEO"", ""campaign management"", ""content marketing"", ""conversion optimisation"", ""copywriting"", ""digital marketing"", ""social media marketing""]",[],"[""Git"", ""JavaScript"", ""Python"", ""REST APIs"", ""SQL"", ""software testing""]",[],0.0,0.0,0.0,1.0,{}
CAND084,JOB002,Data Analyst,1,6.0,2.0,"[""Canva"", ""Google Ads"", ""Google Analytics"", ""SEO"", ""campaign management"", ""content marketing"", ""conversion optimisation"", ""copywriting"", ""digital marketing"", ""social media marketing""]",[],"[""Excel"", ""Python"", ""SQL"", ""data analysis"", ""data visualisation"", ""statistics""]",[],0.0,0.0,0.0,1.0,{}
CAND084,JOB003,Cybersecurity Analyst,1,6.0,2.0,"[""Canva"", ""Google Ads"", ""Google Analytics"", ""SEO"", ""campaign management"", ""content marketing"", ""conversion optimisation"", ""copywriting"", ""digital marketing"", ""social media marketing""]",[],"[""SIEM"", ""incident response"", ""network security"", ""risk assessment"", ""security monitoring"", ""vulnerability assessment""]",[],0.0,0.0,0.0,1.0,{}
CAND084,JOB004,IT Project Manager,1,6.0,3.0,"[""Canva"", ""Google Ads"", ""Google Analytics"", ""SEO"", ""campaign management"", ""content marketing"", ""conversion optimisation"", ""copywriting"", ""digital marketing"", ""social media marketing""]",[],"[""Agile"", ""budget management"", ""communication"", ""project management"", ""risk management"", ""stakeholder management""]",[],0.0,0.0,0.0,1.0,{}
CAND084,JOB005,Digital Marketing Specialist,3,6.0,2.0,"[""Canva"", ""Google Ads"", ""Google Analytics"", ""SEO"", ""campaign management"", ""content marketing"", ""conversion optimisation"", ""copywriting"", ""digital marketing"", ""social media marketing""]","[""Google Analytics"", ""SEO"", ""campaign management"", ""content marketing"", ""digital marketing"", ""social media marketing""]",[],"[""Canva"", ""Google Ads"", ""conversion optimisation"", ""copywriting""]",1.0,0.8,0.9600000000000001,1.0,"{""Google Analytics"": [{""matched_phrase"": ""Google Analytics"", ""sentence"": ""Skills: keyword research, campaign management, social media marketing, Canva, digital marketing, Google Analytics, Google Ads, conversion optimisation, copywriting, content marketing."", ""start_character"": 243, ""end_character"": 259}], ""SEO"": [{""matched_phrase"": ""SEO"", ""sentence"": ""Professional profile: SEO Specialist."", ""start_character"": 53, ""end_character"": 56}], ""campaign management"": [{""matched_phrase"": ""campaign management"", ""sentence"": ""Skills: keyword research, campaign management, social media marketing, Canva, digital marketing, Google Analytics, Google Ads, conversion optimisation, copywriting, content marketing."", ""start_character"": 172, ""end_character"": 191}], ""content marketing"": [{""matched_phrase"": ""content marketing"", ""sentence"": ""Skills: keyword research, campaign management, social media marketing, Canva, digital marketing, Google Analytics, Google Ads, conversion optimisation, copywriting, content marketing."", ""start_character"": 311, ""end_character"": 328}], ""digital marketing"": [{""matched_phrase"": ""digital marketing"", ""sentence"": ""Skills: keyword research, campaign management, social media marketing, Canva, digital marketing, Google Analytics, Google Ads, conversion optimisation, copywriting, content marketing."", ""start_character"": 224, ""end_character"": 241}], ""social media marketing"": [{""matched_phrase"": ""social media marketing"", ""sentence"": ""Skills: keyword research, campaign management, social media marketing, Canva, digital marketing, Google Analytics, Google Ads, conversion optimisation, copywriting, content marketing."", ""start_character"": 193, ""end_character"": 215}], ""Canva"": [{""matched_phrase"": ""Canva"", ""sentence"": ""Skills: keyword research, campaign management, social media marketing, Canva, digital marketing, Google Analytics, Google Ads, conversion optimisation, copywriting, content marketing."", ""start_character"": 217, ""end_character"": 222}], ""Google Ads"": [{""matched_phrase"": ""Google Ads"", ""sentence"": ""Skills: keyword research, campaign management, social media marketing, Canva, digital marketing, Google Analytics, Google Ads, conversion optimisation, copywriting, content marketing."", ""start_character"": 261, ""end_character"": 271}], ""conversion optimisation"": [{""matched_phrase"": ""conversion optimisation"", ""sentence"": ""Skills: keyword research, campaign management, social media marketing, Canva, digital marketing, Google Analytics, Google Ads, conversion optimisation, copywriting, content marketing."", ""start_character"": 273, ""end_character"": 296}], ""copywriting"": [{""matched_phrase"": ""copywriting"", ""sentence"": ""Skills: keyword research, campaign management, social media marketing, Canva, digital marketing, Google Analytics, Google Ads, conversion optimisation, copywriting, content marketing."", ""start_character"": 298, ""end_character"": 309}]}"
CAND085,JOB001,Software Engineer,1,4.0,2.0,"[""Canva"", ""Google Ads"", ""Google Analytics"", ""SEO"", ""campaign management"", ""content marketing"", ""conversion optimisation"", ""copywriting"", ""digital marketing"", ""email marketing"", ""social media marketing""]",[],"[""Git"", ""JavaScript"", ""Python"", ""REST APIs"", ""SQL"", ""software testing""]",[],0.0,0.0,0.0,1.0,{}
CAND085,JOB002,Data Analyst,0,4.0,2.0,"[""Canva"", ""Google Ads"", ""Google Analytics"", ""SEO"", ""campaign management"", ""content marketing"", ""conversion optimisation"", ""copywriting"", ""digital marketing"", ""email marketing"", ""social media marketing""]",[],"[""Excel"", ""Python"", ""SQL"", ""data analysis"", ""data visualisation"", ""statistics""]",[],0.0,0.0,0.0,1.0,{}
CAND085,JOB003,Cybersecurity Analyst,1,4.0,2.0,"[""Canva"", ""Google Ads"", ""Google Analytics"", ""SEO"", ""campaign management"", ""content marketing"", ""conversion optimisation"", ""copywriting"", ""digital marketing"", ""email marketing"", ""social media marketing""]",[],"[""SIEM"", ""incident response"", ""network security"", ""risk assessment"", ""security monitoring"", ""vulnerability assessment""]",[],0.0,0.0,0.0,1.0,{}
CAND085,JOB004,IT Project Manager,1,4.0,3.0,"[""Canva"", ""Google Ads"", ""Google Analytics"", ""SEO"", ""campaign management"", ""content marketing"", ""conversion optimisation"", ""copywriting"", ""digital marketing"", ""email marketing"", ""social media marketing""]",[],"[""Agile"", ""budget management"", ""communication"", ""project management"", ""risk management"", ""stakeholder management""]",[],0.0,0.0,0.0,1.0,{}
CAND085,JOB005,Digital Marketing Specialist,3,4.0,2.0,"[""Canva"", ""Google Ads"", ""Google Analytics"", ""SEO"", ""campaign management"", ""content marketing"", ""conversion optimisation"", ""copywriting"", ""digital marketing"", ""email marketing"", ""social media marketing""]","[""Google Analytics"", ""SEO"", ""campaign management"", ""content marketing"", ""digital marketing"", ""social media marketing""]",[],"[""Canva"", ""Google Ads"", ""conversion optimisation"", ""copywriting"", ""email marketing""]",1.0,1.0,1.0,1.0,"{""Google Analytics"": [{""matched_phrase"": ""Google Analytics"", ""sentence"": ""Skills: campaign management, SEO, copywriting, Canva, content marketing, conversion optimisation, keyword research, email marketing, Google Ads, digital marketing, Google Analytics, social media marketing."", ""start_character"": 334, ""end_character"": 350}], ""SEO"": [{""matched_phrase"": ""SEO"", ""sentence"": ""Skills: campaign management, SEO, copywriting, Canva, content marketing, conversion optimisation, keyword research, email marketing, Google Ads, digital marketing, Google Analytics, social media marketing."", ""start_character"": 199, ""end_character"": 202}], ""campaign management"": [{""matched_phrase"": ""campaign management"", ""sentence"": ""Skills: campaign management, SEO, copywriting, Canva, content marketing, conversion optimisation, keyword research, email marketing, Google Ads, digital marketing, Google Analytics, social media marketing."", ""start_character"": 178, ""end_character"": 197}], ""content marketing"": [{""matched_phrase"": ""content marketing"", ""sentence"": ""Skills: campaign management, SEO, copywriting, Canva, content marketing, conversion optimisation, keyword research, email marketing, Google Ads, digital marketing, Google Analytics, social media marketing."", ""start_character"": 224, ""end_character"": 241}, {""matched_phrase"": ""marketing content"", ""sentence"": ""Experience evidence: managed social media channels; created marketing content."", ""start_character"": 436, ""end_character"": 453}], ""digital marketing"": [{""matched_phrase"": ""Digital Marketing"", ""sentence"": ""Professional profile: Digital Marketing Executive."", ""start_character"": 53, ""end_character"": 70}, {""matched_phrase"": ""digital marketing"", ""sentence"": ""Skills: campaign management, SEO, copywriting, Canva, content marketing, conversion optimisation, keyword research, email marketing, Google Ads, digital marketing, Google Analytics, social media marketing."", ""start_character"": 315, ""end_character"": 332}], ""social media marketing"": [{""matched_phrase"": ""social media marketing"", ""sentence"": ""Skills: campaign management, SEO, copywriting, Canva, content marketing, conversion optimisation, keyword research, email marketing, Google Ads, digital marketing, Google Analytics, social media marketing."", ""start_character"": 352, ""end_character"": 374}], ""Canva"": [{""matched_phrase"": ""Canva"", ""sentence"": ""Skills: campaign management, SEO, copywriting, Canva, content marketing, conversion optimisation, keyword research, email marketing, Google Ads, digital marketing, Google Analytics, social media marketing."", ""start_character"": 217, ""end_character"": 222}], ""Google Ads"": [{""matched_phrase"": ""Google Ads"", ""sentence"": ""Skills: campaign management, SEO, copywriting, Canva, content marketing, conversion optimisation, keyword research, email marketing, Google Ads, digital marketing, Google Analytics, social media marketing."", ""start_character"": 303, ""end_character"": 313}], ""conversion optimisation"": [{""matched_phrase"": ""conversion optimisation"", ""sentence"": ""Skills: campaign management, SEO, copywriting, Canva, content marketing, conversion optimisation, keyword research, email marketing, Google Ads, digital marketing, Google Analytics, social media marketing."", ""start_character"": 243, ""end_character"": 266}], ""copywriting"": [{""matched_phrase"": ""copywriting"", ""sentence"": ""Skills: campaign management, SEO, copywriting, Canva, content marketing, conversion optimisation, keyword research, email marketing, Google Ads, digital marketing, Google Analytics, social media marketing."", ""start_character"": 204, ""end_character"": 215}], ""email marketing"": [{""matched_phrase"": ""email marketing"", ""sentence"": ""Skills: campaign management, SEO, copywriting, Canva, content marketing, conversion optimisation, keyword research, email marketing, Google Ads, digital marketing, Google Analytics, social media marketing."", ""start_character"": 286, ""end_character"": 301}]}"
CAND086,JOB001,Software Engineer,0,8.0,2.0,"[""Google Analytics"", ""campaign management"", ""conversion optimisation"", ""copywriting"", ""digital marketing"", ""email marketing"", ""social media marketing""]",[],"[""Git"", ""JavaScript"", ""Python"", ""REST APIs"", ""SQL"", ""software testing""]",[],0.0,0.0,0.0,1.0,{}
CAND086,JOB002,Data Analyst,0,8.0,2.0,"[""Google Analytics"", ""campaign management"", ""conversion optimisation"", ""copywriting"", ""digital marketing"", ""email marketing"", ""social media marketing""]",[],"[""Excel"", ""Python"", ""SQL"", ""data analysis"", ""data visualisation"", ""statistics""]",[],0.0,0.0,0.0,1.0,{}
CAND086,JOB003,Cybersecurity Analyst,0,8.0,2.0,"[""Google Analytics"", ""campaign management"", ""conversion optimisation"", ""copywriting"", ""digital marketing"", ""email marketing"", ""social media marketing""]",[],"[""SIEM"", ""incident response"", ""network security"", ""risk assessment"", ""security monitoring"", ""vulnerability assessment""]",[],0.0,0.0,0.0,1.0,{}
CAND086,JOB004,IT Project Manager,0,8.0,3.0,"[""Google Analytics"", ""campaign management"", ""conversion optimisation"", ""copywriting"", ""digital marketing"", ""email marketing"", ""social media marketing""]",[],"[""Agile"", ""budget management"", ""communication"", ""project management"", ""risk management"", ""stakeholder management""]",[],0.0,0.0,0.0,1.0,{}
CAND086,JOB005,Digital Marketing Specialist,2,8.0,2.0,"[""Google Analytics"", ""campaign management"", ""conversion optimisation"", ""copywriting"", ""digital marketing"", ""email marketing"", ""social media marketing""]","[""Google Analytics"", ""campaign management"", ""digital marketing"", ""social media marketing""]","[""SEO"", ""content marketing""]","[""conversion optimisation"", ""copywriting"", ""email marketing""]",0.6666666666666666,0.6,0.6533333333333333,1.0,"{""Google Analytics"": [{""matched_phrase"": ""Google Analytics"", ""sentence"": ""Skills: copywriting, conversion optimisation, Google Analytics, digital marketing, social media marketing, email marketing."", ""start_character"": 218, ""end_character"": 234}], ""campaign management"": [{""matched_phrase"": ""marketing campaigns"", ""sentence"": ""Experience evidence: managed social media channels; prepared performance reports; delivered digital marketing campaigns; analysed campaign performance."", ""start_character"": 396, ""end_character"": 415}], ""digital marketing"": [{""matched_phrase"": ""Digital Marketing"", ""sentence"": ""Professional profile: Digital Marketing Executive."", ""start_character"": 53, ""end_character"": 70}, {""matched_phrase"": ""digital marketing"", ""sentence"": ""Skills: copywriting, conversion optimisation, Google Analytics, digital marketing, social media marketing, email marketing."", ""start_character"": 236, ""end_character"": 253}, {""matched_phrase"": ""digital marketing"", ""sentence"": ""Experience evidence: managed social media channels; prepared performance reports; delivered digital marketing campaigns; analysed campaign performance."", ""start_character"": 388, ""end_character"": 405}], ""social media marketing"": [{""matched_phrase"": ""social media marketing"", ""sentence"": ""Skills: copywriting, conversion optimisation, Google Analytics, digital marketing, social media marketing, email marketing."", ""start_character"": 255, ""end_character"": 277}], ""conversion optimisation"": [{""matched_phrase"": ""conversion optimisation"", ""sentence"": ""Skills: copywriting, conversion optimisation, Google Analytics, digital marketing, social media marketing, email marketing."", ""start_character"": 193, ""end_character"": 216}], ""copywriting"": [{""matched_phrase"": ""copywriting"", ""sentence"": ""Skills: copywriting, conversion optimisation, Google Analytics, digital marketing, social media marketing, email marketing."", ""start_character"": 180, ""end_character"": 191}], ""email marketing"": [{""matched_phrase"": ""email marketing"", ""sentence"": ""Skills: copywriting, conversion optimisation, Google Analytics, digital marketing, social media marketing, email marketing."", ""start_character"": 279, ""end_character"": 294}]}"
CAND087,JOB001,Software Engineer,0,6.0,2.0,"[""SEO"", ""content marketing"", ""conversion optimisation"", ""digital marketing"", ""email marketing"", ""social media marketing""]",[],"[""Git"", ""JavaScript"", ""Python"", ""REST APIs"", ""SQL"", ""software testing""]",[],0.0,0.0,0.0,1.0,{}
CAND087,JOB002,Data Analyst,0,6.0,2.0,"[""SEO"", ""content marketing"", ""conversion optimisation"", ""digital marketing"", ""email marketing"", ""social media marketing""]",[],"[""Excel"", ""Python"", ""SQL"", ""data analysis"", ""data visualisation"", ""statistics""]",[],0.0,0.0,0.0,1.0,{}
CAND087,JOB003,Cybersecurity Analyst,0,6.0,2.0,"[""SEO"", ""content marketing"", ""conversion optimisation"", ""digital marketing"", ""email marketing"", ""social media marketing""]",[],"[""SIEM"", ""incident response"", ""network security"", ""risk assessment"", ""security monitoring"", ""vulnerability assessment""]",[],0.0,0.0,0.0,1.0,{}
CAND087,JOB004,IT Project Manager,0,6.0,3.0,"[""SEO"", ""content marketing"", ""conversion optimisation"", ""digital marketing"", ""email marketing"", ""social media marketing""]",[],"[""Agile"", ""budget management"", ""communication"", ""project management"", ""risk management"", ""stakeholder management""]",[],0.0,0.0,0.0,1.0,{}
CAND087,JOB005,Digital Marketing Specialist,3,6.0,2.0,"[""SEO"", ""content marketing"", ""conversion optimisation"", ""digital marketing"", ""email marketing"", ""social media marketing""]","[""SEO"", ""content marketing"", ""digital marketing"", ""social media marketing""]","[""Google Analytics"", ""campaign management""]","[""conversion optimisation"", ""email marketing""]",0.6666666666666666,0.4,0.6133333333333333,1.0,"{""SEO"": [{""matched_phrase"": ""SEO"", ""sentence"": ""Skills: social media marketing, conversion optimisation, digital marketing, SEO, content marketing, email marketing."", ""start_character"": 249, ""end_character"": 252}], ""content marketing"": [{""matched_phrase"": ""content marketing"", ""sentence"": ""Skills: social media marketing, conversion optimisation, digital marketing, SEO, content marketing, email marketing."", ""start_character"": 254, ""end_character"": 271}, {""matched_phrase"": ""marketing content"", ""sentence"": ""Experience evidence: analysed campaign performance; managed social media channels; optimised website content for search engines; prepared performance reports; created marketing content."", ""start_character"": 457, ""end_character"": 474}], ""digital marketing"": [{""matched_phrase"": ""Digital Marketing"", ""sentence"": ""Professional profile: Digital Marketing Specialist."", ""start_character"": 53, ""end_character"": 70}, {""matched_phrase"": ""digital marketing"", ""sentence"": ""Skills: social media marketing, conversion optimisation, digital marketing, SEO, content marketing, email marketing."", ""start_character"": 230, ""end_character"": 247}], ""social media marketing"": [{""matched_phrase"": ""social media marketing"", ""sentence"": ""Skills: social media marketing, conversion optimisation, digital marketing, SEO, content marketing, email marketing."", ""start_character"": 181, ""end_character"": 203}], ""conversion optimisation"": [{""matched_phrase"": ""conversion optimisation"", ""sentence"": ""Skills: social media marketing, conversion optimisation, digital marketing, SEO, content marketing, email marketing."", ""start_character"": 205, ""end_character"": 228}], ""email marketing"": [{""matched_phrase"": ""email marketing"", ""sentence"": ""Skills: social media marketing, conversion optimisation, digital marketing, SEO, content marketing, email marketing."", ""start_character"": 273, ""end_character"": 288}]}"
CAND088,JOB001,Software Engineer,1,1.0,2.0,"[""SEO"", ""content marketing"", ""conversion optimisation"", ""copywriting"", ""digital marketing"", ""social media marketing""]",[],"[""Git"", ""JavaScript"", ""Python"", ""REST APIs"", ""SQL"", ""software testing""]",[],0.0,0.0,0.0,0.5,{}
CAND088,JOB002,Data Analyst,1,1.0,2.0,"[""SEO"", ""content marketing"", ""conversion optimisation"", ""copywriting"", ""digital marketing"", ""social media marketing""]",[],"[""Excel"", ""Python"", ""SQL"", ""data analysis"", ""data visualisation"", ""statistics""]",[],0.0,0.0,0.0,0.5,{}
CAND088,JOB003,Cybersecurity Analyst,0,1.0,2.0,"[""SEO"", ""content marketing"", ""conversion optimisation"", ""copywriting"", ""digital marketing"", ""social media marketing""]",[],"[""SIEM"", ""incident response"", ""network security"", ""risk assessment"", ""security monitoring"", ""vulnerability assessment""]",[],0.0,0.0,0.0,0.5,{}
CAND088,JOB004,IT Project Manager,0,1.0,3.0,"[""SEO"", ""content marketing"", ""conversion optimisation"", ""copywriting"", ""digital marketing"", ""social media marketing""]",[],"[""Agile"", ""budget management"", ""communication"", ""project management"", ""risk management"", ""stakeholder management""]",[],0.0,0.0,0.0,0.3333333333333333,{}
CAND088,JOB005,Digital Marketing Specialist,2,1.0,2.0,"[""SEO"", ""content marketing"", ""conversion optimisation"", ""copywriting"", ""digital marketing"", ""social media marketing""]","[""SEO"", ""content marketing"", ""digital marketing"", ""social media marketing""]","[""Google Analytics"", ""campaign management""]","[""conversion optimisation"", ""copywriting""]",0.6666666666666666,0.4,0.6133333333333333,0.5,"{""SEO"": [{""matched_phrase"": ""SEO"", ""sentence"": ""Professional profile: SEO Specialist."", ""start_character"": 53, ""end_character"": 56}, {""matched_phrase"": ""SEO"", ""sentence"": ""Skills: social media marketing, keyword research, copywriting, digital marketing, SEO, conversion optimisation."", ""start_character"": 231, ""end_character"": 234}], ""content marketing"": [{""matched_phrase"": ""marketing content"", ""sentence"": ""Experience evidence: prepared performance reports; analysed campaign performance; created marketing content; managed social media channels; optimised website content for search engines."", ""start_character"": 351, ""end_character"": 368}], ""digital marketing"": [{""matched_phrase"": ""digital marketing"", ""sentence"": ""Skills: social media marketing, keyword research, copywriting, digital marketing, SEO, conversion optimisation."", ""start_character"": 212, ""end_character"": 229}], ""social media marketing"": [{""matched_phrase"": ""social media marketing"", ""sentence"": ""Skills: social media marketing, keyword research, copywriting, digital marketing, SEO, conversion optimisation."", ""start_character"": 157, ""end_character"": 179}], ""conversion optimisation"": [{""matched_phrase"": ""conversion optimisation"", ""sentence"": ""Skills: social media marketing, keyword research, copywriting, digital marketing, SEO, conversion optimisation."", ""start_character"": 236, ""end_character"": 259}], ""copywriting"": [{""matched_phrase"": ""copywriting"", ""sentence"": ""Skills: social media marketing, keyword research, copywriting, digital marketing, SEO, conversion optimisation."", ""start_character"": 199, ""end_character"": 210}]}"
CAND089,JOB001,Software Engineer,1,3.0,2.0,"[""Canva"", ""Google Ads"", ""Google Analytics"", ""SEO"", ""campaign management"", ""digital marketing"", ""email marketing""]",[],"[""Git"", ""JavaScript"", ""Python"", ""REST APIs"", ""SQL"", ""software testing""]",[],0.0,0.0,0.0,1.0,{}
CAND089,JOB002,Data Analyst,1,3.0,2.0,"[""Canva"", ""Google Ads"", ""Google Analytics"", ""SEO"", ""campaign management"", ""digital marketing"", ""email marketing""]",[],"[""Excel"", ""Python"", ""SQL"", ""data analysis"", ""data visualisation"", ""statistics""]",[],0.0,0.0,0.0,1.0,{}
CAND089,JOB003,Cybersecurity Analyst,1,3.0,2.0,"[""Canva"", ""Google Ads"", ""Google Analytics"", ""SEO"", ""campaign management"", ""digital marketing"", ""email marketing""]",[],"[""SIEM"", ""incident response"", ""network security"", ""risk assessment"", ""security monitoring"", ""vulnerability assessment""]",[],0.0,0.0,0.0,1.0,{}
CAND089,JOB004,IT Project Manager,1,3.0,3.0,"[""Canva"", ""Google Ads"", ""Google Analytics"", ""SEO"", ""campaign management"", ""digital marketing"", ""email marketing""]",[],"[""Agile"", ""budget management"", ""communication"", ""project management"", ""risk management"", ""stakeholder management""]",[],0.0,0.0,0.0,1.0,{}
CAND089,JOB005,Digital Marketing Specialist,2,3.0,2.0,"[""Canva"", ""Google Ads"", ""Google Analytics"", ""SEO"", ""campaign management"", ""digital marketing"", ""email marketing""]","[""Google Analytics"", ""SEO"", ""campaign management"", ""digital marketing""]","[""content marketing"", ""social media marketing""]","[""Canva"", ""Google Ads"", ""email marketing""]",0.6666666666666666,0.6,0.6533333333333333,1.0,"{""Google Analytics"": [{""matched_phrase"": ""Google Analytics"", ""sentence"": ""Skills: campaign management, Google Ads, SEO, Google Analytics, email marketing, Canva."", ""start_character"": 197, ""end_character"": 213}], ""SEO"": [{""matched_phrase"": ""SEO"", ""sentence"": ""Skills: campaign management, Google Ads, SEO, Google Analytics, email marketing, Canva."", ""start_character"": 192, ""end_character"": 195}], ""campaign management"": [{""matched_phrase"": ""campaign management"", ""sentence"": ""Skills: campaign management, Google Ads, SEO, Google Analytics, email marketing, Canva."", ""start_character"": 159, ""end_character"": 178}, {""matched_phrase"": ""marketing campaigns"", ""sentence"": ""Experience evidence: delivered digital marketing campaigns; optimised website content for search engines; analysed campaign performance; managed social media channels."", ""start_character"": 278, ""end_character"": 297}], ""digital marketing"": [{""matched_phrase"": ""digital marketing"", ""sentence"": ""Experience evidence: delivered digital marketing campaigns; optimised website content for search engines; analysed campaign performance; managed social media channels."", ""start_character"": 270, ""end_character"": 287}], ""Canva"": [{""matched_phrase"": ""Canva"", ""sentence"": ""Skills: campaign management, Google Ads, SEO, Google Analytics, email marketing, Canva."", ""start_character"": 232, ""end_character"": 237}], ""Google Ads"": [{""matched_phrase"": ""Google Ads"", ""sentence"": ""Skills: campaign management, Google Ads, SEO, Google Analytics, email marketing, Canva."", ""start_character"": 180, ""end_character"": 190}], ""email marketing"": [{""matched_phrase"": ""email marketing"", ""sentence"": ""Skills: campaign management, Google Ads, SEO, Google Analytics, email marketing, Canva."", ""start_character"": 215, ""end_character"": 230}]}"
CAND090,JOB001,Software Engineer,1,3.0,2.0,"[""Google Ads"", ""Google Analytics"", ""campaign management"", ""content marketing"", ""copywriting"", ""digital marketing"", ""social media marketing""]",[],"[""Git"", ""JavaScript"", ""Python"", ""REST APIs"", ""SQL"", ""software testing""]",[],0.0,0.0,0.0,1.0,{}
CAND090,JOB002,Data Analyst,1,3.0,2.0,"[""Google Ads"", ""Google Analytics"", ""campaign management"", ""content marketing"", ""copywriting"", ""digital marketing"", ""social media marketing""]",[],"[""Excel"", ""Python"", ""SQL"", ""data analysis"", ""data visualisation"", ""statistics""]",[],0.0,0.0,0.0,1.0,{}
CAND090,JOB003,Cybersecurity Analyst,1,3.0,2.0,"[""Google Ads"", ""Google Analytics"", ""campaign management"", ""content marketing"", ""copywriting"", ""digital marketing"", ""social media marketing""]",[],"[""SIEM"", ""incident response"", ""network security"", ""risk assessment"", ""security monitoring"", ""vulnerability assessment""]",[],0.0,0.0,0.0,1.0,{}
CAND090,JOB004,IT Project Manager,1,3.0,3.0,"[""Google Ads"", ""Google Analytics"", ""campaign management"", ""content marketing"", ""copywriting"", ""digital marketing"", ""social media marketing""]",[],"[""Agile"", ""budget management"", ""communication"", ""project management"", ""risk management"", ""stakeholder management""]",[],0.0,0.0,0.0,1.0,{}
CAND090,JOB005,Digital Marketing Specialist,3,3.0,2.0,"[""Google Ads"", ""Google Analytics"", ""campaign management"", ""content marketing"", ""copywriting"", ""digital marketing"", ""social media marketing""]","[""Google Analytics"", ""campaign management"", ""content marketing"", ""digital marketing"", ""social media marketing""]","[""SEO""]","[""Google Ads"", ""copywriting""]",0.8333333333333334,0.4,0.7466666666666668,1.0,"{""Google Analytics"": [{""matched_phrase"": ""Google Analytics"", ""sentence"": ""Skills: content marketing, social media marketing, Google Analytics, copywriting, campaign management, digital marketing, Google Ads, keyword research."", ""start_character"": 211, ""end_character"": 227}], ""campaign management"": [{""matched_phrase"": ""campaign management"", ""sentence"": ""Skills: content marketing, social media marketing, Google Analytics, copywriting, campaign management, digital marketing, Google Ads, keyword research."", ""start_character"": 242, ""end_character"": 261}, {""matched_phrase"": ""marketing campaigns"", ""sentence"": ""Experience evidence: optimised website content for search engines; prepared performance reports; analysed campaign performance; managed social media channels; delivered digital marketing campaigns."", ""start_character"": 489, ""end_character"": 508}], ""content marketing"": [{""matched_phrase"": ""content marketing"", ""sentence"": ""Skills: content marketing, social media marketing, Google Analytics, copywriting, campaign management, digital marketing, Google Ads, keyword research."", ""start_character"": 168, ""end_character"": 185}], ""digital marketing"": [{""matched_phrase"": ""Digital Marketing"", ""sentence"": ""Professional profile: Digital Marketing Specialist."", ""start_character"": 53, ""end_character"": 70}, {""matched_phrase"": ""digital marketing"", ""sentence"": ""Skills: content marketing, social media marketing, Google Analytics, copywriting, campaign management, digital marketing, Google Ads, keyword research."", ""start_character"": 263, ""end_character"": 280}, {""matched_phrase"": ""digital marketing"", ""sentence"": ""Experience evidence: optimised website content for search engines; prepared performance reports; analysed campaign performance; managed social media channels; delivered digital marketing campaigns."", ""start_character"": 481, ""end_character"": 498}], ""social media marketing"": [{""matched_phrase"": ""social media marketing"", ""sentence"": ""Skills: content marketing, social media marketing, Google Analytics, copywriting, campaign management, digital marketing, Google Ads, keyword research."", ""start_character"": 187, ""end_character"": 209}], ""Google Ads"": [{""matched_phrase"": ""Google Ads"", ""sentence"": ""Skills: content marketing, social media marketing, Google Analytics, copywriting, campaign management, digital marketing, Google Ads, keyword research."", ""start_character"": 282, ""end_character"": 292}], ""copywriting"": [{""matched_phrase"": ""copywriting"", ""sentence"": ""Skills: content marketing, social media marketing, Google Analytics, copywriting, campaign management, digital marketing, Google Ads, keyword research."", ""start_character"": 229, ""end_character"": 240}]}"
CAND091,JOB001,Software Engineer,1,6.0,2.0,"[""Google Ads"", ""Google Analytics"", ""SEO"", ""campaign management"", ""content marketing"", ""digital marketing"", ""email marketing""]",[],"[""Git"", ""JavaScript"", ""Python"", ""REST APIs"", ""SQL"", ""software testing""]",[],0.0,0.0,0.0,1.0,{}
CAND091,JOB002,Data Analyst,1,6.0,2.0,"[""Google Ads"", ""Google Analytics"", ""SEO"", ""campaign management"", ""content marketing"", ""digital marketing"", ""email marketing""]",[],"[""Excel"", ""Python"", ""SQL"", ""data analysis"", ""data visualisation"", ""statistics""]",[],0.0,0.0,0.0,1.0,{}
CAND091,JOB003,Cybersecurity Analyst,1,6.0,2.0,"[""Google Ads"", ""Google Analytics"", ""SEO"", ""campaign management"", ""content marketing"", ""digital marketing"", ""email marketing""]",[],"[""SIEM"", ""incident response"", ""network security"", ""risk assessment"", ""security monitoring"", ""vulnerability assessment""]",[],0.0,0.0,0.0,1.0,{}
CAND091,JOB004,IT Project Manager,1,6.0,3.0,"[""Google Ads"", ""Google Analytics"", ""SEO"", ""campaign management"", ""content marketing"", ""digital marketing"", ""email marketing""]",[],"[""Agile"", ""budget management"", ""communication"", ""project management"", ""risk management"", ""stakeholder management""]",[],0.0,0.0,0.0,1.0,{}
CAND091,JOB005,Digital Marketing Specialist,3,6.0,2.0,"[""Google Ads"", ""Google Analytics"", ""SEO"", ""campaign management"", ""content marketing"", ""digital marketing"", ""email marketing""]","[""Google Analytics"", ""SEO"", ""campaign management"", ""content marketing"", ""digital marketing""]","[""social media marketing""]","[""Google Ads"", ""email marketing""]",0.8333333333333334,0.4,0.7466666666666668,1.0,"{""Google Analytics"": [{""matched_phrase"": ""Google Analytics"", ""sentence"": ""Skills: Google Ads, digital marketing, email marketing, SEO, campaign management, Google Analytics."", ""start_character"": 228, ""end_character"": 244}], ""SEO"": [{""matched_phrase"": ""SEO"", ""sentence"": ""Professional profile: SEO Specialist."", ""start_character"": 53, ""end_character"": 56}, {""matched_phrase"": ""SEO"", ""sentence"": ""Skills: Google Ads, digital marketing, email marketing, SEO, campaign management, Google Analytics."", ""start_character"": 202, ""end_character"": 205}], ""campaign management"": [{""matched_phrase"": ""campaign management"", ""sentence"": ""Skills: Google Ads, digital marketing, email marketing, SEO, campaign management, Google Analytics."", ""start_character"": 207, ""end_character"": 226}, {""matched_phrase"": ""marketing campaigns"", ""sentence"": ""Experience evidence: created marketing content; analysed campaign performance; prepared performance reports; optimised website content for search engines; delivered digital marketing campaigns."", ""start_character"": 419, ""end_character"": 438}], ""content marketing"": [{""matched_phrase"": ""marketing content"", ""sentence"": ""Experience evidence: created marketing content; analysed campaign performance; prepared performance reports; optimised website content for search engines; delivered digital marketing campaigns."", ""start_character"": 275, ""end_character"": 292}], ""digital marketing"": [{""matched_phrase"": ""digital marketing"", ""sentence"": ""Skills: Google Ads, digital marketing, email marketing, SEO, campaign management, Google Analytics."", ""start_character"": 166, ""end_character"": 183}, {""matched_phrase"": ""digital marketing"", ""sentence"": ""Experience evidence: created marketing content; analysed campaign performance; prepared performance reports; optimised website content for search engines; delivered digital marketing campaigns."", ""start_character"": 411, ""end_character"": 428}], ""Google Ads"": [{""matched_phrase"": ""Google Ads"", ""sentence"": ""Skills: Google Ads, digital marketing, email marketing, SEO, campaign management, Google Analytics."", ""start_character"": 154, ""end_character"": 164}], ""email marketing"": [{""matched_phrase"": ""email marketing"", ""sentence"": ""Skills: Google Ads, digital marketing, email marketing, SEO, campaign management, Google Analytics."", ""start_character"": 185, ""end_character"": 200}]}"
CAND092,JOB001,Software Engineer,1,5.0,2.0,"[""Google Ads"", ""SEO"", ""campaign management"", ""content marketing"", ""conversion optimisation"", ""copywriting"", ""digital marketing"", ""email marketing""]",[],"[""Git"", ""JavaScript"", ""Python"", ""REST APIs"", ""SQL"", ""software testing""]",[],0.0,0.0,0.0,1.0,{}
CAND092,JOB002,Data Analyst,0,5.0,2.0,"[""Google Ads"", ""SEO"", ""campaign management"", ""content marketing"", ""conversion optimisation"", ""copywriting"", ""digital marketing"", ""email marketing""]",[],"[""Excel"", ""Python"", ""SQL"", ""data analysis"", ""data visualisation"", ""statistics""]",[],0.0,0.0,0.0,1.0,{}
CAND092,JOB003,Cybersecurity Analyst,1,5.0,2.0,"[""Google Ads"", ""SEO"", ""campaign management"", ""content marketing"", ""conversion optimisation"", ""copywriting"", ""digital marketing"", ""email marketing""]",[],"[""SIEM"", ""incident response"", ""network security"", ""risk assessment"", ""security monitoring"", ""vulnerability assessment""]",[],0.0,0.0,0.0,1.0,{}
CAND092,JOB004,IT Project Manager,1,5.0,3.0,"[""Google Ads"", ""SEO"", ""campaign management"", ""content marketing"", ""conversion optimisation"", ""copywriting"", ""digital marketing"", ""email marketing""]",[],"[""Agile"", ""budget management"", ""communication"", ""project management"", ""risk management"", ""stakeholder management""]",[],0.0,0.0,0.0,1.0,{}
CAND092,JOB005,Digital Marketing Specialist,2,5.0,2.0,"[""Google Ads"", ""SEO"", ""campaign management"", ""content marketing"", ""conversion optimisation"", ""copywriting"", ""digital marketing"", ""email marketing""]","[""SEO"", ""campaign management"", ""content marketing"", ""digital marketing""]","[""Google Analytics"", ""social media marketing""]","[""Google Ads"", ""conversion optimisation"", ""copywriting"", ""email marketing""]",0.6666666666666666,0.8,0.6933333333333334,1.0,"{""SEO"": [{""matched_phrase"": ""SEO"", ""sentence"": ""Skills: copywriting, email marketing, campaign management, SEO, Google Ads, conversion optimisation, digital marketing."", ""start_character"": 221, ""end_character"": 224}], ""campaign management"": [{""matched_phrase"": ""campaign management"", ""sentence"": ""Skills: copywriting, email marketing, campaign management, SEO, Google Ads, conversion optimisation, digital marketing."", ""start_character"": 200, ""end_character"": 219}], ""content marketing"": [{""matched_phrase"": ""marketing content"", ""sentence"": ""Experience evidence: analysed campaign performance; created marketing content; prepared performance reports."", ""start_character"": 342, ""end_character"": 359}], ""digital marketing"": [{""matched_phrase"": ""digital marketing"", ""sentence"": ""Skills: copywriting, email marketing, campaign management, SEO, Google Ads, conversion optimisation, digital marketing."", ""start_character"": 263, ""end_character"": 280}], ""Google Ads"": [{""matched_phrase"": ""Google Ads"", ""sentence"": ""Skills: copywriting, email marketing, campaign management, SEO, Google Ads, conversion optimisation, digital marketing."", ""start_character"": 226, ""end_character"": 236}], ""conversion optimisation"": [{""matched_phrase"": ""conversion optimisation"", ""sentence"": ""Skills: copywriting, email marketing, campaign management, SEO, Google Ads, conversion optimisation, digital marketing."", ""start_character"": 238, ""end_character"": 261}], ""copywriting"": [{""matched_phrase"": ""copywriting"", ""sentence"": ""Skills: copywriting, email marketing, campaign management, SEO, Google Ads, conversion optimisation, digital marketing."", ""start_character"": 170, ""end_character"": 181}], ""email marketing"": [{""matched_phrase"": ""email marketing"", ""sentence"": ""Skills: copywriting, email marketing, campaign management, SEO, Google Ads, conversion optimisation, digital marketing."", ""start_character"": 183, ""end_character"": 198}]}"
CAND093,JOB001,Software Engineer,1,4.0,2.0,"[""Canva"", ""SEO"", ""campaign management"", ""content marketing"", ""digital marketing"", ""social media marketing""]",[],"[""Git"", ""JavaScript"", ""Python"", ""REST APIs"", ""SQL"", ""software testing""]",[],0.0,0.0,0.0,1.0,{}
CAND093,JOB002,Data Analyst,1,4.0,2.0,"[""Canva"", ""SEO"", ""campaign management"", ""content marketing"", ""digital marketing"", ""social media marketing""]",[],"[""Excel"", ""Python"", ""SQL"", ""data analysis"", ""data visualisation"", ""statistics""]",[],0.0,0.0,0.0,1.0,{}
CAND093,JOB003,Cybersecurity Analyst,1,4.0,2.0,"[""Canva"", ""SEO"", ""campaign management"", ""content marketing"", ""digital marketing"", ""social media marketing""]",[],"[""SIEM"", ""incident response"", ""network security"", ""risk assessment"", ""security monitoring"", ""vulnerability assessment""]",[],0.0,0.0,0.0,1.0,{}
CAND093,JOB004,IT Project Manager,1,4.0,3.0,"[""Canva"", ""SEO"", ""campaign management"", ""content marketing"", ""digital marketing"", ""social media marketing""]",[],"[""Agile"", ""budget management"", ""communication"", ""project management"", ""risk management"", ""stakeholder management""]",[],0.0,0.0,0.0,1.0,{}
CAND093,JOB005,Digital Marketing Specialist,3,4.0,2.0,"[""Canva"", ""SEO"", ""campaign management"", ""content marketing"", ""digital marketing"", ""social media marketing""]","[""SEO"", ""campaign management"", ""content marketing"", ""digital marketing"", ""social media marketing""]","[""Google Analytics""]","[""Canva""]",0.8333333333333334,0.2,0.7066666666666668,1.0,"{""SEO"": [{""matched_phrase"": ""SEO"", ""sentence"": ""Skills: content marketing, campaign management, social media marketing, SEO, Canva."", ""start_character"": 231, ""end_character"": 234}], ""campaign management"": [{""matched_phrase"": ""campaign management"", ""sentence"": ""Skills: content marketing, campaign management, social media marketing, SEO, Canva."", ""start_character"": 186, ""end_character"": 205}], ""content marketing"": [{""matched_phrase"": ""content marketing"", ""sentence"": ""Skills: content marketing, campaign management, social media marketing, SEO, Canva."", ""start_character"": 167, ""end_character"": 184}], ""digital marketing"": [{""matched_phrase"": ""Digital Marketing"", ""sentence"": ""Professional profile: Digital Marketing Executive."", ""start_character"": 53, ""end_character"": 70}], ""social media marketing"": [{""matched_phrase"": ""social media marketing"", ""sentence"": ""Skills: content marketing, campaign management, social media marketing, SEO, Canva."", ""start_character"": 207, ""end_character"": 229}], ""Canva"": [{""matched_phrase"": ""Canva"", ""sentence"": ""Skills: content marketing, campaign management, social media marketing, SEO, Canva."", ""start_character"": 236, ""end_character"": 241}]}"
CAND094,JOB001,Software Engineer,0,2.0,2.0,"[""SEO"", ""content marketing"", ""conversion optimisation"", ""copywriting"", ""social media marketing""]",[],"[""Git"", ""JavaScript"", ""Python"", ""REST APIs"", ""SQL"", ""software testing""]",[],0.0,0.0,0.0,1.0,{}
CAND094,JOB002,Data Analyst,0,2.0,2.0,"[""SEO"", ""content marketing"", ""conversion optimisation"", ""copywriting"", ""social media marketing""]",[],"[""Excel"", ""Python"", ""SQL"", ""data analysis"", ""data visualisation"", ""statistics""]",[],0.0,0.0,0.0,1.0,{}
CAND094,JOB003,Cybersecurity Analyst,0,2.0,2.0,"[""SEO"", ""content marketing"", ""conversion optimisation"", ""copywriting"", ""social media marketing""]",[],"[""SIEM"", ""incident response"", ""network security"", ""risk assessment"", ""security monitoring"", ""vulnerability assessment""]",[],0.0,0.0,0.0,1.0,{}
CAND094,JOB004,IT Project Manager,0,2.0,3.0,"[""SEO"", ""content marketing"", ""conversion optimisation"", ""copywriting"", ""social media marketing""]",[],"[""Agile"", ""budget management"", ""communication"", ""project management"", ""risk management"", ""stakeholder management""]",[],0.0,0.0,0.0,0.6666666666666666,{}
CAND094,JOB005,Digital Marketing Specialist,2,2.0,2.0,"[""SEO"", ""content marketing"", ""conversion optimisation"", ""copywriting"", ""social media marketing""]","[""SEO"", ""content marketing"", ""social media marketing""]","[""Google Analytics"", ""campaign management"", ""digital marketing""]","[""conversion optimisation"", ""copywriting""]",0.5,0.4,0.48000000000000004,1.0,"{""SEO"": [{""matched_phrase"": ""SEO"", ""sentence"": ""Professional profile: SEO Specialist."", ""start_character"": 53, ""end_character"": 56}, {""matched_phrase"": ""SEO"", ""sentence"": ""Skills: content marketing, social media marketing, copywriting, conversion optimisation, SEO."", ""start_character"": 248, ""end_character"": 251}], ""content marketing"": [{""matched_phrase"": ""content marketing"", ""sentence"": ""Skills: content marketing, social media marketing, copywriting, conversion optimisation, SEO."", ""start_character"": 167, ""end_character"": 184}, {""matched_phrase"": ""marketing content"", ""sentence"": ""Experience evidence: prepared performance reports; analysed campaign performance; created marketing content."", ""start_character"": 343, ""end_character"": 360}], ""social media marketing"": [{""matched_phrase"": ""social media marketing"", ""sentence"": ""Skills: content marketing, social media marketing, copywriting, conversion optimisation, SEO."", ""start_character"": 186, ""end_character"": 208}], ""conversion optimisation"": [{""matched_phrase"": ""conversion optimisation"", ""sentence"": ""Skills: content marketing, social media marketing, copywriting, conversion optimisation, SEO."", ""start_character"": 223, ""end_character"": 246}], ""copywriting"": [{""matched_phrase"": ""copywriting"", ""sentence"": ""Skills: content marketing, social media marketing, copywriting, conversion optimisation, SEO."", ""start_character"": 210, ""end_character"": 221}]}"
CAND095,JOB001,Software Engineer,1,5.0,2.0,"[""Canva"", ""SEO"", ""campaign management"", ""content marketing"", ""conversion optimisation"", ""digital marketing"", ""email marketing"", ""social media marketing""]",[],"[""Git"", ""JavaScript"", ""Python"", ""REST APIs"", ""SQL"", ""software testing""]",[],0.0,0.0,0.0,1.0,{}
CAND095,JOB002,Data Analyst,1,5.0,2.0,"[""Canva"", ""SEO"", ""campaign management"", ""content marketing"", ""conversion optimisation"", ""digital marketing"", ""email marketing"", ""social media marketing""]",[],"[""Excel"", ""Python"", ""SQL"", ""data analysis"", ""data visualisation"", ""statistics""]",[],0.0,0.0,0.0,1.0,{}
CAND095,JOB003,Cybersecurity Analyst,0,5.0,2.0,"[""Canva"", ""SEO"", ""campaign management"", ""content marketing"", ""conversion optimisation"", ""digital marketing"", ""email marketing"", ""social media marketing""]",[],"[""SIEM"", ""incident response"", ""network security"", ""risk assessment"", ""security monitoring"", ""vulnerability assessment""]",[],0.0,0.0,0.0,1.0,{}
CAND095,JOB004,IT Project Manager,0,5.0,3.0,"[""Canva"", ""SEO"", ""campaign management"", ""content marketing"", ""conversion optimisation"", ""digital marketing"", ""email marketing"", ""social media marketing""]",[],"[""Agile"", ""budget management"", ""communication"", ""project management"", ""risk management"", ""stakeholder management""]",[],0.0,0.0,0.0,1.0,{}
CAND095,JOB005,Digital Marketing Specialist,2,5.0,2.0,"[""Canva"", ""SEO"", ""campaign management"", ""content marketing"", ""conversion optimisation"", ""digital marketing"", ""email marketing"", ""social media marketing""]","[""SEO"", ""campaign management"", ""content marketing"", ""digital marketing"", ""social media marketing""]","[""Google Analytics""]","[""Canva"", ""conversion optimisation"", ""email marketing""]",0.8333333333333334,0.6,0.7866666666666667,1.0,"{""SEO"": [{""matched_phrase"": ""SEO"", ""sentence"": ""Skills: social media marketing, email marketing, SEO, conversion optimisation, Canva."", ""start_character"": 203, ""end_character"": 206}], ""campaign management"": [{""matched_phrase"": ""marketing campaigns"", ""sentence"": ""Experience evidence: managed social media channels; created marketing content; delivered digital marketing campaigns; optimised website content for search engines."", ""start_character"": 337, ""end_character"": 356}], ""content marketing"": [{""matched_phrase"": ""marketing content"", ""sentence"": ""Experience evidence: managed social media channels; created marketing content; delivered digital marketing campaigns; optimised website content for search engines."", ""start_character"": 300, ""end_character"": 317}], ""digital marketing"": [{""matched_phrase"": ""digital marketing"", ""sentence"": ""Experience evidence: managed social media channels; created marketing content; delivered digital marketing campaigns; optimised website content for search engines."", ""start_character"": 329, ""end_character"": 346}], ""social media marketing"": [{""matched_phrase"": ""social media marketing"", ""sentence"": ""Skills: social media marketing, email marketing, SEO, conversion optimisation, Canva."", ""start_character"": 162, ""end_character"": 184}], ""Canva"": [{""matched_phrase"": ""Canva"", ""sentence"": ""Skills: social media marketing, email marketing, SEO, conversion optimisation, Canva."", ""start_character"": 233, ""end_character"": 238}], ""conversion optimisation"": [{""matched_phrase"": ""conversion optimisation"", ""sentence"": ""Skills: social media marketing, email marketing, SEO, conversion optimisation, Canva."", ""start_character"": 208, ""end_character"": 231}], ""email marketing"": [{""matched_phrase"": ""email marketing"", ""sentence"": ""Skills: social media marketing, email marketing, SEO, conversion optimisation, Canva."", ""start_character"": 186, ""end_character"": 201}]}"
CAND096,JOB001,Software Engineer,1,7.0,2.0,"[""Google Analytics"", ""SEO"", ""campaign management"", ""content marketing"", ""copywriting"", ""digital marketing""]",[],"[""Git"", ""JavaScript"", ""Python"", ""REST APIs"", ""SQL"", ""software testing""]",[],0.0,0.0,0.0,1.0,{}
CAND096,JOB002,Data Analyst,0,7.0,2.0,"[""Google Analytics"", ""SEO"", ""campaign management"", ""content marketing"", ""copywriting"", ""digital marketing""]",[],"[""Excel"", ""Python"", ""SQL"", ""data analysis"", ""data visualisation"", ""statistics""]",[],0.0,0.0,0.0,1.0,{}
CAND096,JOB003,Cybersecurity Analyst,1,7.0,2.0,"[""Google Analytics"", ""SEO"", ""campaign management"", ""content marketing"", ""copywriting"", ""digital marketing""]",[],"[""SIEM"", ""incident response"", ""network security"", ""risk assessment"", ""security monitoring"", ""vulnerability assessment""]",[],0.0,0.0,0.0,1.0,{}
CAND096,JOB004,IT Project Manager,1,7.0,3.0,"[""Google Analytics"", ""SEO"", ""campaign management"", ""content marketing"", ""copywriting"", ""digital marketing""]",[],"[""Agile"", ""budget management"", ""communication"", ""project management"", ""risk management"", ""stakeholder management""]",[],0.0,0.0,0.0,1.0,{}
CAND096,JOB005,Digital Marketing Specialist,3,7.0,2.0,"[""Google Analytics"", ""SEO"", ""campaign management"", ""content marketing"", ""copywriting"", ""digital marketing""]","[""Google Analytics"", ""SEO"", ""campaign management"", ""content marketing"", ""digital marketing""]","[""social media marketing""]","[""copywriting""]",0.8333333333333334,0.2,0.7066666666666668,1.0,"{""Google Analytics"": [{""matched_phrase"": ""Google Analytics"", ""sentence"": ""Skills: digital marketing, keyword research, campaign management, Google Analytics, SEO, copywriting."", ""start_character"": 223, ""end_character"": 239}], ""SEO"": [{""matched_phrase"": ""SEO"", ""sentence"": ""Professional profile: SEO Specialist."", ""start_character"": 53, ""end_character"": 56}, {""matched_phrase"": ""SEO"", ""sentence"": ""Skills: digital marketing, keyword research, campaign management, Google Analytics, SEO, copywriting."", ""start_character"": 241, ""end_character"": 244}], ""campaign management"": [{""matched_phrase"": ""campaign management"", ""sentence"": ""Skills: digital marketing, keyword research, campaign management, Google Analytics, SEO, copywriting."", ""start_character"": 202, ""end_character"": 221}], ""content marketing"": [{""matched_phrase"": ""marketing content"", ""sentence"": ""Experience evidence: created marketing content; prepared performance reports."", ""start_character"": 288, ""end_character"": 305}], ""digital marketing"": [{""matched_phrase"": ""digital marketing"", ""sentence"": ""Skills: digital marketing, keyword research, campaign management, Google Analytics, SEO, copywriting."", ""start_character"": 165, ""end_character"": 182}], ""copywriting"": [{""matched_phrase"": ""copywriting"", ""sentence"": ""Skills: digital marketing, keyword research, campaign management, Google Analytics, SEO, copywriting."", ""start_character"": 246, ""end_character"": 257}]}"
CAND097,JOB001,Software Engineer,1,8.0,2.0,"[""SEO"", ""campaign management"", ""content marketing"", ""copywriting"", ""digital marketing"", ""email marketing""]",[],"[""Git"", ""JavaScript"", ""Python"", ""REST APIs"", ""SQL"", ""software testing""]",[],0.0,0.0,0.0,1.0,{}
CAND097,JOB002,Data Analyst,1,8.0,2.0,"[""SEO"", ""campaign management"", ""content marketing"", ""copywriting"", ""digital marketing"", ""email marketing""]",[],"[""Excel"", ""Python"", ""SQL"", ""data analysis"", ""data visualisation"", ""statistics""]",[],0.0,0.0,0.0,1.0,{}
CAND097,JOB003,Cybersecurity Analyst,1,8.0,2.0,"[""SEO"", ""campaign management"", ""content marketing"", ""copywriting"", ""digital marketing"", ""email marketing""]",[],"[""SIEM"", ""incident response"", ""network security"", ""risk assessment"", ""security monitoring"", ""vulnerability assessment""]",[],0.0,0.0,0.0,1.0,{}
CAND097,JOB004,IT Project Manager,1,8.0,3.0,"[""SEO"", ""campaign management"", ""content marketing"", ""copywriting"", ""digital marketing"", ""email marketing""]",[],"[""Agile"", ""budget management"", ""communication"", ""project management"", ""risk management"", ""stakeholder management""]",[],0.0,0.0,0.0,1.0,{}
CAND097,JOB005,Digital Marketing Specialist,2,8.0,2.0,"[""SEO"", ""campaign management"", ""content marketing"", ""copywriting"", ""digital marketing"", ""email marketing""]","[""SEO"", ""campaign management"", ""content marketing"", ""digital marketing""]","[""Google Analytics"", ""social media marketing""]","[""copywriting"", ""email marketing""]",0.6666666666666666,0.4,0.6133333333333333,1.0,"{""SEO"": [{""matched_phrase"": ""SEO"", ""sentence"": ""Professional profile: SEO Specialist."", ""start_character"": 53, ""end_character"": 56}], ""campaign management"": [{""matched_phrase"": ""marketing campaigns"", ""sentence"": ""Experience evidence: created marketing content; analysed campaign performance; optimised website content for search engines; delivered digital marketing campaigns."", ""start_character"": 346, ""end_character"": 365}], ""content marketing"": [{""matched_phrase"": ""content marketing"", ""sentence"": ""Skills: email marketing, copywriting, content marketing."", ""start_character"": 184, ""end_character"": 201}, {""matched_phrase"": ""marketing content"", ""sentence"": ""Experience evidence: created marketing content; analysed campaign performance; optimised website content for search engines; delivered digital marketing campaigns."", ""start_character"": 232, ""end_character"": 249}], ""digital marketing"": [{""matched_phrase"": ""digital marketing"", ""sentence"": ""Experience evidence: created marketing content; analysed campaign performance; optimised website content for search engines; delivered digital marketing campaigns."", ""start_character"": 338, ""end_character"": 355}], ""copywriting"": [{""matched_phrase"": ""copywriting"", ""sentence"": ""Skills: email marketing, copywriting, content marketing."", ""start_character"": 171, ""end_character"": 182}], ""email marketing"": [{""matched_phrase"": ""email marketing"", ""sentence"": ""Skills: email marketing, copywriting, content marketing."", ""start_character"": 154, ""end_character"": 169}]}"
CAND098,JOB001,Software Engineer,0,5.0,2.0,"[""Canva"", ""SEO"", ""conversion optimisation"", ""social media marketing""]",[],"[""Git"", ""JavaScript"", ""Python"", ""REST APIs"", ""SQL"", ""software testing""]",[],0.0,0.0,0.0,1.0,{}
CAND098,JOB002,Data Analyst,0,5.0,2.0,"[""Canva"", ""SEO"", ""conversion optimisation"", ""social media marketing""]",[],"[""Excel"", ""Python"", ""SQL"", ""data analysis"", ""data visualisation"", ""statistics""]",[],0.0,0.0,0.0,1.0,{}
CAND098,JOB003,Cybersecurity Analyst,0,5.0,2.0,"[""Canva"", ""SEO"", ""conversion optimisation"", ""social media marketing""]",[],"[""SIEM"", ""incident response"", ""network security"", ""risk assessment"", ""security monitoring"", ""vulnerability assessment""]",[],0.0,0.0,0.0,1.0,{}
CAND098,JOB004,IT Project Manager,0,5.0,3.0,"[""Canva"", ""SEO"", ""conversion optimisation"", ""social media marketing""]",[],"[""Agile"", ""budget management"", ""communication"", ""project management"", ""risk management"", ""stakeholder management""]",[],0.0,0.0,0.0,1.0,{}
CAND098,JOB005,Digital Marketing Specialist,2,5.0,2.0,"[""Canva"", ""SEO"", ""conversion optimisation"", ""social media marketing""]","[""SEO"", ""social media marketing""]","[""Google Analytics"", ""campaign management"", ""content marketing"", ""digital marketing""]","[""Canva"", ""conversion optimisation""]",0.3333333333333333,0.4,0.3466666666666667,1.0,"{""SEO"": [{""matched_phrase"": ""SEO"", ""sentence"": ""Professional profile: SEO Specialist."", ""start_character"": 53, ""end_character"": 56}], ""social media marketing"": [{""matched_phrase"": ""social media marketing"", ""sentence"": ""Skills: Canva, conversion optimisation, social media marketing."", ""start_character"": 199, ""end_character"": 221}], ""Canva"": [{""matched_phrase"": ""Canva"", ""sentence"": ""Skills: Canva, conversion optimisation, social media marketing."", ""start_character"": 167, ""end_character"": 172}], ""conversion optimisation"": [{""matched_phrase"": ""conversion optimisation"", ""sentence"": ""Skills: Canva, conversion optimisation, social media marketing."", ""start_character"": 174, ""end_character"": 197}]}"
CAND099,JOB001,Software Engineer,1,8.0,2.0,"[""Google Ads"", ""Google Analytics"", ""campaign management"", ""content marketing"", ""digital marketing""]",[],"[""Git"", ""JavaScript"", ""Python"", ""REST APIs"", ""SQL"", ""software testing""]",[],0.0,0.0,0.0,1.0,{}
CAND099,JOB002,Data Analyst,1,8.0,2.0,"[""Google Ads"", ""Google Analytics"", ""campaign management"", ""content marketing"", ""digital marketing""]",[],"[""Excel"", ""Python"", ""SQL"", ""data analysis"", ""data visualisation"", ""statistics""]",[],0.0,0.0,0.0,1.0,{}
CAND099,JOB003,Cybersecurity Analyst,0,8.0,2.0,"[""Google Ads"", ""Google Analytics"", ""campaign management"", ""content marketing"", ""digital marketing""]",[],"[""SIEM"", ""incident response"", ""network security"", ""risk assessment"", ""security monitoring"", ""vulnerability assessment""]",[],0.0,0.0,0.0,1.0,{}
CAND099,JOB004,IT Project Manager,0,8.0,3.0,"[""Google Ads"", ""Google Analytics"", ""campaign management"", ""content marketing"", ""digital marketing""]",[],"[""Agile"", ""budget management"", ""communication"", ""project management"", ""risk management"", ""stakeholder management""]",[],0.0,0.0,0.0,1.0,{}
CAND099,JOB005,Digital Marketing Specialist,2,8.0,2.0,"[""Google Ads"", ""Google Analytics"", ""campaign management"", ""content marketing"", ""digital marketing""]","[""Google Analytics"", ""campaign management"", ""content marketing"", ""digital marketing""]","[""SEO"", ""social media marketing""]","[""Google Ads""]",0.6666666666666666,0.2,0.5733333333333334,1.0,"{""Google Analytics"": [{""matched_phrase"": ""Google Analytics"", ""sentence"": ""Skills: campaign management, keyword research, Google Analytics, Google Ads."", ""start_character"": 201, ""end_character"": 217}], ""campaign management"": [{""matched_phrase"": ""campaign management"", ""sentence"": ""Skills: campaign management, keyword research, Google Analytics, Google Ads."", ""start_character"": 162, ""end_character"": 181}, {""matched_phrase"": ""marketing campaigns"", ""sentence"": ""Experience evidence: managed social media channels; created marketing content; delivered digital marketing campaigns; prepared performance reports; optimised website content for search engines."", ""start_character"": 328, ""end_character"": 347}], ""content marketing"": [{""matched_phrase"": ""marketing content"", ""sentence"": ""Experience evidence: managed social media channels; created marketing content; delivered digital marketing campaigns; prepared performance reports; optimised website content for search engines."", ""start_character"": 291, ""end_character"": 308}], ""digital marketing"": [{""matched_phrase"": ""digital marketing"", ""sentence"": ""Experience evidence: managed social media channels; created marketing content; delivered digital marketing campaigns; prepared performance reports; optimised website content for search engines."", ""start_character"": 320, ""end_character"": 337}], ""Google Ads"": [{""matched_phrase"": ""Google Ads"", ""sentence"": ""Skills: campaign management, keyword research, Google Analytics, Google Ads."", ""start_character"": 219, ""end_character"": 229}]}"
CAND100,JOB001,Software Engineer,0,1.0,2.0,"[""Google Analytics"", ""campaign management"", ""copywriting"", ""digital marketing"", ""social media marketing""]",[],"[""Git"", ""JavaScript"", ""Python"", ""REST APIs"", ""SQL"", ""software testing""]",[],0.0,0.0,0.0,0.5,{}
CAND100,JOB002,Data Analyst,0,1.0,2.0,"[""Google Analytics"", ""campaign management"", ""copywriting"", ""digital marketing"", ""social media marketing""]",[],"[""Excel"", ""Python"", ""SQL"", ""data analysis"", ""data visualisation"", ""statistics""]",[],0.0,0.0,0.0,0.5,{}
CAND100,JOB003,Cybersecurity Analyst,0,1.0,2.0,"[""Google Analytics"", ""campaign management"", ""copywriting"", ""digital marketing"", ""social media marketing""]",[],"[""SIEM"", ""incident response"", ""network security"", ""risk assessment"", ""security monitoring"", ""vulnerability assessment""]",[],0.0,0.0,0.0,0.5,{}
CAND100,JOB004,IT Project Manager,0,1.0,3.0,"[""Google Analytics"", ""campaign management"", ""copywriting"", ""digital marketing"", ""social media marketing""]",[],"[""Agile"", ""budget management"", ""communication"", ""project management"", ""risk management"", ""stakeholder management""]",[],0.0,0.0,0.0,0.3333333333333333,{}
CAND100,JOB005,Digital Marketing Specialist,2,1.0,2.0,"[""Google Analytics"", ""campaign management"", ""copywriting"", ""digital marketing"", ""social media marketing""]","[""Google Analytics"", ""campaign management"", ""digital marketing"", ""social media marketing""]","[""SEO"", ""content marketing""]","[""copywriting""]",0.6666666666666666,0.2,0.5733333333333334,0.5,"{""Google Analytics"": [{""matched_phrase"": ""Google Analytics"", ""sentence"": ""Skills: Google Analytics, keyword research, copywriting, social media marketing, campaign management, digital marketing."", ""start_character"": 180, ""end_character"": 196}], ""campaign management"": [{""matched_phrase"": ""campaign management"", ""sentence"": ""Skills: Google Analytics, keyword research, copywriting, social media marketing, campaign management, digital marketing."", ""start_character"": 253, ""end_character"": 272}], ""digital marketing"": [{""matched_phrase"": ""Digital Marketing"", ""sentence"": ""Professional profile: Digital Marketing Executive."", ""start_character"": 53, ""end_character"": 70}, {""matched_phrase"": ""digital marketing"", ""sentence"": ""Skills: Google Analytics, keyword research, copywriting, social media marketing, campaign management, digital marketing."", ""start_character"": 274, ""end_character"": 291}], ""social media marketing"": [{""matched_phrase"": ""social media marketing"", ""sentence"": ""Skills: Google Analytics, keyword research, copywriting, social media marketing, campaign management, digital marketing."", ""start_character"": 229, ""end_character"": 251}], ""copywriting"": [{""matched_phrase"": ""copywriting"", ""sentence"": ""Skills: Google Analytics, keyword research, copywriting, social media marketing, campaign management, digital marketing."", ""start_character"": 216, ""end_character"": 227}]}"
